reviewId,content,score,gender,location,date
931571b9-ccd0-4049-bfe5-19d19080e049,"In my experience, i lose track of time scrolling on TikTok. It makes the experience less enjoyable.",1,male,"Riyadh, Saudi Arabia",2017-03-31
d9f8b698-68fb-4013-ab28-95695d5c6cb9,One issue is that it feels very addictive. It gets frustrating after a while.,1,male,"Paris, France",2016-10-19
063b6a2e-6639-4750-a6b6-8b9ed3720354,One issue is that i keep seeing the same trends repeatedly.,1,male,"Monterrey, Mexico",2018-01-12
60de1337-b29b-456f-ab26-3d4aae474682,The main problem is that some videos get views randomly while others don’t. It makes it harder to stay focused.,1,male,"Lima, Peru",2018-10-04
ed0f242d-bb9b-4b4d-b7fa-a097290b16a2,"So far, the comment sections can be very toxic. It becomes overwhelming.",1,male,"Johannesburg, South Africa",2017-11-29
ad71201f-3b9a-4ffb-9a10-d6b9d0190ea1,"For me, i’m concerned about data privacy. It makes it harder to stay focused.",1,male,"Seattle, United States",2018-02-04
15aa7c54-6f2c-495d-a0ee-f22bcdc14ab6,"In my experience, there are too many ads and promotions. It becomes overwhelming.",1,male,"Marseille, France",2016-10-12
1a881d1e-69d5-4092-bfaf-55c331b54e4d,One issue is that it’s hard to focus after using it. It becomes overwhelming.,1,male,"Denver, United States",2018-02-06
edfe2679-86c8-4b1f-bb8f-04b5761a8d83,"So far, there’s too much content to keep up with.",1,female,"Gold Coast, Australia",2019-05-12
41d53a61-724e-41bd-92f7-30a1aa8a10fe,One issue is that content quality varies a lot. It makes it harder to stay focused.,1,male,"Quito, Ecuador",2019-02-09
85cd6f4c-9c35-4979-aa6f-e0808bd1cd75,One issue is that i lose track of time scrolling on TikTok. That part could definitely be improved.,1,male,"Brasília, Brazil",2018-10-09
28d56d41-88d5-4f6d-87aa-82a36164c757,"Honestly, it feels very addictive. It makes the experience less enjoyable.",1,male,"Lyon, France",2017-01-18
7e73cb6a-9fe3-46b0-903b-dacbb3f67207,"I wanted to like it, but i keep seeing the same trends repeatedly. That part could definitely be improved.",1,female,"Canberra, Australia",2019-03-25
8e7334b0-fb1b-43ad-ac37-e2ff2499068d,What bothers me is that some videos get views randomly while others don’t. It gets frustrating after a while.,1,male,"Port Moresby, Papua New Guinea",2019-02-15
4c3c6bbe-6bb9-48ce-b414-d567f2e0e4f4,"Honestly, the comment sections can be very toxic.",1,male,"Singapore, Singapore",2017-03-16
35e646af-b390-4f7f-b7b7-0c02239594e0,What bothers me is that i’m concerned about data privacy. It gets frustrating after a while.,1,male,"Ottawa, Canada",2018-07-02
7b1bfc57-8403-4466-8606-067ce4bdce3c,"Personally, there are too many ads and promotions. It ends up feeling repetitive.",1,male,"Barcelona, Spain",2016-10-20
ea4bc28f-7465-4964-b556-7eae35c41756,"Honestly, it’s hard to focus after using it. It makes the experience less enjoyable.",1,male,"Madrid, Spain",2017-01-26
a1cd67bd-24e1-44c4-b058-d7581b932e65,"Honestly, there’s too much content to keep up with. It makes the experience less enjoyable.",1,male,"Dar es Salaam, Tanzania",2017-08-16
6cf86a3a-f102-4384-aba6-00529c40ae90,"Honestly, content quality varies a lot. It makes it harder to stay focused.",1,male,"Beijing, China",2017-03-09
457e935a-7eae-4b20-993d-8e4f02577fa3,"In my experience, i lose track of time scrolling on TikTok.",1,male,"Asunción, Paraguay",2018-11-08
ab6ba209-c743-4ae0-b129-0ecfbebbbd82,"I wanted to like it, but it feels very addictive. That part could definitely be improved.",1,male,"Córdoba, Argentina",2019-01-07
bdea9b31-fe6f-4d0d-ae7b-e786a1d05e7e,What bothers me is that i keep seeing the same trends repeatedly. It becomes overwhelming.,1,male,"Windhoek, Namibia",2017-09-14
bf107c0b-086c-4dd9-b0b1-1ce8f1af6831,The main problem is that some videos get views randomly while others don’t. It makes the app hard to control.,1,male,"Accra, Ghana",2017-08-19
78e5ba6d-fee2-4526-850d-fde3b13e5b39,One issue is that the comment sections can be very toxic. It makes the app hard to control.,1,male,"Dublin, Ireland",2017-01-21
f338f8c6-0b8f-49d1-857e-2271daaf80dd,"For me, i’m concerned about data privacy.",1,male,"Stockholm, Sweden",2016-12-24
922ee845-c386-491f-8848-d71be8573c25,"So far, there are too many ads and promotions. It gets frustrating after a while.",1,male,"Caracas, Venezuela",2018-09-22
019cf643-3af9-42d7-b61f-cb5b02b3d1c5,"In my experience, it’s hard to focus after using it. It becomes overwhelming.",1,male,"Phoenix, United States",2018-05-30
33ed148b-969e-4049-a65d-9138c49c183c,"For me, there’s too much content to keep up with. It becomes overwhelming.",1,male,"Rome, Italy",2016-11-25
979cbaf1-9a1b-4602-a238-88fc0e14c8c7,"For me, content quality varies a lot. It makes it harder to stay focused.",1,male,"Dallas, United States",2018-01-29
65564a7a-5655-4781-ac1e-806d48d99a6b,"So far, i lose track of time scrolling on TikTok. It makes the app hard to control.",1,male,"Dakar, Senegal",2017-11-11
97557104-0201-4fdd-9d19-8bc72fa6e043,One issue is that it feels very addictive. It becomes overwhelming.,1,male,"Asunción, Paraguay",2019-02-06
f57bfaea-95cf-4911-97b7-5558535e7c38,"In my experience, i keep seeing the same trends repeatedly. It makes the app hard to control.",1,male,"Bogotá, Colombia",2018-09-27
ddb494a7-119c-40a1-b2b2-0da5b7644d09,"So far, some videos get views randomly while others don’t.",1,male,"Ottawa, Canada",2018-06-02
77434af6-d68a-4202-ab17-3628ef9aaafa,"I wanted to like it, but the comment sections can be very toxic. It gets frustrating after a while.",1,male,"Houston, United States",2018-04-12
7d892b9a-9cb6-4995-b01e-46371edaa432,"For me, i’m concerned about data privacy.",1,female,"Christchurch, New Zealand",2019-05-20
5ab10398-67cb-4e0a-add7-c0d84e9a88f1,"I wanted to like it, but there are too many ads and promotions. It makes it harder to stay focused.",1,female,"Canberra, Australia",2019-06-27
0fda73c0-5c6a-484b-93c7-f743b411a528,One issue is that it’s hard to focus after using it. It gets frustrating after a while.,1,male,"Dar es Salaam, Tanzania",2017-09-07
882c42b8-8c7b-49a5-b5cb-92291b1fb5cc,"So far, there’s too much content to keep up with.",1,male,"Taipei, Taiwan",2017-05-31
b23f4519-792d-430e-af43-f112860e9e3b,"I wanted to like it, but content quality varies a lot. It ends up feeling repetitive.",1,male,"Rosario, Argentina",2018-12-16
44a99432-8963-45f2-896b-b38f553baf75,"In my experience, i lose track of time scrolling on TikTok. It makes the experience less enjoyable.",1,male,"Hamburg, Germany",2016-12-03
02d6d035-6b1e-447e-8612-3b5b785af90f,"I wanted to like it, but it feels very addictive. It makes the app hard to control.",1,male,"Pretoria, South Africa",2017-10-04
161c323d-990e-4c5b-9cbc-dc99d7f2a7e6,What bothers me is that i keep seeing the same trends repeatedly. It ends up feeling repetitive.,1,male,"Oslo, Norway",2016-12-09
bdbdfa5e-c499-47d4-b277-bbb839942174,"In my experience, some videos get views randomly while others don’t. It makes the experience less enjoyable.",1,male,"Windhoek, Namibia",2017-08-19
2b8afa7b-01e4-46e0-8b75-ecafe37aed93,I’d say the comment sections can be very toxic. It makes the app hard to control.,1,male,"Rome, Italy",2016-12-10
9c005d74-a50d-442d-9af5-3331c74e729a,"Personally, i’m concerned about data privacy. It ends up feeling repetitive.",1,male,"Busan, South Korea",2017-07-21
6fa65136-22dd-48d7-b2b8-2263df183ff5,One issue is that there are too many ads and promotions. It makes it harder to stay focused.,1,male,"Córdoba, Argentina",2018-12-09
33eeaaa7-10ba-4115-8a87-b6ecddddc1a6,"So far, it’s hard to focus after using it. It makes the app hard to control.",1,female,"Perth, Australia",2019-04-05
6c2c4ebf-0bb1-4614-9e2c-7c62b249c1ab,The main problem is that there’s too much content to keep up with. It ends up feeling repetitive.,1,male,"Caracas, Venezuela",2018-12-12
267f4d10-8e9f-41ac-8fd4-1d9b58b0323d,"Personally, content quality varies a lot. That part could definitely be improved.",1,male,"Montreal, Canada",2018-04-22
b226a0c5-a9e0-4a3f-8dea-a35a8acf67d8,"In my experience, i lose track of time scrolling on TikTok. It makes the experience less enjoyable.",1,male,"Los Angeles, United States",2018-06-16
d82ac48b-aeeb-4d68-b779-11f9facf10fa,One issue is that it feels very addictive. That part could definitely be improved.,1,male,"Alexandria, Egypt",2017-10-01
325d8b22-d453-42b8-bfd6-190460cab902,What bothers me is that i keep seeing the same trends repeatedly. It makes the app hard to control.,1,male,"Jakarta, Indonesia",2017-03-20
3e049cb4-0a36-4a8e-bb99-518419cc4f6b,One issue is that some videos get views randomly while others don’t.,1,male,"Algiers, Algeria",2017-12-16
66ae9296-6d2d-42a6-b1e7-057247e3576a,"In my experience, the comment sections can be very toxic. That part could definitely be improved.",1,male,"Santiago, Chile",2018-10-12
d4c9ea1d-76af-41ab-a962-d069f9d15efa,"Honestly, i’m concerned about data privacy. It ends up feeling repetitive.",1,male,"Dublin, Ireland",2016-12-02
ad10af9a-52dc-4f3f-9211-89ffec822924,"In my experience, there are too many ads and promotions.",1,male,"Barcelona, Spain",2016-10-21
e5dd38d1-4d9f-417e-899d-677caf645d9b,I’d say it’s hard to focus after using it. It makes it harder to stay focused.,1,male,"São Paulo, Brazil",2018-11-20
462e67e9-22a1-4d35-a042-7e32a8847935,"For me, there’s too much content to keep up with. It makes it harder to stay focused.",1,male,"Lagos, Nigeria",2017-07-31
1e9acc72-eb37-4b2e-b9db-2313c4b42992,What bothers me is that content quality varies a lot. It makes it harder to stay focused.,1,male,"Ottawa, Canada",2018-09-10
ede44f64-ce63-455e-87c9-8df601099047,One issue is that i lose track of time scrolling on TikTok. It makes it harder to stay focused.,1,male,"Rio de Janeiro, Brazil",2018-10-14
a8b32423-6e50-442a-ab9d-2da8a78ed354,"For me, it feels very addictive. That part could definitely be improved.",1,female,"Christchurch, New Zealand",2019-05-03
536b5e0e-63ce-455d-aab8-858d55307f53,"Personally, i keep seeing the same trends repeatedly. It makes the app hard to control.",1,male,"Algiers, Algeria",2017-11-09
8a6917b8-85d8-4323-9d8c-fb7ae799a7ef,I’d say some videos get views randomly while others don’t. It makes it harder to stay focused.,1,male,"Accra, Ghana",2017-09-28
74748425-64a7-4ef3-99a5-48071d49acc0,"For me, the comment sections can be very toxic. It makes the experience less enjoyable.",1,male,"Quito, Ecuador",2018-12-26
8a6b2df4-7612-429f-9bad-df8afe23fe1d,"I wanted to like it, but i’m concerned about data privacy. That part could definitely be improved.",1,male,"Buenos Aires, Argentina",2018-11-13
b35bbf3e-c5ab-4c16-8b81-6c8eb695784d,"I wanted to like it, but there are too many ads and promotions. It makes it harder to stay focused.",1,male,"Chicago, United States",2018-07-23
290b7287-d65b-431c-b9ee-df55e4f9ba32,"For me, it’s hard to focus after using it. That part could definitely be improved.",1,male,"Montevideo, Uruguay",2018-12-31
569158ec-f604-4a93-b91a-1d5871ba0ae8,I’d say there’s too much content to keep up with. It makes it harder to stay focused.,1,male,"Denver, United States",2018-07-13
f33718ff-cbe6-4add-8e61-9429346dc1d1,"In my experience, content quality varies a lot. It makes the experience less enjoyable.",1,female,"Queenstown, New Zealand",2019-05-28
4e7fd527-001b-435f-bc8d-85b0e253edc9,"Personally, i lose track of time scrolling on TikTok. It makes the app hard to control.",1,male,"Cape Town, South Africa",2017-09-03
31fdda2b-9e3b-48b6-8d0b-f26b3b0b5556,"So far, it feels very addictive. That part could definitely be improved.",1,male,"Cali, Colombia",2018-10-18
4240d214-8a07-4d53-8961-0f791797f214,"So far, i keep seeing the same trends repeatedly. That part could definitely be improved.",1,female,"Christchurch, New Zealand",2019-05-20
7fe2e56f-e6fa-44f0-9272-6aedf906ae28,"Personally, some videos get views randomly while others don’t. It makes it harder to stay focused.",1,male,"Cape Town, South Africa",2017-09-03
46731350-46d4-4719-8cc3-2256e62a3798,One issue is that the comment sections can be very toxic. That part could definitely be improved.,1,male,"Quebec City, Canada",2018-06-12
5fad98c3-410e-4343-a7c0-bc43bba6bef2,"Personally, i’m concerned about data privacy. It makes the app hard to control.",1,male,"Johannesburg, South Africa",2017-10-05
e4d82815-0fd6-41c9-b24a-209325c8fda7,I’d say there are too many ads and promotions. It ends up feeling repetitive.,1,male,"San Francisco, United States",2018-01-10
2ee88964-0a6c-47a7-8b63-51dbb6225f4d,"So far, it’s hard to focus after using it. It gets frustrating after a while.",1,male,"Glasgow, United Kingdom",2016-12-15
2b5aa1ac-9e17-4109-9f81-3fe122f08eb9,"For me, there’s too much content to keep up with. It gets frustrating after a while.",1,male,"Birmingham, United Kingdom",2016-10-19
ec6943c3-5e97-4fd6-ac9d-ddb7f9ae138d,One issue is that content quality varies a lot. It makes the experience less enjoyable.,1,male,"Bogotá, Colombia",2018-11-09
c8192588-161e-42a2-8e8d-213697f95adc,"So far, i lose track of time scrolling on TikTok. It makes the experience less enjoyable.",1,male,"Ottawa, Canada",2018-01-01
6d82a37f-6cac-480a-849e-cb0c8d2c27f8,"So far, it feels very addictive. It makes the experience less enjoyable.",1,male,"Los Angeles, United States",2018-06-23
0a9e01be-35a4-4230-9298-bc45001a8b60,"I wanted to like it, but i keep seeing the same trends repeatedly. It ends up feeling repetitive.",1,male,"Córdoba, Argentina",2018-10-20
b555ba12-e7ba-490d-bc15-c984eaade4ff,"So far, some videos get views randomly while others don’t. It makes the app hard to control.",1,male,"Durban, South Africa",2017-11-28
0f6ddc3c-bd2d-4a5f-b846-1e7ba4cb759c,"So far, the comment sections can be very toxic. It gets frustrating after a while.",1,male,"Nairobi, Kenya",2017-10-07
bcaa118a-d95b-473f-9673-c6da632f6a9e,The main problem is that i’m concerned about data privacy. It makes it harder to stay focused.,1,male,"Bali, Indonesia",2017-03-20
3d25b943-3ff3-447c-af01-b1d50e1ce7a1,One issue is that there are too many ads and promotions. It makes the experience less enjoyable.,1,male,"São Paulo, Brazil",2018-12-13
f0fb72bd-c2d5-49bb-821b-d2ceb5c553d9,"For me, it’s hard to focus after using it. It makes the experience less enjoyable.",1,male,"Arequipa, Peru",2019-01-22
e7ffbe55-161b-4c14-9264-4bc4727129fb,"Personally, there’s too much content to keep up with. It makes it harder to stay focused.",1,male,"Quito, Ecuador",2018-10-14
cceb8275-e43e-4deb-9f75-462bc4e1d90e,"Honestly, content quality varies a lot. It becomes overwhelming.",1,female,"Canberra, Australia",2019-03-06
b5b2500d-f652-4fbd-ab48-59cf70eb1d77,One issue is that i lose track of time scrolling on TikTok. It becomes overwhelming.,1,male,"San Jose, United States",2018-07-18
05c03c0c-6de3-4312-af98-c271c59c6dee,One issue is that it feels very addictive. It becomes overwhelming.,1,male,"Washington DC, United States",2018-09-05
d9d69c8c-1213-4aac-a2e5-e50a0d9a10f2,"For me, i keep seeing the same trends repeatedly. It makes the app hard to control.",1,male,"Taipei, Taiwan",2017-04-13
8d5f0a3f-fe04-47d1-a404-dcfeb17fedbe,"For me, some videos get views randomly while others don’t. It makes it harder to stay focused.",1,male,"Brasília, Brazil",2018-11-17
2828da32-16aa-4454-a4d6-b869c9a32393,"In my experience, the comment sections can be very toxic. It makes it harder to stay focused.",1,male,"Cairo, Egypt",2017-09-03
949b3f19-3150-4ba9-8836-af452ebc45a6,"I wanted to like it, but i’m concerned about data privacy. That part could definitely be improved.",1,male,"Lusaka, Zambia",2017-12-17
7c403e1b-a44c-4920-b3f1-528152b38b53,"Personally, there are too many ads and promotions.",1,male,"Abuja, Nigeria",2017-08-19
959f6c28-cb95-4458-b448-a902555b207e,"Honestly, it’s hard to focus after using it. It gets frustrating after a while.",1,male,"Montreal, Canada",2018-04-29
ceb282c2-ed9d-44f7-9a11-c8da9611b6d1,"So far, there’s too much content to keep up with. It makes the experience less enjoyable.",1,male,"Toronto, Canada",2018-07-29
4f6748b8-4f4a-426c-8e7e-b6405251c879,"Honestly, content quality varies a lot. It gets frustrating after a while.",1,male,"San Diego, United States",2018-05-06
1b6c9529-60ad-4beb-9ed3-e09d77635702,What bothers me is that i lose track of time scrolling on TikTok. It becomes overwhelming.,1,male,"Cape Town, South Africa",2017-08-18
51bb39e7-e4d5-41b0-b4a9-8bc8f316a5d0,"So far, it feels very addictive. It makes the experience less enjoyable.",1,male,"Shanghai, China",2017-05-08
fd153772-fb7a-4537-95e4-7b3c986e216d,One issue is that i keep seeing the same trends repeatedly. It ends up feeling repetitive.,1,male,"Santa Cruz, Bolivia",2019-02-03
3587a747-ec8b-4f34-8a60-badcb5f44fe1,"For me, some videos get views randomly while others don’t. It becomes overwhelming.",1,male,"Mombasa, Kenya",2017-08-02
e91919b1-6fc9-4114-afa5-90c5b33bba13,One issue is that the comment sections can be very toxic. It gets frustrating after a while.,1,male,"Cairo, Egypt",2017-12-18
8566a288-bd1a-4656-849c-91599eeb8634,What bothers me is that i’m concerned about data privacy.,1,male,"Warsaw, Poland",2016-12-31
225bf51b-79b6-42f2-8af8-f49536b37140,The main problem is that there are too many ads and promotions. It makes the experience less enjoyable.,1,male,"Addis Ababa, Ethiopia",2017-08-01
55b3e97d-0cfc-4fb7-b698-bdb3d8029e1e,One issue is that it’s hard to focus after using it. It makes the experience less enjoyable.,1,male,"Geneva, Switzerland",2016-12-25
81efe34a-66fa-40bb-8044-5e90c53b5e5d,"In my experience, there’s too much content to keep up with. It makes the experience less enjoyable.",1,male,"Rabat, Morocco",2017-09-13
02c33cdb-5b73-4ebb-99f2-d041df1d54ec,One issue is that content quality varies a lot. It ends up feeling repetitive.,1,male,"Guayaquil, Ecuador",2018-09-19
83e8bd18-a46e-41bd-9a83-5d9b838d2ca3,"In my experience, i lose track of time scrolling on TikTok. It ends up feeling repetitive.",1,female,"Queenstown, New Zealand",2019-06-14
a145aff0-3997-41a4-841f-95e3e3edefa7,"For me, it feels very addictive. That part could definitely be improved.",1,male,"Calgary, Canada",2018-06-25
7e9f3040-a1e8-41e3-badb-c9a85f0c41b1,"For me, i keep seeing the same trends repeatedly. It ends up feeling repetitive.",1,male,"Doha, Qatar",2017-06-29
4de346c2-9eef-4dab-ba17-d21cf1f275fb,"Personally, some videos get views randomly while others don’t. It gets frustrating after a while.",1,male,"Ottawa, Canada",2018-07-27
245d3bfb-8360-4ccc-81f4-8ae6f7ac1215,One issue is that the comment sections can be very toxic.,1,male,"Mexico City, Mexico",2018-06-27
a3d63aaa-427e-4e00-8003-3d1ef0143b9c,"For me, i’m concerned about data privacy. It becomes overwhelming.",1,male,"Lima, Peru",2019-01-14
ef5f3c50-0960-4319-9dfc-67e467bf9a23,"For me, there are too many ads and promotions. It becomes overwhelming.",1,male,"Montreal, Canada",2018-03-25
3166c0fc-ff77-4a60-9dfd-9a338f3a3d25,"In my experience, it’s hard to focus after using it. It makes it harder to stay focused.",1,female,"Nadi, Fiji",2019-04-11
b55e180a-fad1-42d3-89e2-3e3a890f1c95,One issue is that there’s too much content to keep up with. That part could definitely be improved.,1,male,"Accra, Ghana",2017-11-25
74f41df7-61c8-4025-81b1-d9ebbed3d610,The main problem is that content quality varies a lot. That part could definitely be improved.,1,male,"Delhi, India",2017-07-16
561ac954-0208-4835-98e5-17b01c49c58b,"I wanted to like it, but i lose track of time scrolling on TikTok. It makes the experience less enjoyable.",1,male,"Dallas, United States",2018-03-10
572681c7-5055-4fc2-bb47-26e8b1aaa829,"For me, it feels very addictive. It becomes overwhelming.",1,female,"Auckland, New Zealand",2019-04-23
e6231e64-e125-46f3-a9f5-2af26cb3ec40,"So far, i keep seeing the same trends repeatedly. That part could definitely be improved.",1,male,"La Paz, Bolivia",2018-10-03
5d7ea2c3-7bd5-4350-ae8f-09d294fb24b2,One issue is that some videos get views randomly while others don’t. It becomes overwhelming.,1,male,"Guadalajara, Mexico",2018-02-12
e409cc1a-6e28-4dd4-a5b2-78e3c522e6ae,The main problem is that the comment sections can be very toxic. That part could definitely be improved.,1,male,"Chicago, United States",2018-02-16
89841e99-8c70-4932-abd4-11574e893ef9,"For me, i’m concerned about data privacy. It gets frustrating after a while.",1,male,"Philadelphia, United States",2018-07-19
989d83a7-d805-4507-a999-da87bf3dc554,"I wanted to like it, but there are too many ads and promotions. It makes it harder to stay focused.",1,male,"San Jose, United States",2017-12-27
2a6a859a-0e17-46d3-9858-dd8526e1cf2d,"Personally, it’s hard to focus after using it. That part could definitely be improved.",1,male,"Guadalajara, Mexico",2018-04-11
2b5f2f7c-f3cc-49b3-8bd1-51424e0c9a8d,"So far, there’s too much content to keep up with. It makes the experience less enjoyable.",1,female,"Brisbane, Australia",2019-06-11
e0efdd90-91a5-47f9-8686-ad2a16910fb4,What bothers me is that content quality varies a lot.,1,female,"Suva, Fiji",2019-05-03
1f026415-d3b5-47f2-93b9-b92ab327e280,"In my experience, i lose track of time scrolling on TikTok. It makes the experience less enjoyable.",1,male,"Rosario, Argentina",2019-01-30
dd6cc1b8-4385-4ab3-9e47-1efd93515035,"Personally, it feels very addictive. It becomes overwhelming.",1,male,"Milan, Italy",2017-02-05
e075305c-9678-4d1f-8345-b1ab618ebafb,What bothers me is that i keep seeing the same trends repeatedly. It gets frustrating after a while.,1,male,"Phoenix, United States",2018-04-17
121f1040-55b7-460d-89ed-d91e4a0f507e,What bothers me is that some videos get views randomly while others don’t. It gets frustrating after a while.,1,male,"Nairobi, Kenya",2017-10-06
202bcaba-ae89-493b-a15a-257d92309b33,I’d say the comment sections can be very toxic. That part could definitely be improved.,1,female,"Gold Coast, Australia",2019-04-12
8a4651e7-9b18-4853-907e-3960b7a908b1,"Personally, i’m concerned about data privacy. It gets frustrating after a while.",1,male,"Cairo, Egypt",2017-08-13
daaca276-3a87-4405-9394-ba0a6491f247,What bothers me is that there are too many ads and promotions. It becomes overwhelming.,1,female,"Christchurch, New Zealand",2019-05-01
88459aa4-c146-479b-8718-ccb6f751a23e,One issue is that it’s hard to focus after using it. It makes it harder to stay focused.,1,male,"Shanghai, China",2017-05-29
831aeb35-ecd7-42ea-9fe7-85650218841a,"In my experience, there’s too much content to keep up with. It ends up feeling repetitive.",1,male,"Algiers, Algeria",2017-11-30
990d50e1-6857-447b-a9b1-206e1b4c0883,"In my experience, content quality varies a lot. It ends up feeling repetitive.",1,female,"Christchurch, New Zealand",2019-05-31
73de77eb-0601-4313-8a49-2e425b9da921,"I wanted to like it, but i lose track of time scrolling on TikTok.",1,male,"Boston, United States",2018-05-26
600e3d72-5520-4680-8f5d-a7e06d54e8d7,"For me, it feels very addictive. It gets frustrating after a while.",1,female,"Melbourne, Australia",2019-05-02
3cad897e-fbe0-4d01-87e1-d95f7a4dd8fe,One issue is that i keep seeing the same trends repeatedly. It makes the app hard to control.,1,male,"Ottawa, Canada",2018-03-30
be54773f-389a-46c3-b319-d889ff2977e6,"I wanted to like it, but some videos get views randomly while others don’t. It becomes overwhelming.",1,male,"Abu Dhabi, United Arab Emirates",2017-05-19
5357299e-9674-4dc7-8a73-4ae3ac825b50,What bothers me is that the comment sections can be very toxic. It ends up feeling repetitive.,1,male,"Bogotá, Colombia",2018-09-22
98f52433-5518-4d01-b610-9c7e419d7c7b,"For me, i’m concerned about data privacy. It makes the experience less enjoyable.",1,male,"Guadalajara, Mexico",2018-03-12
9d8d982d-fb4e-463e-a763-114155020c71,"Personally, there are too many ads and promotions.",1,male,"Vancouver, Canada",2018-02-24
209fb18d-674e-4cde-8640-9149c72da9e9,"Personally, it’s hard to focus after using it. It gets frustrating after a while.",1,male,"Helsinki, Finland",2017-02-15
2b789909-3dfb-440b-adbb-054cffe29f3e,What bothers me is that there’s too much content to keep up with. It makes it harder to stay focused.,1,male,"Berlin, Germany",2017-02-23
b2831144-1e92-4c8f-9b0b-301b160a71c1,"Honestly, content quality varies a lot. It gets frustrating after a while.",1,female,"Perth, Australia",2019-04-30
19f64314-9100-4848-911f-2b1103bce49c,"So far, i lose track of time scrolling on TikTok. It makes the experience less enjoyable.",1,female,"Wellington, New Zealand",2019-05-27
403b30d3-9027-4a5c-b3aa-eba4877e3875,"So far, it feels very addictive. It makes the app hard to control.",1,female,"Perth, Australia",2019-06-06
6616c473-a055-4c7c-8251-889247ab1c20,"So far, i keep seeing the same trends repeatedly.",1,male,"Cape Town, South Africa",2017-09-27
fe33800a-b315-44cf-90b8-732640c99797,"In my experience, some videos get views randomly while others don’t.",1,male,"Paris, France",2016-11-15
45f9712e-4775-4e77-a34e-bde3434ccb7d,One issue is that the comment sections can be very toxic.,1,male,"Toronto, Canada",2018-04-14
aaaa641f-cba3-4668-a0bd-4b9efb9f131e,"In my experience, i’m concerned about data privacy. It ends up feeling repetitive.",1,male,"Buenos Aires, Argentina",2018-10-16
2cacc31c-cdf0-4c11-b2c4-3064a9ac33b2,"Personally, there are too many ads and promotions. It makes the app hard to control.",1,male,"San Francisco, United States",2018-07-18
f25856dc-22c1-4ee5-9f0b-1b0446b7f3b4,"I wanted to like it, but it’s hard to focus after using it. It makes it harder to stay focused.",1,male,"Frankfurt, Germany",2016-11-22
4a426ac1-9102-48b6-9481-5d503ecdfceb,"I wanted to like it, but there’s too much content to keep up with. It ends up feeling repetitive.",1,male,"Mumbai, India",2017-05-24
2f54c65e-8a42-440d-aa7e-e538a31ce53d,What bothers me is that content quality varies a lot. It makes the experience less enjoyable.,1,male,"Dallas, United States",2018-09-15
deaa7a01-4150-4dc0-9078-7504a4ac3952,"So far, i lose track of time scrolling on TikTok. It makes the experience less enjoyable.",1,male,"Copenhagen, Denmark",2016-11-24
d3ca8f25-750b-434c-841c-d5d5375514cd,"So far, it feels very addictive. It makes it harder to stay focused.",1,male,"Lima, Peru",2019-02-05
dcb1ba7f-775b-4757-a3d3-d8677bd4fdea,"Personally, i keep seeing the same trends repeatedly. It makes the app hard to control.",1,female,"Adelaide, Australia",2019-06-29
29cb064a-9af0-4792-8ae1-eca3a71e530d,"Honestly, some videos get views randomly while others don’t. It makes the app hard to control.",1,male,"Beijing, China",2017-06-08
d0bd7a98-3fa7-428f-9221-e91b32f272ff,One issue is that the comment sections can be very toxic. It makes it harder to stay focused.,1,male,"Warsaw, Poland",2016-11-23
a56d6c72-91d5-4f46-a2af-4ccf9423f5fd,The main problem is that i’m concerned about data privacy. It makes the app hard to control.,1,female,"Perth, Australia",2019-06-20
07f0a9d2-691f-4684-8ee5-d4cb2d9b2f45,"In my experience, there are too many ads and promotions. That part could definitely be improved.",1,male,"Rosario, Argentina",2018-11-16
76fe4e3e-75a4-4f2d-b016-8bb43cde5525,"Personally, it’s hard to focus after using it. It makes it harder to stay focused.",1,male,"Monterrey, Mexico",2018-01-03
75a04c08-47f9-49b5-b046-0c05fa769d13,"So far, there’s too much content to keep up with. It makes it harder to stay focused.",1,male,"Dallas, United States",2018-01-27
7e46c518-7a07-4299-a255-a8e90a826047,The main problem is that content quality varies a lot.,1,female,"Wellington, New Zealand",2019-04-16
f4262f02-fa11-468d-a161-a42c7ea9ba2b,The main problem is that i lose track of time scrolling on TikTok. It ends up feeling repetitive.,1,male,"Dar es Salaam, Tanzania",2017-09-25
c563a24e-ea91-491e-988e-2cf1920fce1c,"So far, it feels very addictive. It makes the app hard to control.",1,male,"Paris, France",2016-11-22
6ab837fe-9963-4cf0-ac65-fd04d1bec4af,The main problem is that i keep seeing the same trends repeatedly. It ends up feeling repetitive.,1,male,"New York, United States",2018-06-14
a2579d1b-da79-42d5-af17-41a76364504f,"In my experience, some videos get views randomly while others don’t. It makes the app hard to control.",1,male,"Algiers, Algeria",2017-08-12
cc838a4d-adf4-426c-8eb7-5f0091d75ed8,"Personally, the comment sections can be very toxic. It makes it harder to stay focused.",1,male,"Washington DC, United States",2018-08-21
aa570d9f-f7bd-47b6-8be7-30fe4e07810f,What bothers me is that i’m concerned about data privacy. It makes the app hard to control.,1,female,"Canberra, Australia",2019-05-18
cabc634e-b9e4-45a2-a7cf-7d98b1fbe07a,What bothers me is that there are too many ads and promotions. It makes the experience less enjoyable.,1,male,"Harare, Zimbabwe",2017-09-30
3ce60783-976d-4b35-9c09-99579ab4e562,"Honestly, it’s hard to focus after using it. It becomes overwhelming.",1,male,"Tokyo, Japan",2017-06-07
da6440c3-f62a-46db-a71d-bed34420979e,"Honestly, there’s too much content to keep up with. It becomes overwhelming.",1,male,"Rome, Italy",2016-11-22
5987ad82-51cd-4bdf-82ca-7ecdd58e3389,One issue is that content quality varies a lot. That part could definitely be improved.,1,male,"Cali, Colombia",2019-01-21
b7e095d8-018e-4a08-8bf3-702787fd4c1c,"I wanted to like it, but i lose track of time scrolling on TikTok. That part could definitely be improved.",1,male,"Madrid, Spain",2016-12-18
ed88c661-d09a-44a2-983f-6e999ad8e725,The main problem is that it feels very addictive. It becomes overwhelming.,1,female,"Christchurch, New Zealand",2019-05-23
8a49a4dc-e1e1-469b-9d83-d1e137c60f05,"Honestly, i keep seeing the same trends repeatedly. It gets frustrating after a while.",1,male,"Seattle, United States",2018-09-15
1e92294b-2a9c-47df-9f57-25c4cbbff141,I’d say some videos get views randomly while others don’t. It ends up feeling repetitive.,1,female,"Perth, Australia",2019-04-12
d8dcfc83-b254-403a-9bf5-eeb20c582065,"Personally, the comment sections can be very toxic. It makes the app hard to control.",1,male,"Quito, Ecuador",2019-01-03
b39d873a-0e7f-48ce-a120-bb370f94bb3b,"In my experience, i’m concerned about data privacy. It gets frustrating after a while.",1,male,"Hong Kong, China",2017-04-11
9d8fc411-a056-44fe-9b87-1e96e7e0c7bf,What bothers me is that there are too many ads and promotions. It makes it harder to stay focused.,1,male,"Guangzhou, China",2017-03-27
315464c4-a7fb-4303-9a74-ecb147ac2d41,"I wanted to like it, but it’s hard to focus after using it. It makes the experience less enjoyable.",1,female,"Hobart, Australia",2019-06-01
4e34cec0-6a9d-4b66-9490-4b5e722eb501,"In my experience, there’s too much content to keep up with. It makes the experience less enjoyable.",1,male,"Dubai, United Arab Emirates",2017-07-22
ead3318b-cd71-4ca2-b4ed-589a3eca92cd,"Personally, content quality varies a lot. It becomes overwhelming.",1,male,"Guayaquil, Ecuador",2018-12-10
77c458b9-2292-4501-9781-aa3f8a5de8d4,What bothers me is that i lose track of time scrolling on TikTok. It makes the app hard to control.,1,male,"Osaka, Japan",2017-03-22
a571e411-6fd4-4041-80a5-de5b1537c8b8,The main problem is that it feels very addictive. That part could definitely be improved.,1,male,"Marrakesh, Morocco",2017-07-30
7778eb3d-329e-4988-a3d4-a0ba9f7716e5,One issue is that i keep seeing the same trends repeatedly. That part could definitely be improved.,1,male,"Calgary, Canada",2018-08-13
8693c3ff-02d9-4f9e-9f68-178c1d5609c7,"I wanted to like it, but some videos get views randomly while others don’t. It makes the app hard to control.",1,male,"Manila, Philippines",2017-06-08
2c837d32-e5dc-4452-a182-4ac9b2a08930,"Honestly, the comment sections can be very toxic. It makes the app hard to control.",1,male,"Cali, Colombia",2018-11-01
0e52251a-d4cc-4265-86dc-7cdfe6d382d0,I’d say i’m concerned about data privacy. That part could definitely be improved.,1,female,"Port Moresby, Papua New Guinea",2019-03-10
44c68309-2159-4c0b-b1d6-f16c947eab4b,The main problem is that there are too many ads and promotions. It makes the experience less enjoyable.,1,male,"Dakar, Senegal",2017-08-20
c48eebbe-d405-41eb-9884-f1cb817586fd,One issue is that it’s hard to focus after using it. It gets frustrating after a while.,1,male,"Pretoria, South Africa",2017-07-29
95410f01-5e59-4a1a-b3cb-fa6423242eb4,"Personally, there’s too much content to keep up with. It gets frustrating after a while.",1,male,"Vienna, Austria",2016-10-28
cc0a2d1f-1375-4dfc-80c9-35a68eaf38fa,What bothers me is that content quality varies a lot. That part could definitely be improved.,1,male,"Rabat, Morocco",2017-12-02
632c882b-8280-4f3a-ab8f-245ec6419b9d,The main problem is that i lose track of time scrolling on TikTok. It makes the app hard to control.,1,male,"Prague, Czech Republic",2016-12-05
e097cdcc-d174-4885-b481-ed0302c0c9b4,"For me, it feels very addictive. It gets frustrating after a while.",1,male,"Monterrey, Mexico",2018-05-05
e94987f1-0982-45eb-983f-8b0492274981,The main problem is that i keep seeing the same trends repeatedly. It ends up feeling repetitive.,1,male,"Ottawa, Canada",2018-08-28
0dd6b787-e042-441b-b228-53bbeb1d8cdb,"So far, some videos get views randomly while others don’t. It ends up feeling repetitive.",1,male,"Vancouver, Canada",2018-04-29
94908d18-1c61-42de-bb07-0269d27b4d57,"I wanted to like it, but the comment sections can be very toxic. It gets frustrating after a while.",1,male,"Seattle, United States",2018-06-03
b1879949-b461-432b-9f06-5970ff209200,"For me, i’m concerned about data privacy. That part could definitely be improved.",1,male,"Denver, United States",2018-05-30
915ede93-d6ad-480c-9ef4-8358edbccc18,One issue is that there are too many ads and promotions. It ends up feeling repetitive.,1,female,"Auckland, New Zealand",2019-04-03
ed245e99-4208-4ba8-a351-2ec757f6af14,What bothers me is that it’s hard to focus after using it. That part could definitely be improved.,1,male,"Mexico City, Mexico",2018-03-22
2e161d18-d31d-4996-8da4-c2af47020b4a,"So far, there’s too much content to keep up with. It makes the experience less enjoyable.",1,female,"Brisbane, Australia",2019-02-20
dd8780d8-1b96-4477-85ad-0125735675b2,The main problem is that content quality varies a lot. It becomes overwhelming.,1,male,"Harare, Zimbabwe",2017-09-21
ff0bf50c-456a-46cb-a3f6-cda217cfc83b,"Personally, i lose track of time scrolling on TikTok. It ends up feeling repetitive.",1,male,"Valencia, Spain",2017-02-19
3c30005c-7476-446e-bfbf-48a4b5e293d3,What bothers me is that it feels very addictive. It becomes overwhelming.,1,male,"Shenzhen, China",2017-05-12
992fbf0a-3a4d-4e3b-8b51-bd10bf4b051e,"For me, i keep seeing the same trends repeatedly. It makes the app hard to control.",1,male,"Caracas, Venezuela",2018-12-13
a9de0719-4d5c-400f-9221-72687603a99f,One issue is that some videos get views randomly while others don’t. It makes the app hard to control.,1,male,"Bangalore, India",2017-05-20
a6637bfa-14f2-49bc-ae3d-76beb2f95f8a,"For me, the comment sections can be very toxic. It becomes overwhelming.",1,male,"Arequipa, Peru",2018-11-22
e10d2a8a-8919-4872-af2e-dcb451cb526b,One issue is that i’m concerned about data privacy. It makes it harder to stay focused.,1,female,"Perth, Australia",2019-04-03
ed988c52-d920-48d1-959a-73a03287e2c3,I’d say there are too many ads and promotions. It becomes overwhelming.,1,male,"Ottawa, Canada",2018-04-04
ef1d8ff2-fe3a-4cae-864e-cf4c099455c5,What bothers me is that it’s hard to focus after using it. It becomes overwhelming.,1,male,"Amsterdam, Netherlands",2017-02-22
efcbc597-0ef8-4047-8dd6-18f6e3a125b4,I’d say there’s too much content to keep up with. It makes it harder to stay focused.,1,male,"Philadelphia, United States",2018-06-24
c945a552-c2ed-4958-b8ff-9ba84eb8e78c,The main problem is that content quality varies a lot.,1,male,"Pretoria, South Africa",2017-10-19
7c91d107-3a74-412f-8c4e-5346f949f6bc,"For me, i lose track of time scrolling on TikTok.",1,female,"Gold Coast, Australia",2019-04-08
758f2097-d6de-4b24-8e59-118cdec63542,"I wanted to like it, but it feels very addictive. It gets frustrating after a while.",1,male,"Doha, Qatar",2017-05-14
5a250226-19ec-4ad1-aafa-7674580ad5e9,"So far, i keep seeing the same trends repeatedly.",1,male,"Chennai, India",2017-05-25
6bbedb43-7810-4f16-a1f7-ffb93786bcda,"Honestly, some videos get views randomly while others don’t. It makes the app hard to control.",1,male,"Mexico City, Mexico",2018-01-31
04ccce53-6130-463a-98e0-f7e2aaf3165e,What bothers me is that the comment sections can be very toxic. It ends up feeling repetitive.,1,male,"Houston, United States",2018-02-12
770b92b1-b3b7-4992-87b2-dc990dec7eb5,"In my experience, i’m concerned about data privacy.",1,male,"Jerusalem, Israel",2017-04-08
0fda6fcd-cf01-4677-98cd-48654e68c4d4,"In my experience, there are too many ads and promotions. It makes it harder to stay focused.",1,male,"Algiers, Algeria",2017-10-14
04e2d62a-62c9-4b2b-bb01-f7b11cfdedb8,"Personally, it’s hard to focus after using it. It ends up feeling repetitive.",1,male,"Jacksonville, United States",2018-08-08
37d0b32e-619b-4ef8-8ff4-11a4ea3121f9,I’d say there’s too much content to keep up with. It makes it harder to stay focused.,1,male,"Monterrey, Mexico",2018-01-19
085c1ffc-58e3-41a2-863c-ed90e3ba0f3d,"I wanted to like it, but content quality varies a lot. It makes the app hard to control.",1,male,"Milan, Italy",2016-11-29
ed67de87-69ce-4e0e-9270-23daa94ec4c3,"Personally, i lose track of time scrolling on TikTok. It gets frustrating after a while.",1,male,"Tunis, Tunisia",2017-11-24
84e97922-8bb0-4fec-a8b8-f5d9f97d1c81,"For me, it feels very addictive.",1,male,"Nairobi, Kenya",2017-11-25
d1f77d0a-4fa4-4980-b7f2-092a4c0d0e4a,"I wanted to like it, but i keep seeing the same trends repeatedly. It becomes overwhelming.",1,male,"San Antonio, United States",2017-12-27
2d55a5be-0a35-433c-afaf-f029ea78a285,"Personally, some videos get views randomly while others don’t. It ends up feeling repetitive.",1,male,"Paris, France",2016-10-24
fdb4eada-e043-440c-854c-64bd5134fe61,"For me, the comment sections can be very toxic. It ends up feeling repetitive.",1,male,"Shanghai, China",2017-07-04
3179a153-1121-40ba-9550-5fafdce1d939,"In my experience, i’m concerned about data privacy.",1,female,"Christchurch, New Zealand",2019-05-21
f936fbf4-eaad-4964-8b0d-bb34401a375c,The main problem is that there are too many ads and promotions. It ends up feeling repetitive.,1,female,"Gold Coast, Australia",2019-03-14
65a5a434-a6a2-4026-ae98-54893f9e6462,The main problem is that it’s hard to focus after using it. It becomes overwhelming.,1,female,"Suva, Fiji",2019-05-11
1f3afe95-cc38-4763-b4e7-bf587bae4deb,One issue is that there’s too much content to keep up with. It makes the app hard to control.,1,male,"Asunción, Paraguay",2018-11-08
a6795a14-a406-43bf-aa78-79fc80d90fa0,"I wanted to like it, but content quality varies a lot. That part could definitely be improved.",1,male,"Lusaka, Zambia",2017-12-13
d7da35b2-ccbc-4965-8c65-7c37e22cabc2,"Personally, i lose track of time scrolling on TikTok. It becomes overwhelming.",1,female,"Brisbane, Australia",2019-05-08
6e435319-c150-46fc-a1c8-42ec67c5ccd1,The main problem is that it feels very addictive. It makes the experience less enjoyable.,1,male,"Accra, Ghana",2017-07-31
91a5d770-8bf4-4498-8187-fce4f8a0a8d4,One issue is that i keep seeing the same trends repeatedly.,1,male,"Monterrey, Mexico",2018-05-24
80023a55-8908-4560-888e-420b2fb07545,What bothers me is that some videos get views randomly while others don’t. That part could definitely be improved.,1,male,"Denver, United States",2018-05-18
b68dff6f-e404-4cdb-8229-6fd124866f49,One issue is that the comment sections can be very toxic. It makes it harder to stay focused.,1,male,"Calgary, Canada",2017-12-20
7c832930-50d7-4c86-aecf-af82dfc38a45,I’d say i’m concerned about data privacy. That part could definitely be improved.,1,male,"Guangzhou, China",2017-06-10
0e580d65-7594-4958-849a-17bdd7471ac9,"In my experience, there are too many ads and promotions. It makes the experience less enjoyable.",1,male,"Algiers, Algeria",2017-08-31
a4d663e7-de4f-4473-a19a-933e94b98ffc,"In my experience, it’s hard to focus after using it. It makes the experience less enjoyable.",1,male,"Seattle, United States",2018-07-13
9d329510-23fd-4cd4-9976-394411e0cde6,"I wanted to like it, but there’s too much content to keep up with. That part could definitely be improved.",1,male,"Bali, Indonesia",2017-07-14
01713804-152e-413e-b85a-ac5caae94841,"I wanted to like it, but content quality varies a lot. It ends up feeling repetitive.",1,male,"Mombasa, Kenya",2017-09-15
084901c0-3506-4f2f-832c-54130c995a99,What bothers me is that i lose track of time scrolling on TikTok. It ends up feeling repetitive.,1,male,"Algiers, Algeria",2017-09-23
d5b0825a-9607-4ae9-a206-d654fb27d6a8,"For me, it feels very addictive. It makes it harder to stay focused.",1,male,"Tunis, Tunisia",2017-08-25
56d86d34-0d5a-449e-a79c-48c2f96ddaa8,"In my experience, i keep seeing the same trends repeatedly. It gets frustrating after a while.",1,male,"Fortaleza, Brazil",2019-01-17
a3186365-39c4-4ba2-abc9-2cc87c72f92f,"I wanted to like it, but some videos get views randomly while others don’t. It makes the app hard to control.",1,male,"Monterrey, Mexico",2018-04-06
5aa07f24-02cb-4cb1-b65f-8fdc22add7c6,The main problem is that the comment sections can be very toxic. It makes the experience less enjoyable.,1,male,"Rome, Italy",2016-10-18
ac3b2a5c-7abf-4ee5-a3d0-0be6038e6d99,"So far, i’m concerned about data privacy.",1,male,"Caracas, Venezuela",2018-10-21
a4783d46-ebb6-446e-b713-ae806eb6e26f,"Honestly, there are too many ads and promotions. It gets frustrating after a while.",1,male,"Mexico City, Mexico",2018-02-21
b6f4d31f-3075-4ee8-ad9f-bde591be6c1d,"I wanted to like it, but it’s hard to focus after using it. It makes the app hard to control.",1,male,"Caracas, Venezuela",2018-11-28
4a15cea7-a338-420d-840f-6bc339a2d360,The main problem is that there’s too much content to keep up with. It ends up feeling repetitive.,1,male,"Tijuana, Mexico",2018-02-13
d55f2de1-c888-42dd-b7d9-83ccca517c86,The main problem is that content quality varies a lot. It makes the experience less enjoyable.,1,male,"Addis Ababa, Ethiopia",2017-08-11
fc1128f0-35e7-495c-a4bb-4e4b66fb6a36,"Personally, i lose track of time scrolling on TikTok. It becomes overwhelming.",1,male,"São Paulo, Brazil",2019-01-28
1e1ad91c-5231-484b-8cef-ae90d986e2da,I’d say it feels very addictive. It makes it harder to stay focused.,1,male,"Tel Aviv, Israel",2017-03-24
5f716d3e-a3b9-4b03-9ac2-d8063dccb013,I’d say i keep seeing the same trends repeatedly. It gets frustrating after a while.,1,male,"Lahore, Pakistan",2017-07-09
30e26a6e-ef68-41af-9bca-414e0d80f7b4,"So far, some videos get views randomly while others don’t. It gets frustrating after a while.",1,male,"Jacksonville, United States",2018-02-02
8c02df68-2887-46c6-9c62-bee395ae3e4d,What bothers me is that the comment sections can be very toxic. It ends up feeling repetitive.,1,female,"Wellington, New Zealand",2019-02-18
68f08a03-2ecd-445a-a5c4-744eabaf2116,"Personally, i’m concerned about data privacy. It makes the experience less enjoyable.",1,male,"Geneva, Switzerland",2017-01-24
147211dd-e0d6-42d3-9262-389e702ba9db,"I wanted to like it, but there are too many ads and promotions.",1,male,"Lagos, Nigeria",2017-09-08
1ef9fe81-e549-4a87-9e46-f9266a4fe12d,"So far, it’s hard to focus after using it. It makes the experience less enjoyable.",1,male,"Toronto, Canada",2018-03-23
e6da2ac5-b828-4cf3-8f42-64e13f8cfdd3,"So far, there’s too much content to keep up with. That part could definitely be improved.",1,male,"Philadelphia, United States",2018-08-18
6da59b28-b129-4e95-bb98-c7b2327f7682,I’d say content quality varies a lot. It makes the app hard to control.,1,male,"Berlin, Germany",2017-01-14
14fe4f0b-bb15-46a5-981b-4f5cd12c0e96,"So far, i lose track of time scrolling on TikTok. It gets frustrating after a while.",1,male,"Buenos Aires, Argentina",2018-11-04
a646caa4-e8e7-43a6-94d4-cc166131ecf3,One issue is that it feels very addictive. It ends up feeling repetitive.,1,male,"Boston, United States",2018-04-17
5887174f-709c-42b0-87fc-2f0618c73c2f,"In my experience, i keep seeing the same trends repeatedly. It makes the app hard to control.",1,male,"Austin, United States",2018-03-08
792b6657-d04c-447f-bc24-4efe79c7052a,"Personally, some videos get views randomly while others don’t.",1,male,"Tripoli, Libya",2017-10-21
2d893dd4-8664-4de4-bff4-a08e9fa2a6fc,"For me, the comment sections can be very toxic. It ends up feeling repetitive.",1,male,"Durban, South Africa",2017-08-14
c02ecfd6-d448-4d16-bdb9-9d11bb695d99,"For me, i’m concerned about data privacy. That part could definitely be improved.",1,female,"Nadi, Fiji",2019-03-21
89a9fd91-d170-4cfa-bb79-76d2b40d9602,I’d say there are too many ads and promotions. It makes the experience less enjoyable.,1,female,"Port Moresby, Papua New Guinea",2019-07-04
afb90c92-132d-4211-9aca-7151676e1737,"I wanted to like it, but it’s hard to focus after using it. It makes it harder to stay focused.",1,male,"Bangkok, Thailand",2017-03-26
cb8a982c-bd01-49d1-9b17-d92be8ed20f0,"I wanted to like it, but there’s too much content to keep up with.",1,male,"Guangzhou, China",2017-05-02
ea08e9f3-e862-464c-88cc-c921904e0faa,"Personally, content quality varies a lot. It becomes overwhelming.",1,male,"Houston, United States",2018-08-07
7d31f666-db06-4d02-bdaf-54127a18e9a2,The main problem is that i lose track of time scrolling on TikTok. It becomes overwhelming.,1,male,"Cali, Colombia",2018-11-14
edd21695-93ea-4190-acdf-18dc271e7426,"In my experience, it feels very addictive. It makes it harder to stay focused.",1,male,"São Paulo, Brazil",2019-01-12
e7de87c6-ab6f-41c3-a224-dad73158e19f,"In my experience, i keep seeing the same trends repeatedly. It gets frustrating after a while.",1,male,"Durban, South Africa",2017-08-02
420d989f-f6e2-4ed6-93d4-76b948d4a1ff,"So far, some videos get views randomly while others don’t.",1,male,"Singapore, Singapore",2017-04-29
08b0fed5-58c0-45cf-b294-bc3493f83eaa,"For me, the comment sections can be very toxic. It makes it harder to stay focused.",1,male,"Amsterdam, Netherlands",2016-12-12
5508b593-f9fb-4cfd-a137-6bce481b3345,"Honestly, i’m concerned about data privacy. It gets frustrating after a while.",1,male,"Kumasi, Ghana",2017-10-16
187b002d-c9e1-4dcb-ac2e-75b4ffd3777a,"For me, there are too many ads and promotions. It gets frustrating after a while.",1,male,"Los Angeles, United States",2018-04-23
99afcb60-05a9-45ce-b538-aa374f2d8e29,One issue is that it’s hard to focus after using it. It makes the experience less enjoyable.,1,female,"Christchurch, New Zealand",2019-03-03
903ace9d-d3db-4316-8eb1-56f23f9740df,What bothers me is that there’s too much content to keep up with.,1,male,"Budapest, Hungary",2016-11-02
17cc5205-e805-45c1-b41f-d3ed905f7ad0,One issue is that content quality varies a lot. It gets frustrating after a while.,1,male,"Warsaw, Poland",2016-12-29
733fc9d9-1936-4d2a-8f2b-ad577933cb99,"Honestly, i lose track of time scrolling on TikTok. It makes the app hard to control.",1,male,"New York, United States",2018-07-24
c46f8e19-a04b-442c-b217-1a94e7ba79b9,The main problem is that it feels very addictive. It gets frustrating after a while.,1,male,"Chicago, United States",2018-08-11
7fedce5f-7129-40bb-9a16-2b088fc2b601,"Personally, i keep seeing the same trends repeatedly. It makes it harder to stay focused.",1,male,"Valencia, Spain",2017-02-02
b589295f-6d5b-4bef-abc4-a27c35c6cd23,I’d say some videos get views randomly while others don’t. It ends up feeling repetitive.,1,male,"Lisbon, Portugal",2017-01-05
38c578d4-1157-426b-960d-0ab231326cf1,I’d say the comment sections can be very toxic. That part could definitely be improved.,1,male,"Lisbon, Portugal",2016-10-28
644af2eb-4355-4129-bdef-c43939b35cc3,The main problem is that i’m concerned about data privacy.,1,male,"Los Angeles, United States",2018-07-19
5a6656fc-709e-45a8-818d-02fb14cf14a9,"I wanted to like it, but there are too many ads and promotions. It makes the app hard to control.",1,male,"Guangzhou, China",2017-07-10
8a3b67ac-b193-43bc-8d4c-b5ac79122de9,The main problem is that it’s hard to focus after using it. That part could definitely be improved.,1,male,"Busan, South Korea",2017-06-01
acfcf4e1-b5db-4ead-862f-e5fdafd74ed5,One issue is that there’s too much content to keep up with. It makes the experience less enjoyable.,1,male,"Jacksonville, United States",2018-08-04
714983f1-50dc-43a1-bb2e-0ad8408852d7,"Honestly, content quality varies a lot. That part could definitely be improved.",1,male,"Vienna, Austria",2017-01-30
53f81bba-1813-45a5-9782-8acd64449235,"For me, i lose track of time scrolling on TikTok. It becomes overwhelming.",1,male,"Quebec City, Canada",2018-03-27
967d68c2-eae0-4450-9c1b-26202c6a7223,"Honestly, it feels very addictive. It gets frustrating after a while.",1,male,"Rome, Italy",2016-12-31
4ac12447-2f85-4652-af2f-015b69fc5c62,One issue is that i keep seeing the same trends repeatedly. It makes it harder to stay focused.,1,male,"Dublin, Ireland",2016-12-05
15342f65-7476-4f3a-b5fc-43d16345e1e8,"In my experience, some videos get views randomly while others don’t. It makes the experience less enjoyable.",1,male,"Ottawa, Canada",2018-08-08
e2e024f4-b0fa-4add-93a6-896fcef58089,What bothers me is that the comment sections can be very toxic. It makes it harder to stay focused.,1,male,"Buenos Aires, Argentina",2018-12-11
36c84b3c-4d56-462f-9dc8-b010aa6e09cb,"I wanted to like it, but i’m concerned about data privacy. It gets frustrating after a while.",1,male,"Seattle, United States",2018-01-11
800678b5-480e-4bbc-9b63-6fa57066c33d,The main problem is that there are too many ads and promotions.,1,male,"Johannesburg, South Africa",2017-11-11
071ecf85-5ce8-4aea-b7d5-31bfb2b68d7b,"Honestly, it’s hard to focus after using it. That part could definitely be improved.",1,male,"Ottawa, Canada",2018-09-11
7dcbbc99-84d7-42c8-875b-d97a2215f315,"So far, there’s too much content to keep up with.",1,male,"Berlin, Germany",2016-12-16
e2a39e9c-29b4-4713-8f82-e2b95c221568,"In my experience, content quality varies a lot. It makes it harder to stay focused.",1,male,"Dubai, United Arab Emirates",2017-07-09
46cd774b-746e-4717-a93f-5d39dfd7f615,I’d say i lose track of time scrolling on TikTok. It makes it harder to stay focused.,1,female,"Canberra, Australia",2019-04-05
5ed61f02-d51d-4b06-90b6-bed649ef2d06,"In my experience, it feels very addictive. It makes the app hard to control.",1,female,"Queenstown, New Zealand",2019-05-19
39d902f9-01fb-43fa-a8a2-652c6db18f0f,"I wanted to like it, but i keep seeing the same trends repeatedly. It makes the experience less enjoyable.",1,male,"Oslo, Norway",2016-11-07
fb76a492-ce60-4d4c-bfe9-f20c6b17f270,I’d say some videos get views randomly while others don’t. That part could definitely be improved.,1,male,"Milan, Italy",2016-10-03
87f96ca0-8d3f-4d0b-ae48-0af278c89992,"Personally, the comment sections can be very toxic. It makes the experience less enjoyable.",1,male,"Buenos Aires, Argentina",2018-11-17
58400a7e-f6ce-44ee-889f-e93a740a0c20,"In my experience, i’m concerned about data privacy. It makes it harder to stay focused.",1,male,"Boston, United States",2018-01-01
1428aeec-9a69-4726-856f-7b11c2508bf3,"Honestly, there are too many ads and promotions.",1,male,"Caracas, Venezuela",2018-11-11
4df395f0-810f-429d-b354-5be904fa77b2,"For me, it’s hard to focus after using it. It ends up feeling repetitive.",1,male,"Montreal, Canada",2018-07-13
8f21304a-abd8-4e0f-9ec8-76cb643d687c,"I wanted to like it, but there’s too much content to keep up with. It becomes overwhelming.",1,male,"Dallas, United States",2017-12-28
e03ef601-4de5-428d-82c6-e1e3e8918072,"So far, content quality varies a lot. It ends up feeling repetitive.",1,male,"Rio de Janeiro, Brazil",2018-09-19
4b0c8ae0-4be3-4255-a92e-c4039687398c,"Honestly, i lose track of time scrolling on TikTok. It ends up feeling repetitive.",1,male,"Los Angeles, United States",2018-06-04
66ccf86e-7a48-47eb-94e0-7c1195bd0afb,"I wanted to like it, but it feels very addictive. It makes the app hard to control.",1,male,"Helsinki, Finland",2016-10-15
38a147fe-ffd8-4d86-91c0-5e544670e958,I’d say i keep seeing the same trends repeatedly.,1,male,"Denver, United States",2018-01-15
ec2bacb6-2976-4730-a8fd-e55288aee253,"Personally, some videos get views randomly while others don’t. That part could definitely be improved.",1,female,"Wellington, New Zealand",2019-03-13
ec943817-a0d9-4526-a517-095d6cb90e32,"Honestly, the comment sections can be very toxic. It makes the app hard to control.",1,male,"Quito, Ecuador",2018-11-29
942fc1ac-6db9-4098-afd2-9633ed91c1a6,"I wanted to like it, but i’m concerned about data privacy.",1,male,"New York, United States",2018-07-25
cfabef4a-4594-4b37-9c73-16ea0dce4603,What bothers me is that there are too many ads and promotions. It gets frustrating after a while.,1,male,"Boston, United States",2018-06-22
e98ae195-9ece-4e9b-a1ab-fdf855c8c439,"In my experience, it’s hard to focus after using it. It gets frustrating after a while.",1,male,"São Paulo, Brazil",2019-01-05
56a42de3-504a-40a2-a766-9db6fd2c6406,"Honestly, there’s too much content to keep up with.",1,male,"Jakarta, Indonesia",2017-07-22
ed25ece0-7c14-4ec4-bab2-bb9b4ac9119c,"Honestly, content quality varies a lot.",1,male,"Kampala, Uganda",2017-11-03
9b9eda9c-22f1-4b5d-b0a2-5f5176452781,I’d say i lose track of time scrolling on TikTok. It becomes overwhelming.,1,male,"San Diego, United States",2018-07-01
52e08091-b52b-416c-a647-d822b53f7090,"Personally, it feels very addictive.",1,male,"Buenos Aires, Argentina",2019-01-10
66f95e09-72c9-48a8-8ccb-91a9ea3e846f,What bothers me is that i keep seeing the same trends repeatedly. It gets frustrating after a while.,1,male,"Alexandria, Egypt",2017-08-21
8e83255f-7ff0-4aa9-9ef7-02755fdc993b,"Honestly, some videos get views randomly while others don’t. It ends up feeling repetitive.",1,male,"Shanghai, China",2017-03-19
9bf61a8a-da7a-46f9-a4c1-5144aa61e7d2,"So far, the comment sections can be very toxic. That part could definitely be improved.",1,male,"Singapore, Singapore",2017-07-02
8082ece0-2ca3-447e-8f19-1750b8633b73,One issue is that i’m concerned about data privacy. It gets frustrating after a while.,1,male,"Addis Ababa, Ethiopia",2017-12-18
c10235bc-331a-4f0a-9aee-abe47dd96d9e,"Honestly, there are too many ads and promotions. It becomes overwhelming.",1,male,"Stockholm, Sweden",2017-01-07
4a84bab9-d7c8-42e9-b4f7-ef4c6ba25ce6,"For me, it’s hard to focus after using it. It makes it harder to stay focused.",1,male,"Quebec City, Canada",2018-06-28
fbb5c6a2-987d-4166-84f4-3a2f86b08ac8,"Personally, there’s too much content to keep up with.",1,female,"Port Moresby, Papua New Guinea",2019-03-27
f3b988b1-f2c0-4eaa-96ff-90ca99f62fde,"I wanted to like it, but content quality varies a lot. It makes the experience less enjoyable.",1,male,"Windhoek, Namibia",2017-09-11
78a17cc3-b7f0-46da-b7d1-5cba8caea323,The main problem is that i lose track of time scrolling on TikTok. It makes the experience less enjoyable.,1,female,"Hobart, Australia",2019-05-27
3b8950ac-1637-4fed-8114-9dc337b07d8f,"So far, it feels very addictive.",1,male,"Kampala, Uganda",2017-11-29
ab435000-0360-442e-bc61-79dfc6117b83,"In my experience, i keep seeing the same trends repeatedly. It makes the app hard to control.",1,male,"Quebec City, Canada",2018-03-27
aed8e514-5bd1-4d29-af85-f1bdccc00f44,I’d say some videos get views randomly while others don’t.,1,female,"Sydney, Australia",2019-06-17
8ace262a-db25-49e6-abf0-fcbc1b653c95,"Personally, the comment sections can be very toxic. It ends up feeling repetitive.",1,male,"Cali, Colombia",2018-09-19
d8065662-920e-4c50-87d5-b2dddda139ca,"I wanted to like it, but i’m concerned about data privacy. It makes it harder to stay focused.",1,male,"Jacksonville, United States",2018-02-24
a5d869ba-8053-4774-a6d6-16dc1372185e,I’d say there are too many ads and promotions. It makes it harder to stay focused.,1,male,"Asunción, Paraguay",2018-11-03
211481ff-5e7f-4e97-8928-266be7d6d06f,"I wanted to like it, but it’s hard to focus after using it.",1,male,"San Antonio, United States",2018-01-22
1f6599f5-0740-4df0-9ed5-349aabcecf3d,What bothers me is that there’s too much content to keep up with. It makes the app hard to control.,1,male,"São Paulo, Brazil",2018-10-01
f1f9afdd-1e6b-4b16-bb27-d8bd6a488bd6,I’d say content quality varies a lot. It gets frustrating after a while.,1,male,"Mumbai, India",2017-05-13
192d5ef4-aef9-4843-adb7-0db93738f1aa,"Personally, i lose track of time scrolling on TikTok. It becomes overwhelming.",1,male,"Warsaw, Poland",2016-12-16
07dbc2c5-2671-4052-9724-28d64b68d52b,"I wanted to like it, but it feels very addictive. It ends up feeling repetitive.",1,male,"San Jose, United States",2018-05-30
c37b90f5-1a18-4ec9-8422-ef4f841dcc4f,"So far, i keep seeing the same trends repeatedly. It makes it harder to stay focused.",1,male,"Quebec City, Canada",2018-03-14
c7d86c37-c83d-44f3-a47f-2fcfdbebb847,I’d say some videos get views randomly while others don’t. That part could definitely be improved.,1,male,"San Jose, United States",2018-01-09
0f1c102a-6fc0-4815-80fa-d8326263b078,What bothers me is that the comment sections can be very toxic. That part could definitely be improved.,1,male,"Glasgow, United Kingdom",2017-01-27
46c81ffc-6cbb-4eca-a054-ebc03d301f35,"For me, i’m concerned about data privacy. It makes the experience less enjoyable.",1,female,"Canberra, Australia",2019-05-05
e5f3a641-3a6f-455f-b159-3b566a374b9f,"So far, there are too many ads and promotions. It makes the experience less enjoyable.",1,male,"Valencia, Spain",2017-01-21
9a456aa3-4c83-4670-8b22-068aee391efc,"In my experience, it’s hard to focus after using it. It makes the app hard to control.",1,female,"Brisbane, Australia",2019-06-07
2dda6181-9ad3-4d2e-a322-89bbb4f5d0f4,"So far, there’s too much content to keep up with. It ends up feeling repetitive.",1,male,"Cairo, Egypt",2017-08-18
3f948e45-0698-451e-ad54-c7851b2ea9ba,"In my experience, content quality varies a lot. It makes the app hard to control.",1,male,"Riyadh, Saudi Arabia",2017-07-12
297210d1-f552-47ae-a74a-b5042fa46750,One issue is that i lose track of time scrolling on TikTok. It becomes overwhelming.,1,female,"Canberra, Australia",2019-05-10
714714e3-513e-49dd-ad39-3663394ee03b,"For me, it feels very addictive. It makes the experience less enjoyable.",1,female,"Port Moresby, Papua New Guinea",2019-05-31
0936f40b-ebab-4ad1-a187-5e9cc8f26f66,"So far, i keep seeing the same trends repeatedly. That part could definitely be improved.",1,male,"San Jose, United States",2018-09-10
d03d9ca3-6150-41fa-807b-6b65945c267c,The main problem is that some videos get views randomly while others don’t. That part could definitely be improved.,1,female,"Gold Coast, Australia",2019-05-26
1346c442-d8df-4b91-8b5d-8f24ba294fee,"Honestly, the comment sections can be very toxic. That part could definitely be improved.",1,male,"Jakarta, Indonesia",2017-03-26
9ed8e69c-77ba-4a4d-b0bc-b466c2028d23,"For me, i’m concerned about data privacy.",1,female,"Melbourne, Australia",2019-02-15
20835a85-e02e-4386-af7b-576767a43046,One issue is that there are too many ads and promotions.,1,male,"Austin, United States",2018-06-18
9495be3f-28ae-4302-a529-dcbcb4ec34a5,"For me, it’s hard to focus after using it. It makes the app hard to control.",1,male,"Nairobi, Kenya",2017-07-26
f6cae6c2-d584-4617-a992-345b3aa75411,One issue is that there’s too much content to keep up with. That part could definitely be improved.,1,male,"San Francisco, United States",2018-05-27
c84d2a1c-d63b-4b57-8bbc-a113aa416537,"So far, content quality varies a lot. It gets frustrating after a while.",1,male,"Lisbon, Portugal",2017-01-18
ca6e4141-0b90-4f8d-b400-fa1d72597d24,The main problem is that i lose track of time scrolling on TikTok. That part could definitely be improved.,1,male,"São Paulo, Brazil",2018-12-11
2418173a-676d-49d0-904a-5310f94621df,"I wanted to like it, but it feels very addictive. It makes the app hard to control.",1,male,"Boston, United States",2018-07-12
151db5a0-05ad-4bf6-b695-7419a3bb87c1,"Honestly, i keep seeing the same trends repeatedly. It makes it harder to stay focused.",1,male,"Stockholm, Sweden",2017-01-16
fe72af60-1c71-487e-a6be-2923b473f2ba,"I wanted to like it, but some videos get views randomly while others don’t. It makes the app hard to control.",1,male,"Jerusalem, Israel",2017-05-10
944361ef-19a6-43cc-aaf7-aabe2a1a50a2,"I wanted to like it, but the comment sections can be very toxic. It ends up feeling repetitive.",1,male,"Shenzhen, China",2017-07-22
267b4ea9-1fe1-43bb-aa11-7b268f09eb09,"For me, i’m concerned about data privacy. It gets frustrating after a while.",1,male,"San Jose, United States",2018-01-23
c7aceec6-d967-4c64-9416-0134e98749af,"For me, there are too many ads and promotions. It makes the app hard to control.",1,male,"Riyadh, Saudi Arabia",2017-05-21
2094b8e8-cf8d-468f-81ef-c4f705059e79,"So far, it’s hard to focus after using it. It makes it harder to stay focused.",1,male,"Casablanca, Morocco",2017-07-28
cb26767d-9811-4322-ad09-c719b38ed937,"So far, there’s too much content to keep up with. That part could definitely be improved.",1,male,"San Francisco, United States",2018-04-12
e72784c2-96a0-4672-9f27-887cbeead987,"For me, content quality varies a lot. It becomes overwhelming.",1,male,"Ho Chi Minh City, Vietnam",2017-02-25
c7af2690-f75e-47e5-9741-78d4778e50a7,One issue is that i lose track of time scrolling on TikTok. It gets frustrating after a while.,1,male,"Brasília, Brazil",2018-11-02
c04c5d08-f1ef-431c-bb5c-217db09d8bfe,"Honestly, it feels very addictive. It ends up feeling repetitive.",1,male,"Calgary, Canada",2017-12-30
7dfb109a-091c-4542-9443-1cb2b537899d,One issue is that i keep seeing the same trends repeatedly.,1,male,"Dakar, Senegal",2017-11-16
73764881-255c-40ff-a5d6-092afb25db2b,"Honestly, some videos get views randomly while others don’t. It makes it harder to stay focused.",1,male,"Washington DC, United States",2018-05-04
72dd8c5d-8682-4160-b003-04c13d1ba460,"Personally, the comment sections can be very toxic. It makes it harder to stay focused.",1,male,"Shenzhen, China",2017-03-08
f197b848-f9c5-4a89-bd12-cf65abd1927c,"For me, i’m concerned about data privacy. It ends up feeling repetitive.",1,female,"Gold Coast, Australia",2019-03-22
78605679-3013-4189-8297-72fd47821fdb,"For me, there are too many ads and promotions.",1,male,"Krakow, Poland",2017-01-24
c23f66a6-9410-464d-a83a-80241c260588,What bothers me is that it’s hard to focus after using it. It ends up feeling repetitive.,1,male,"San Jose, United States",2018-04-07
0b053faf-fb10-4eed-a87a-ae383fa3479e,What bothers me is that there’s too much content to keep up with. It makes the app hard to control.,1,female,"Sydney, Australia",2019-06-05
7e0e6462-b798-4174-a46f-180e00409a3a,"In my experience, content quality varies a lot. It makes the app hard to control.",1,male,"Helsinki, Finland",2017-02-18
3f034ce9-4197-475f-aec8-b56c1f5e7a27,The main problem is that i lose track of time scrolling on TikTok. It makes the experience less enjoyable.,1,male,"Houston, United States",2018-09-08
0f728812-6f10-4e88-b78e-46c851e66c76,"Personally, it feels very addictive.",1,female,"Melbourne, Australia",2019-06-15
55dca0af-007a-4bc4-9096-61267fc3091b,What bothers me is that i keep seeing the same trends repeatedly. It ends up feeling repetitive.,1,female,"Christchurch, New Zealand",2019-07-06
7626c503-e40d-48dc-825a-22f01646faee,One issue is that some videos get views randomly while others don’t. It becomes overwhelming.,1,male,"Johannesburg, South Africa",2017-09-17
02bc7bcf-787c-42c6-ac47-8aa9237965ff,"Personally, the comment sections can be very toxic. It ends up feeling repetitive.",1,male,"San Francisco, United States",2018-06-26
6780d2d8-2d84-4bfa-8acd-b4074e590f0b,"I wanted to like it, but i’m concerned about data privacy. It makes it harder to stay focused.",1,female,"Gold Coast, Australia",2019-05-13
cfdaee45-9dd3-4646-8264-8db9910519cd,"Honestly, there are too many ads and promotions. It makes the app hard to control.",1,male,"Guadalajara, Mexico",2018-06-25
3b16d5da-cef7-416e-8723-c45e6beada36,"Personally, it’s hard to focus after using it. It becomes overwhelming.",1,female,"Hobart, Australia",2019-03-03
4051fc6b-8a82-4cb7-8572-96f2e772c895,"So far, there’s too much content to keep up with. It becomes overwhelming.",1,male,"San Antonio, United States",2018-09-07
0b39cb38-004c-4817-a496-4e6d02a0601a,I’d say content quality varies a lot.,1,male,"Warsaw, Poland",2016-11-06
5dfe4cdb-88fc-44f7-9cc7-cace182ca531,One issue is that i lose track of time scrolling on TikTok. It makes the app hard to control.,1,male,"Rabat, Morocco",2017-09-15
c9d37afe-d2b1-4549-b05b-8d674f354e59,"I wanted to like it, but it feels very addictive. It gets frustrating after a while.",1,female,"Brisbane, Australia",2019-03-25
93e4d47f-a04b-4927-b184-b557a21b41cc,"Honestly, i keep seeing the same trends repeatedly. It gets frustrating after a while.",1,male,"Guadalajara, Mexico",2018-01-18
f93b7188-27c3-4242-aff7-d9af9f5a6338,I’d say some videos get views randomly while others don’t. It makes the experience less enjoyable.,1,male,"Marrakesh, Morocco",2017-12-13
2d1d83f6-16fe-4bfa-8810-6632a6b393e4,"Honestly, the comment sections can be very toxic. It becomes overwhelming.",1,male,"Mombasa, Kenya",2017-08-05
2e4abde6-b952-4c5d-81e8-165ec4ed6224,"For me, i’m concerned about data privacy. That part could definitely be improved.",1,male,"Jeddah, Saudi Arabia",2017-03-10
cbea4419-03f5-4cfa-9779-3f8656bb23ed,"For me, there are too many ads and promotions. That part could definitely be improved.",1,male,"Denver, United States",2018-08-09
1d7c0293-cba5-4399-8ce9-fa348285818f,The main problem is that it’s hard to focus after using it. It ends up feeling repetitive.,1,male,"Harare, Zimbabwe",2017-11-04
b255aec1-8190-43e7-981b-8dfc71939353,"Personally, there’s too much content to keep up with. It becomes overwhelming.",1,female,"Perth, Australia",2019-03-13
0e0cf685-9560-46e7-953b-94561f77b99e,What bothers me is that content quality varies a lot. It makes it harder to stay focused.,1,male,"Milan, Italy",2016-11-12
11a63909-2a39-4a72-bf45-5f9cd41ce457,What bothers me is that i lose track of time scrolling on TikTok. That part could definitely be improved.,1,female,"Hobart, Australia",2019-03-05
ec5d7926-df33-4407-9197-a403a772d213,"In my experience, it feels very addictive. It gets frustrating after a while.",1,male,"Geneva, Switzerland",2017-01-01
060651ed-e96c-4385-82f5-b0b6ce24049b,I’d say i keep seeing the same trends repeatedly. That part could definitely be improved.,1,male,"Guayaquil, Ecuador",2019-01-12
3b711702-694b-4262-a4a5-de58a4fd7ecc,"Honestly, some videos get views randomly while others don’t. It ends up feeling repetitive.",1,male,"Denver, United States",2018-01-07
b70f218c-db80-4aa2-b54c-4fe2a705350f,"For me, the comment sections can be very toxic. It makes it harder to stay focused.",1,male,"Córdoba, Argentina",2018-10-20
7a8d8295-df48-49f5-a3cb-af17e37b1938,"I wanted to like it, but i’m concerned about data privacy. It makes the app hard to control.",1,male,"San Diego, United States",2017-12-31
c47090ea-8d7b-45f6-a235-275539e10278,"So far, there are too many ads and promotions. It becomes overwhelming.",1,male,"Singapore, Singapore",2017-03-09
5eeda74b-da55-4f0e-8995-bc622549fa9d,What bothers me is that it’s hard to focus after using it. It gets frustrating after a while.,1,female,"Gold Coast, Australia",2019-05-19
3e902ce3-b038-4414-8b8b-e333ccb61ff5,"Personally, there’s too much content to keep up with. It makes it harder to stay focused.",1,male,"Chicago, United States",2018-07-13
df25502b-e30a-4131-9352-f0b2bc43d6fd,I’d say content quality varies a lot. It makes it harder to stay focused.,1,male,"Riyadh, Saudi Arabia",2017-05-05
6d98ff5a-64b3-4e98-8a73-bec89014f6af,I’d say i lose track of time scrolling on TikTok. It becomes overwhelming.,1,male,"Washington DC, United States",2018-05-27
f8d0423f-aa0d-46ab-b47d-afe65f68f24e,The main problem is that it feels very addictive. It gets frustrating after a while.,1,male,"Chennai, India",2017-04-30
93f94ade-9e0a-4830-ace2-c1560866531d,"I wanted to like it, but i keep seeing the same trends repeatedly. It makes the app hard to control.",1,male,"Rabat, Morocco",2017-11-11
c1cbff0a-a824-4f18-8b3e-74a4aa643145,What bothers me is that some videos get views randomly while others don’t. It makes the experience less enjoyable.,1,male,"New York, United States",2018-05-26
722e8038-758b-42a9-a27d-b2d0f4e0d06c,"Honestly, the comment sections can be very toxic. It gets frustrating after a while.",1,male,"New York, United States",2018-06-10
f5e1570b-b26d-4e39-baee-ead059ef1a31,"Honestly, i’m concerned about data privacy. It makes the experience less enjoyable.",1,male,"Barcelona, Spain",2017-01-17
a59ad1a1-b0d0-4aaa-92a7-efdc66a5582a,"So far, there are too many ads and promotions.",1,male,"Shenzhen, China",2017-04-13
e4da3cde-81a8-4bd6-9648-79c453594c3f,"Personally, it’s hard to focus after using it. It makes the experience less enjoyable.",1,male,"Los Angeles, United States",2018-01-07
c906f51f-0769-4869-8b34-69b8f6087d01,I’d say there’s too much content to keep up with. That part could definitely be improved.,1,male,"San Antonio, United States",2018-03-07
57ce08b7-4305-42cd-8bb6-c7941135495a,"In my experience, content quality varies a lot. That part could definitely be improved.",1,female,"Port Moresby, Papua New Guinea",2019-02-15
7fc13dcf-35e6-4013-be14-08af418542a4,One issue is that i lose track of time scrolling on TikTok. It gets frustrating after a while.,1,male,"Phoenix, United States",2018-05-07
22f4c650-ac2a-42dd-9eed-b04f2ded2b25,What bothers me is that it feels very addictive. It gets frustrating after a while.,1,male,"Caracas, Venezuela",2018-12-31
8e1dc365-1d4c-49e6-8966-7247a77ca67f,"I wanted to like it, but i keep seeing the same trends repeatedly. That part could definitely be improved.",1,male,"Nairobi, Kenya",2017-10-09
65e0db70-42c3-44e1-8829-dc29d27d8ddf,One issue is that some videos get views randomly while others don’t. It makes it harder to stay focused.,1,male,"Bangalore, India",2017-04-08
b990790a-f3b3-4db7-b259-f8f014356298,One issue is that the comment sections can be very toxic. That part could definitely be improved.,1,male,"Chennai, India",2017-07-10
b56382bf-624b-4d00-afa5-e3474dbf437e,"In my experience, i’m concerned about data privacy.",1,male,"Berlin, Germany",2016-10-25
35ca9c7a-1910-4d69-9af1-2cba02e367b8,The main problem is that there are too many ads and promotions. It ends up feeling repetitive.,1,male,"Addis Ababa, Ethiopia",2017-10-04
e5946944-0df4-432f-8a49-8033e7497a69,"So far, it’s hard to focus after using it. It becomes overwhelming.",1,male,"Washington DC, United States",2018-07-06
d8d481a8-afaa-4ffe-9f1a-787f9bbe4118,One issue is that there’s too much content to keep up with. That part could definitely be improved.,1,female,"Quito, Ecuador",2019-01-31
ebcd7d75-64da-4650-91d4-b021670371e8,"Honestly, content quality varies a lot. It gets frustrating after a while.",1,male,"Kuala Lumpur, Malaysia",2017-05-26
fa819915-b761-42cd-b1de-91477f2b9a1b,"In my experience, i lose track of time scrolling on TikTok. It makes the experience less enjoyable.",1,male,"Tijuana, Mexico",2018-09-15
dbee2ac2-f506-42d5-bc94-d6dcb10fb5b7,"So far, it feels very addictive. It makes the experience less enjoyable.",1,male,"La Paz, Bolivia",2018-11-01
701dadb4-e52d-4714-bca0-0409b0f5e3f6,"Honestly, i keep seeing the same trends repeatedly. It makes it harder to stay focused.",1,male,"Phoenix, United States",2018-08-31
41291800-05ab-4cc0-b373-2b9013d56ada,"Personally, some videos get views randomly while others don’t. It gets frustrating after a while.",1,female,"Hobart, Australia",2019-06-03
ab6e4e5a-f674-489a-9c84-10d883b0c0c8,"For me, the comment sections can be very toxic.",1,male,"Montreal, Canada",2018-05-10
2c9e04db-7945-4bcf-a260-64b3dc2ec1f4,One issue is that i’m concerned about data privacy. It makes it harder to stay focused.,1,male,"Cancun, Mexico",2017-12-23
c22596da-1f46-46a1-a94b-c67064548b0d,"For me, there are too many ads and promotions. It becomes overwhelming.",1,male,"New York, United States",2018-03-28
8aa80331-6954-4ee1-a7d7-f15d9b1bbda1,"So far, it’s hard to focus after using it. It ends up feeling repetitive.",1,male,"Birmingham, United Kingdom",2016-10-04
af581ba8-735e-4ed9-b615-209e2b62a64f,"In my experience, there’s too much content to keep up with.",1,male,"Rome, Italy",2016-10-06
e19d2f49-ac67-4754-a417-f3c9b7c6144b,"So far, content quality varies a lot.",1,male,"Boston, United States",2018-02-12
98342261-39d4-4874-af0a-8b8aff6a7805,I’d say i lose track of time scrolling on TikTok. It gets frustrating after a while.,1,male,"Abuja, Nigeria",2017-10-16
1c613d37-2223-4d6c-af04-2a793feeb07d,One issue is that it feels very addictive. It gets frustrating after a while.,1,male,"Madrid, Spain",2017-02-13
1efd6fbb-7eb1-422d-90c9-c0e8ed16495e,"So far, i keep seeing the same trends repeatedly. It gets frustrating after a while.",1,male,"Accra, Ghana",2017-09-24
b32d3e9b-65ee-4cfd-84a1-551c0cfaf66a,What bothers me is that some videos get views randomly while others don’t. It makes it harder to stay focused.,1,male,"Seattle, United States",2018-07-12
9646240a-4d21-4c95-af7d-cacc8980ec0e,"Honestly, the comment sections can be very toxic. It becomes overwhelming.",1,male,"Seattle, United States",2018-03-13
090aac64-8a05-48ef-ac96-1d008c01247d,One issue is that i’m concerned about data privacy. It makes the app hard to control.,1,male,"Abuja, Nigeria",2017-11-05
1acbbe77-29ae-4653-9c7c-df614dce89eb,One issue is that there are too many ads and promotions. It makes the experience less enjoyable.,1,male,"São Paulo, Brazil",2018-11-19
ec7c092d-b5c3-4f6a-bf08-4ff3838d65ca,"In my experience, it’s hard to focus after using it. It makes the experience less enjoyable.",1,male,"Milan, Italy",2016-11-23
d20dd7a1-ad9b-407d-be7b-970123b81636,One issue is that there’s too much content to keep up with. It gets frustrating after a while.,1,female,"Melbourne, Australia",2019-03-17
f2e97428-70e9-421f-9569-5ac772f6a265,I’d say content quality varies a lot. It makes the experience less enjoyable.,1,male,"Seattle, United States",2018-08-19
1fe4d9d8-e4d7-4526-aef6-5185ede80f01,The main problem is that i lose track of time scrolling on TikTok. It gets frustrating after a while.,1,male,"Nairobi, Kenya",2017-11-29
fd1d76fa-674d-4e52-b554-5b968d14d5b5,I’d say it feels very addictive. It gets frustrating after a while.,1,male,"Chicago, United States",2018-09-01
fb054853-31bd-42a5-b3bb-142591b56587,"Personally, i keep seeing the same trends repeatedly.",1,female,"Hobart, Australia",2019-05-10
5d59419c-9287-481a-947a-44568f3332dc,"For me, some videos get views randomly while others don’t. It ends up feeling repetitive.",1,male,"Quebec City, Canada",2018-07-25
36e1dad4-6eee-4cd9-a844-f5b66e096a9c,"I wanted to like it, but the comment sections can be very toxic. That part could definitely be improved.",1,male,"Ottawa, Canada",2018-08-08
bf41fbe8-d6ce-40cf-806e-79aef5795659,The main problem is that i’m concerned about data privacy. It makes the experience less enjoyable.,1,male,"Houston, United States",2018-09-11
1aa5dcf2-cb86-4ff8-a346-e443b39ce669,"Personally, there are too many ads and promotions. It ends up feeling repetitive.",1,female,"Melbourne, Australia",2019-04-16
4de7ffc4-235f-45ae-b8a3-35a63c7005f7,"Honestly, it’s hard to focus after using it. It becomes overwhelming.",1,female,"Brisbane, Australia",2019-03-20
02d08441-15d2-4754-8cb2-20e8c1c55ebd,"In my experience, there’s too much content to keep up with. It makes the app hard to control.",1,male,"Riyadh, Saudi Arabia",2017-07-10
0f5cc273-29c3-4c6e-9f0e-8f9627d1f623,I’d say content quality varies a lot. It makes the app hard to control.,1,male,"Budapest, Hungary",2016-10-22
a9e25f88-f8f6-446b-9bc5-aa9dc31fc81c,"Honestly, i lose track of time scrolling on TikTok. It gets frustrating after a while.",1,male,"Tokyo, Japan",2017-07-08
2d6ca0e5-a40a-4205-b861-884abaa3c1b4,"For me, it feels very addictive. It becomes overwhelming.",1,male,"Alexandria, Egypt",2017-10-04
fd8cdb32-6e0e-40a5-a8b9-bf078f523bda,I’d say i keep seeing the same trends repeatedly. It gets frustrating after a while.,1,male,"Osaka, Japan",2017-06-07
12d5d765-834e-4452-8e7f-46125e1aac7d,I’d say some videos get views randomly while others don’t. It becomes overwhelming.,1,male,"Calgary, Canada",2018-01-06
1953728d-461d-451b-b9b5-0ef7f05a9de0,"So far, the comment sections can be very toxic. It becomes overwhelming.",1,female,"Sydney, Australia",2019-05-08
79d4e6b9-eb35-400e-9f92-c737067ed686,"I wanted to like it, but i’m concerned about data privacy. It makes the app hard to control.",1,male,"Dubai, United Arab Emirates",2017-04-09
c86a4a96-dcb0-405e-8b51-ea2413d05705,One issue is that there are too many ads and promotions. It makes the app hard to control.,1,male,"Kumasi, Ghana",2017-10-21
d7e357a1-cfb6-4485-bf07-34a3d9a2fb0d,"So far, it’s hard to focus after using it. It ends up feeling repetitive.",1,female,"Quito, Ecuador",2019-01-22
d8479842-0e42-4692-a1f8-0485dc28447b,"For me, there’s too much content to keep up with. It makes the app hard to control.",1,male,"Krakow, Poland",2017-02-09
710d189b-4337-4252-ad4e-c2935685c467,"So far, content quality varies a lot. It gets frustrating after a while.",1,male,"Lagos, Nigeria",2017-09-22
908c9b6a-f8f7-4ac3-aacf-50777b0a333e,"In my experience, i lose track of time scrolling on TikTok. It becomes overwhelming.",1,male,"Houston, United States",2018-04-11
9edf3bd7-0861-4eeb-82e7-85b160a9ba7f,"Personally, it feels very addictive. It makes the experience less enjoyable.",1,male,"Quito, Ecuador",2018-11-18
dfe571af-f926-4ee0-ac35-47019d1944f8,I’d say i keep seeing the same trends repeatedly.,1,female,"Christchurch, New Zealand",2019-02-20
b138e4d0-f84f-4abe-af53-56b791dcbc20,"For me, some videos get views randomly while others don’t. It gets frustrating after a while.",1,male,"Abu Dhabi, United Arab Emirates",2017-06-16
17871065-8913-43d9-95a1-935927adde1a,"I wanted to like it, but the comment sections can be very toxic.",1,female,"Hobart, Australia",2019-05-23
b3cfc4aa-d80e-4d77-adb5-f678808fdf39,The main problem is that i’m concerned about data privacy. It makes the experience less enjoyable.,1,male,"Tripoli, Libya",2017-12-14
4110ebc6-1a68-4410-935c-d856f3c5bbc9,"So far, there are too many ads and promotions. That part could definitely be improved.",1,male,"Warsaw, Poland",2017-02-09
d57bf7a8-6901-4c21-b5c3-4ccf956ca253,One issue is that it’s hard to focus after using it. It makes it harder to stay focused.,1,male,"Beijing, China",2017-03-10
625fa93b-2a31-41e1-9ae0-c09a2bac41dc,"Personally, there’s too much content to keep up with. That part could definitely be improved.",1,male,"Lusaka, Zambia",2017-12-17
fe24b1fc-2002-4ba6-b208-ca7977d001c2,"Honestly, content quality varies a lot. That part could definitely be improved.",1,male,"Córdoba, Argentina",2018-12-31
84c24811-8842-4c20-b4e8-05d30036c153,"In my experience, i lose track of time scrolling on TikTok.",1,male,"Seville, Spain",2016-12-08
149d1e0b-1ee9-474d-bafc-e93707dfc49d,The main problem is that it feels very addictive.,1,male,"Hanoi, Vietnam",2017-05-08
163bb48b-475e-4834-a806-19ce152c4390,"Personally, i keep seeing the same trends repeatedly.",1,male,"Rosario, Argentina",2018-12-21
2277c70a-9ed6-4427-bafb-edfc10f388f6,"Honestly, some videos get views randomly while others don’t. It gets frustrating after a while.",1,male,"Córdoba, Argentina",2019-01-12
cd0f3941-bf30-4795-9467-40e98fc402b9,The main problem is that the comment sections can be very toxic. It gets frustrating after a while.,1,male,"Ho Chi Minh City, Vietnam",2017-04-20
d8055524-1636-4324-883f-ea5ae57f3306,What bothers me is that i’m concerned about data privacy. It makes the experience less enjoyable.,1,male,"Zurich, Switzerland",2016-11-25
1ba25e1d-fe2c-4675-98ef-d075c758b54b,I’d say there are too many ads and promotions.,1,male,"Calgary, Canada",2018-07-24
f94cbcc0-3c48-4054-a3a3-ae22b9a486df,"So far, it’s hard to focus after using it. It makes the experience less enjoyable.",1,male,"Salvador, Brazil",2018-12-13
d73418d6-e587-454c-a055-9550894521e7,I’d say there’s too much content to keep up with. It makes it harder to stay focused.,1,male,"Paris, France",2016-11-19
7581502b-21dc-4399-ae10-2d5ca57bcd1f,"For me, content quality varies a lot.",1,male,"Jacksonville, United States",2018-03-13
c7ba3d0f-de40-4695-b12b-e366627b6219,Mark Joseph pricess,1,male,"Birmingham, United Kingdom",2017-02-20
979b2df0-edbc-4961-a6e8-60de253bd5d8,Pangit po NG tiktok,1,male,"Cancun, Mexico",2018-06-01
9d59395f-d0ec-4a96-b085-f3df993a3052,"tiktok is cringe, bad, 18+ sometimes, bruh",1,male,"Berlin, Germany",2017-01-21
c17b7de5-5937-42c8-bd13-12e0d968a628,Masokaloh molek tiktok suruh update sokmo,1,male,"Lisbon, Portugal",2017-02-10
873ac865-cc7c-4ead-8b8d-8d7eb4f687b2,useless app,1,male,"Tijuana, Mexico",2018-03-31
5eeddff7-cd80-40f4-822e-3c9f784423ba,Sa totoo lng po nabubuset po ako kay tiktok naka ilang update nako pero ayaw parin gumana may sira pa cp ko o si tiktok?,1,female,"Wellington, New Zealand",2019-05-17
c4556382-222a-45f9-ae76-195ccdb57026,'Cause I can't download it after I updated it,1,male,"Helsinki, Finland",2016-10-28
2efe45e4-740c-4e0b-89e1-4f73288cfc69,Tiktok 😭😭🙏 please made me another account and don't banned it because I miss dancing Ang you are my favorite apps I downloaded,1,male,"Zurich, Switzerland",2017-01-08
08bfce3f-215f-4e29-a4c2-fce179d8d90b,Happy,1,male,"Phuket, Thailand",2017-04-22
10c41af2-07eb-4633-8a33-8be902102cc1,"it will manipulate new generation, not recommended for younger age",1,male,"Brasília, Brazil",2019-01-03
6a9f34bd-e6f2-4288-8c0b-57170e4214ee,Tiktok Shop Chat with Merchant need to be fix,1,male,"Karachi, Pakistan",2017-05-31
26fcc831-e053-40aa-add6-9dcec0cf0beb,I hate this app so much !!,1,male,"Hanoi, Vietnam",2017-07-02
c36b337d-f61c-4c05-99db-cced68253c2a,Bruh i downloaded this just today and started getting alot of problems like when i text someone and still gives me like it says i have a text but no then when i cleared my inbox it still says i have 50 inboxes and dont give me ur stupid steps to report bc the best way is for yall to fix it,1,male,"Pretoria, South Africa",2017-12-09
e461db12-9d0e-42d3-8271-b83f2836b421,I cant download it,1,female,"Queenstown, New Zealand",2019-02-15
925401b3-18f3-4e64-9292-3dca1faf658a,"Why is the video is ""Age protected""? 🙂🙂",1,male,"Guangzhou, China",2017-07-11
f55e9ecc-6b93-433b-80f1-df1e77cb0daf,I really like it tysm! ^~^,1,male,"Los Angeles, United States",2018-01-21
e6ec5e1e-0000-48ac-af03-3bed4fc50813,Not easy to update ..😩,1,male,"Calgary, Canada",2018-01-24
5bdd2a68-5b5b-4b5a-8ae4-fea18784f912,"Hi tiktok please help to unbanned my tiktok account ,I want to revisit my account and I'm not doing anything against the Community Guidelines, I'm just posting different contents. There are people who massed report my account that's why my account was banned. I was just accused for violating the Community Guidelines. I'll be careful next time on my contents.Thank you!",1,male,"Cancun, Mexico",2018-02-18
b5bc18aa-115d-4c2b-9d7a-4e5f8f713d2a,Fix the bug if I color the text any color it is black,1,male,"Chicago, United States",2017-12-25
be2a532f-4e4c-4025-929b-5f1f8d100308,1 STAR LANG KAYA KUNG IBIGAY. TAPOS MO BIGYAN NG WARNING ACCOUNT TIKTOK KO 🙄🙄 SAMANTALA YUNG IBA HALOS HUBOD-HUBAD NA E 🙄 TINGNAN MO GINAWA MO SA TIKTOK KO HALOS WALA NG VIEWERS 🙄😥,1,male,"Fortaleza, Brazil",2018-12-25
e89ca414-5ae4-48cd-95e7-b6d4672e4016,Slow,1,male,"Tel Aviv, Israel",2017-04-20
e5c97e7f-5f94-4e35-9b5f-de1df10ec1c0,mff tiktok pacar saya insecure,1,male,"Montreal, Canada",2018-02-23
6a4d9829-4096-4f46-9237-49a81425197f,It doesnt download automatically When i tried to get rid of other apps it just glitchs,1,male,"Budapest, Hungary",2017-02-09
716e03a4-ea73-4376-9eec-1343e0fc0d9f,good,1,female,"Melbourne, Australia",2019-03-02
fd70b7ad-479c-426c-be75-e6baa31c2132,I can't log in my fb,1,male,"Kumasi, Ghana",2017-12-04
c480fbbe-37cf-4700-a023-50cb078edeb3,Kok sama saya ga bisa terinstal ya,1,female,"Hobart, Australia",2019-07-08
3e75f8c6-229d-4111-ad1f-898ca6505c76,"When i try to search a videos There's no Top when i click search there's three of them ""User's , Sounds , and Hashtag why there's no Top i already cleare data and clear Cache. how to fix that thanks.",1,male,"Cancun, Mexico",2018-08-03
d1e27886-c2b1-4d3b-9ab4-a83844c6268e,YOU DELETED MY ACCOUNT JUST BECAUSE IM 12?!?? I JUST WANTED TO ORDER AN ITEM FROM A SHOP I PUTTED MY BIRTHDATE OH MY GODDDD PLSSSS GET MY ACCOUNT BACKK😭😭🙏🙏🙏,1,male,"Guangzhou, China",2017-04-24
bb758d09-a4bb-43e6-96a5-72e0ac68a7c0,kindly fix i want to top up why it says always error😡😡😡,1,female,"Wellington, New Zealand",2019-04-25
b07efd50-5b6d-4036-899d-65e17dedee25,Add some history videos,1,male,"Dar es Salaam, Tanzania",2017-07-24
e91b8da6-b9d9-41b0-aa04-590947355eab,Hindi ko maidownload tong apps na to kanina pa aq nababanas,1,male,"Philadelphia, United States",2018-07-09
7cc9f46a-b6bb-4a13-b682-16d409010ef0,The app is not able to use i redownload but nothings gonna happen.,1,male,"Valparaíso, Chile",2018-11-14
0a5cdc90-841e-4499-9493-2dfdef8efa3b,UwU,1,male,"Lyon, France",2017-01-12
cf81551a-10e7-440d-a584-5ee24e616838,WHY TIKTOK LIKE HURRY UP,1,male,"Singapore, Singapore",2017-04-04
c73487e7-a755-45f2-85fa-aab23c068f76,Why did my old messages disappeared?,1,male,"Tripoli, Libya",2017-12-06
4623ce76-51c5-44ef-b369-f2918487ac8d,The application keep on asking me to update everyday.,1,male,"Abuja, Nigeria",2017-09-28
a6b79285-411f-46dc-9562-b222b6c06ae6,"I can't take pictures with this app, it can only record videos... No button to take pictures, has no take photo only option.",1,male,"Algiers, Algeria",2017-08-16
05290642-8231-42ce-b7bf-90e694ad20a0,"I can't update it, tried a lot of times and I can't use tiktok unless its an updated version",1,male,"Kathmandu, Nepal",2017-06-30
bb4a48f8-b62f-441b-8c0c-e9b424034eb9,Good,1,male,"Addis Ababa, Ethiopia",2017-09-30
6e380eb1-ca05-434b-847a-f16236fda0ab,No filter,1,female,"Queenstown, New Zealand",2019-06-22
0688198b-24c5-4341-9990-49c5b1782dd8,Nangbaband kahit walang nmng violation ang gara nyo,1,male,"Ottawa, Canada",2018-01-07
e619ac5e-98b3-456d-ba56-818395435c10,Ang gànda kase pagboreng ako eto ang ginagwa ko,1,male,"Seattle, United States",2018-01-07
d83420de-825b-41e3-a6d1-342fe93ce235,Please tiktok ban the uploader that are uploading sensitive content sex vidoes that kids dont allowed the only good thing in tiktok is making video but there are so many sensitive and rude and sex videos and i dont like it,1,male,"Singapore, Singapore",2017-06-10
f4234976-e444-48b8-a31f-927dc3266705,i dont like this app because it won't make mi an account,1,male,"Bangalore, India",2017-04-10
7b1d6028-f03a-4fea-9148-ab58e6a7853d,I hate TikTok because I always get banned rate it one star,1,male,"Singapore, Singapore",2017-06-17
214e2636-8d6b-42c6-999a-f78220dc698e,Why did I get banned for no reason?,1,female,"Wellington, New Zealand",2019-03-16
0ab61b2c-7671-4906-beb8-7cf59fe74756,I don't like your latest update,1,female,"Gold Coast, Australia",2019-03-17
a325f7d9-d145-4ad3-9f14-2339b724221d,Konten edukasi tentang hukum malah di blokir. Ngikutin penguasa konoha,1,male,"Mumbai, India",2017-03-22
7a3d7ee5-f114-480a-935c-f644ea10ee48,ပျော်စရာပေးနိုင်သည်,1,male,"Johannesburg, South Africa",2017-11-06
4a3356e9-05f8-41f3-bdf7-fb7a02708250,Tik tok ni bodoh....dah tekan not interested pun masuk juga...UNINSTALL,1,male,"Quebec City, Canada",2018-05-11
ca7eed22-e204-4598-9ccc-42cea04ba784,"No, just no...",1,male,"Guadalajara, Mexico",2018-04-14
40c2e451-ef37-4c33-8ce4-9f562c077657,very bad application Shouldn't have used it,1,male,"Tokyo, Japan",2017-04-22
3db92085-4259-438b-a7de-d13638baee8f,Option to reorganize the saved videos from the very first to the latest in my labeled collection please,1,male,"Valencia, Spain",2016-12-01
8c817f5a-746a-4997-879e-548bb3815b80,FIX YOUR IMPRINT BURN IN YOUR APP THE UPLOAD BUTTON AND HOMR BUTTON IN YOUR APP WAS BURNED IN MY PHONE NOW EVERYWHERE I OPEN MY APP I ALWAYS SEE THAT TWO PLEASE FIX YOUR IMPRINT BURN,1,male,"Guayaquil, Ecuador",2018-12-16
4daea607-fbd3-41b0-ba8a-22f46e2ea3b0,Hi TikTok I'm sorry last night can you back my acc,1,male,"Hamburg, Germany",2017-02-08
0a7f8b04-ff73-4304-aa0c-820f2c432b7e,Bat Yung akin Wala set as wallpaper ayaw mag set as wallpaper,1,male,"Cape Town, South Africa",2017-11-06
8a6ed281-9b04-4b0f-90f8-e1cf56cc8374,why cant update,1,male,"Rosario, Argentina",2018-11-11
78a7fe4e-2416-431b-bad3-0d77d3f5bdcc,"this app cannot differentiate between No Copyright Sound and Full copyright, even if you put NCS in your video, it still defines the sound as copyright. please fix it ASAP. thx",1,male,"Denver, United States",2018-08-25
0f01c89a-3cd7-49a8-a97b-a4ccf9510d56,putanginamo stop changing my fyp tangina,1,male,"Kumasi, Ghana",2017-11-17
3f5a4980-856e-4b2d-a539-9f9595d0bea6,🤚,1,male,"Santa Cruz, Bolivia",2018-12-19
15d54895-a63e-4de2-bc3e-7a7bec6f37e5,When I'm making vid it keeps saying no network but I use WiFi hope this app upgrade,1,female,"Queenstown, New Zealand",2019-07-03
d8fc2678-f31e-4a1b-ad89-b8cc3b5d393a,BAD,1,male,"Toronto, Canada",2018-01-29
c2ffb6b7-3715-48fd-8d50-3ce64e68c437,I was very addictive to this app and got 700+ followers but then you banned me Couse I was 11 there like so much ppl that is underage like KittyWern but instead u have to ban me instead now my hard work is gone this app sucks,1,female,"Nadi, Fiji",2019-03-16
66f286bf-8e16-4b89-b2fc-22d85c195a85,Isang star kasi ayw ako paorderin Ng tiktok parang gago,1,male,"Vancouver, Canada",2018-03-12
b19b649d-f65c-40b9-805f-854082a020b3,aplikasi ga jelas,1,male,"Casablanca, Morocco",2017-10-28
a59b2a15-5f60-4435-92d0-87e34320d832,bro why i got vietna m coutry code and i only see vietnese videos bro im from myanmar due what the fuvk is going onn here why is this cause,1,female,"Perth, Australia",2019-06-30
0db019fa-b5eb-43cd-b384-65c8483b96d7,Why da hell you ban my ACC for no reason💀,1,male,"Santiago, Chile",2018-11-21
2a3bcb30-bb45-4769-b729-f4d313258d0b,"Jaringan bagus dan udah pakai WiFi, masih aja lag² sosmed lain lancar aja",1,male,"Copenhagen, Denmark",2017-02-14
67173915-3885-42aa-863c-49f14b2757c2,Ang laki ng mb,1,male,"Ottawa, Canada",2018-04-01
03ae5eb5-9fbb-43aa-ab5c-ad25315adda4,Minmin,1,male,"Lagos, Nigeria",2017-10-19
cb4f4f91-2d27-4bf5-a8d2-90a391d58f2d,I can't update,1,male,"Boston, United States",2018-02-14
55fa0322-9cc9-4fc7-8d14-d00c408cbdd7,The Age restriction is so annoying,1,male,"Salvador, Brazil",2018-11-05
047e99fd-92d5-4d0b-8029-33bd02cc0133,omsim,1,male,"Casablanca, Morocco",2017-09-07
667ee70b-33ca-4683-ab7f-16a71411b0cb,(check your internet connection) :)Tsk,1,male,"Austin, United States",2018-06-01
e3c76bdd-14b4-4c07-81fa-c5288302dc80,I can't even post if I try to post it always fails plus if I post a photo its clearly black. TikTok please fix this issue. If you literally fix this issue I would be grateful.,1,male,"Kathmandu, Nepal",2017-05-29
d9c1c4c3-7cf9-4ee7-99b5-e5402eb9e4e1,👍👍👍👍,1,male,"Boston, United States",2017-12-23
cff6b9ac-52f4-4bef-8447-debc6c63e48a,kse Hindi na sasave yung filter nya,1,female,"Gold Coast, Australia",2019-03-20
b280d343-9a29-495d-95c6-1f9715c123e5,I'll change my review once their made dark mode feature,1,male,"Caracas, Venezuela",2018-10-16
e8e3471c-e795-4973-8c15-c2fe86930ec6,"before, i can use any filters i want without internet but now?? i can't use the filters if i don't have a internet so annoying.",1,male,"Cape Town, South Africa",2017-10-02
478105dd-e114-4c32-9dd8-f6732d15cd00,Hi! I would like to say about my log in experience i can't continue my facebook account to tiktok i tried to log in my account many times but i cant log in my account.Why i can't log in my account?,1,male,"Jeddah, Saudi Arabia",2017-07-09
42bf67ce-d4ef-434a-92ae-f0ad6dac4f1f,"Uninstalling, some of the contents here are inappropriate. Some of the videos are not good for the kids. It shows bad example.",1,male,"Washington DC, United States",2018-06-03
2d0784d3-397e-4f32-8593-2403b6e9f18d,Ang daming problema sa app na to mag Sarado na kayo!!!!!,1,male,"Washington DC, United States",2018-01-24
9ff281f3-ba6e-40c3-b174-f7b210a8d846,tiktok I'm sorry if I gave you only one star rates because my tiktok account was banned when I opened my tiktok account I saw that it was already banned please tiktok restore my account🙏😢😭😭,1,female,"Sydney, Australia",2019-06-28
d0cf6393-22b7-4cff-b645-b18f7e51ded6,Always Logging and Hanging and so slow please fix it right,1,male,"Rabat, Morocco",2017-07-27
1f3e9b12-4c76-4f06-b13b-68625d8875ed,Nice,1,female,"Suva, Fiji",2019-04-21
a7ba635f-3bf4-40b2-91a4-b3adf46e43bb,Tyuiop,1,male,"Seoul, South Korea",2017-05-25
73662a17-28d3-4896-b341-8859569ae57a,I don't like tiktok😡👹👺,1,male,"Santa Cruz, Bolivia",2018-12-21
11e8378e-50f6-463c-88ba-1f188485f073,haysss!,1,female,"Hobart, Australia",2019-02-24
29e0d2c7-1f47-4445-b5fc-9a36bd8a87e5,Why I can't download tiktok?,1,male,"Bangkok, Thailand",2017-04-09
274d19ef-7549-4fa6-9ef7-2d096f28f2e4,Early Hy,1,male,"Phoenix, United States",2017-12-23
99b2729c-b676-4272-8fd7-07cb4d7fe1a9,Mas maganda yung new updates 😭,1,male,"Córdoba, Argentina",2018-09-20
a072884b-6d9c-4407-bf5d-7e526b685de7,1 star because my tiktok is can't follow back,1,male,"Durban, South Africa",2017-11-21
6ba09a2c-cdfa-4c8f-9309-b5a8df9bf754,Hi can i ask how to sign in because i born in 2003 but it say im not eligible why?,1,male,"Milan, Italy",2017-01-16
be96303f-25af-45e1-ab24-fb48b1c9e381,I cant open this app,1,male,"Guayaquil, Ecuador",2018-11-17
4410d08b-6a45-4fc0-a47a-938541b0b550,Why I can't make account ??????? I really hate when what's you birthday I type a true but is wrong?????,1,male,"Washington DC, United States",2018-02-05
9e770bb2-c044-42ec-ab3f-e092ec212e7d,Ang panget puro ML edits,1,male,"Doha, Qatar",2017-04-05
8b4dbf2a-77b3-40b0-9a71-eb6143c8f9b2,My acc is banned. So I tried to create a new acc it still doesn't want to work. I've been trying to do something new for three days. Don't want it yet.,1,male,"Rome, Italy",2016-11-21
5b4b5a82-dda8-4fc4-b66c-2a8608fd20b0,WHY CAN I SIGN UP 😏😏🤬,1,male,"Vancouver, Canada",2018-03-11
755e84ad-eb3a-4d59-b01c-1f7145e7ded7,Jasmen@14,1,male,"Mumbai, India",2017-07-23
115a6ad6-2b55-4857-b7d0-d10ebccc91fd,"Edit: it got worse, the ""report a problem"" button does NOT work, I tried fixing my fyp because it's filled with lame unoriginal and unfunny content ONLY from my country, my fyp is only filled with my peoples and not other countries which is frustrating, you need to stop CHANING the notification button, you need to work on the uninterested button because it's now useless, I believe in you tiktok just please fix important stuff instead of updating useless stuff",1,male,"Montevideo, Uruguay",2019-01-02
55d88f79-862f-4a92-8e28-ca312648693e,I dont konw,1,male,"Delhi, India",2017-03-08
5409e136-c7a2-4777-81b3-66f49bdc388e,keep update everytime .,1,male,"Milan, Italy",2016-10-16
430a9a87-c5b5-4dc1-8661-ab4c03c83872,Best app in the world,1,female,"Canberra, Australia",2019-04-08
d946fd61-9a41-4625-9389-6eeded29fd1f,I can't open the app after update it,1,male,"Kampala, Uganda",2017-11-27
de32a168-fd6d-4a7a-97e1-5dbfa64ea8a2,Fun,1,female,"Suva, Fiji",2019-02-12
61c6e1ce-9c55-41c2-b439-d67524e1b89c,"When i shoot video even if i dont use filter , the video become more beauty",1,male,"Tijuana, Mexico",2018-05-01
902ac99b-4d80-4ba9-8090-e6702314ee59,There's no search button 😩,1,female,"Hobart, Australia",2019-03-11
9bc95a32-dd9d-4b6a-91ac-54cf501633a7,Why i can't install n update my tiktok? Help me!,1,female,"Christchurch, New Zealand",2019-05-09
6d097bb3-fa2e-4c9e-ba6f-0614b942c5f3,Walang tik at tok false advertising report Kay moonton..,1,male,"Munich, Germany",2016-12-24
d3345c17-f236-4e4a-a2a0-3fb31b744d4f,Nag pakihirap si alet tapos d inepwaypi ung vid😏,1,male,"Taipei, Taiwan",2017-07-09
9daa26aa-29d5-4a30-99f9-425305d0af39,Tiktok can you fypp my videos please😔😔😔😔 hayuffff ano na,1,male,"Mumbai, India",2017-04-03
54a624c7-fc96-4e5c-90f5-cc7d2b60bb9a,Tik Tok,1,female,"Port Moresby, Papua New Guinea",2019-05-27
1a66fe88-d1f2-4f1f-8723-95a2cde559f2,"I have problem, but the support center its not helping me 😭",1,male,"Washington DC, United States",2018-09-04
0cdb0623-1300-4e29-a9b7-3ef8e9029046,Community guideline are stupid. Dont try tiktok,1,female,"Christchurch, New Zealand",2019-04-26
f4387103-1f28-412f-9406-eb915020348f,Hhh,1,female,"Suva, Fiji",2019-06-25
bd1758d6-c506-4b84-b56c-e0316e8f9aea,I hate pop up ads while watching,1,male,"Cali, Colombia",2018-12-11
c672cf69-cd39-4761-be16-7b250a8065a0,my,1,female,"Brisbane, Australia",2019-03-05
d5b58f5b-7717-492c-8cce-c06dcfe715af,Android users also needs dark mode,1,female,"Canberra, Australia",2019-05-11
a298b4a1-d701-4eec-b419-ac3a378b73b1,yyy,1,male,"Montreal, Canada",2018-06-09
ce8dfc8e-8764-4695-bec9-3d710bc13f7c,My experience it to learn dance,1,female,"Lima, Peru",2019-01-08
114b513b-838d-4fb1-895f-092f666f0bf5,Fantastic,1,female,"Suva, Fiji",2019-06-14
e1387a62-6f59-49fc-b73a-fc4a0920c643,"Chat with seller doesn't work, lag ...",1,male,"Tijuana, Mexico",2018-01-20
2c7a9934-baf0-4d41-b7a3-656d1b07d05c,It's nice,1,male,"Mumbai, India",2017-05-07
424aaddc-9202-4eda-95d2-a8ea7fe06267,It will not update,1,male,"Austin, United States",2018-08-05
95a55ea4-f172-468a-a2c8-39fb4669d572,Not fun,1,male,"Hamburg, Germany",2016-11-25
1dde00cb-c936-4427-8e55-85d20e6cbd88,I can't download this app! Why???,1,male,"Abuja, Nigeria",2017-08-09
3ce3b195-26a8-4be5-b434-41a10a01c1d7,Good,1,male,"Cape Town, South Africa",2017-10-16
6421e0f9-7af0-48d7-a20f-1e327324d77e,Jessa,1,male,"Buenos Aires, Argentina",2018-12-24
1d0006ca-2aed-4b2f-806c-20b98abfbaf8,"Cant download this app again, My God 🥴 I tried several times, its says "" you cant download tiktok"" ..",1,male,"Warsaw, Poland",2016-10-24
335bcd8a-9ff0-4eaa-b11d-0a33906b22ae,I'm really angry with this TikTok admin. I asked how many times to change the new phone number.. I still don't understand. I don't use my old number anymore and I'm asking to change it to a new phone number.,1,male,"Nairobi, Kenya",2017-08-22
fa2e12f1-806b-4c8d-892f-88cf5f168432,i like,1,male,"Casablanca, Morocco",2017-08-06
16d288a2-b73b-4388-bb1b-5856ea4545bc,Bes,1,male,"Boston, United States",2018-08-02
6b643db4-67a8-4a90-b8c4-cb7b6b8d8486,i hate u but i love u,1,female,"Brisbane, Australia",2019-03-06
69a65229-e58b-467b-8b92-a3a59411d232,"I download this because of my friend.invitation, but after multiple time i cannot use my friend code invitation, so now i uninstalled. The customer service is poor because how many day but no reply from the report problem.",1,male,"Vancouver, Canada",2018-01-30
d78a76bb-37a4-44d8-b1ab-b58c91e7ed6c,ANNOYING TIKTOK REWARDS PLEASE REMOVE IT!,1,female,"São Paulo, Brazil",2019-02-02
d3b05464-1901-4520-abbf-9d75619da8ca,Bigysn nko madaming likes user ko 😵𝘪𝘵'𝘴 𝘮𝘦_ 𝘚𝘢𝘮 😛ghyulf,1,male,"Nairobi, Kenya",2017-12-01
97d5d144-d895-459d-ba5f-8453839a7694,Bobo ka play store,1,male,"Monterrey, Mexico",2018-02-21
23ce9d4b-19de-4ff1-849a-ae5a43567685,😔 😞 bad,1,male,"Addis Ababa, Ethiopia",2017-08-21
e9efda3c-7911-47f3-acc3-65c44736074a,haha rating go one,1,male,"Riyadh, Saudi Arabia",2017-04-16
0732600a-249c-467d-87a9-c28b76342707,"Never ending notifikations about stuff I don't care about, every time I open the app there are new boxes I need to click ok / accept before I can watch content. Horrible UI, and why is audio on directly when I open the app? Are the developers high?",1,female,"Canberra, Australia",2019-03-21
e07e4c19-8a4d-44cc-8ac1-16aa707cb0c7,Sing,1,male,"Guadalajara, Mexico",2018-06-02
47f56701-3c45-4ede-87e4-94917aba80ed,WHY I CANNOT DOWNLOAD IT? IVE TRIED SO MANY TIMES AND EVEN DELETED APPS,1,male,"Tel Aviv, Israel",2017-06-28
c71e9c52-42c0-4b38-a35d-86baca17fcc6,I cant use search box in tiktok,1,male,"Seattle, United States",2018-03-30
043aee15-fa13-496f-89c4-e2c0e228720b,Its laggy then i cant redownload again,1,male,"Rabat, Morocco",2017-11-14
d147834a-4d54-4df7-b797-59aac0d69fae,YO MAMA,1,male,"Lisbon, Portugal",2016-11-06
0631cb07-5a3e-46f6-9d3c-f55170bbf3c6,Its always delete my videos😡😡😡,1,male,"Tijuana, Mexico",2018-09-06
7cba0e01-3458-4c3b-9dd0-afa1c881854a,Good,1,female,"Christchurch, New Zealand",2019-02-26
a2cabe6e-b3dd-4162-8e52-223d6918708a,Tiktok is too harsh to me 😢 I'm not a minor anymore tiktok. I'm 22 yrs old. U keep on giving me a violation even though there is no problem abt my videos.,1,male,"Philadelphia, United States",2018-06-09
6a4fea49-e78d-4a1a-ae03-931815ee25e5,I'm 15 why did they say I don't meet the age requirements what ok I'm deleting TikTok I've been trying for weeks to get it fixed ugh 😒,1,male,"Mumbai, India",2017-02-26
e9703734-75b3-4a74-af07-42d63119741d,i tried to get this app it not working it say''you cannot install this app'' this is really bad,1,male,"Addis Ababa, Ethiopia",2017-11-29
873bf182-3041-4c00-b7a4-eef58d0ff62f,"Hi so, i really like tiktok since 3 years ago, but this time I've been feeling weirdly in tiktok recently one day it's appeanr on the View said update so i tried to update it but once i update it i think it's working but i wait an hour. So i look up in tiktok it's not working so actually it's not obviously working cause i try it and try try try but not working so please fix it. Sorry if my english is wrongly.",1,male,"Lahore, Pakistan",2017-04-24
841897f6-7790-469b-ab74-e24ecdef8f04,It always repeated I try to update it last time and try again tonight and it's the same🤦‍♀️ I really want to update my tiktok because it's pumping up on my screen and I cannot see videos until I cannot update it.,1,male,"Bangkok, Thailand",2017-03-21
d8a7eff4-86d0-40fb-98f1-68e5adc48a51,Bad experience,1,male,"Dakar, Senegal",2017-07-25
2f184ac9-db97-4dda-be7f-65282d395239,Good app tik tok,1,female,"Hobart, Australia",2019-03-27
0a0f9f2d-b73f-474d-805a-afe5efafaf85,Because its so slow to Log in 🤬,1,female,"Santa Cruz, Bolivia",2019-02-01
fe41f81d-db2f-440f-b7bd-f6f011dad04f,Pani,1,male,"Medellín, Colombia",2018-12-13
f50e11b1-195a-4fca-8c01-cc49c673fc7a,not yet,1,female,"Gold Coast, Australia",2019-04-28
a69fd23a-e475-43d4-924a-19c08a97c9d6,"I really don't like this App because, You will get ban for no reason.",1,male,"Birmingham, United Kingdom",2017-01-17
e5c90e35-ce31-4ecb-9796-f21d3a74e7d5,im so happy with this app,1,male,"Bangalore, India",2017-05-09
711579c2-1ad0-463d-83d2-7391eb85eeb3,where did my 2022 filter go? please bring back my filter 😭😭😭 tiktokkk i don't like the new filter,1,male,"Oslo, Norway",2016-11-12
d9024dc0-a4c2-4367-a858-97cb0faef567,tiktok nhu cho,1,male,"Budapest, Hungary",2016-10-04
f42e1e3e-a01b-453e-aa25-7e0ae38da2a8,I don't like this app😑,1,male,"Montreal, Canada",2018-07-11
027d0095-87bf-4fcb-80f3-07780ab8a797,wala ng filter pag offline😒,1,male,"Dar es Salaam, Tanzania",2017-11-18
c37e21fd-5d66-46b3-a8c8-807524114013,Ur so dumb tiktok and why cant some 30 followers cant live stupid,1,male,"Calgary, Canada",2018-04-26
bbb77bf7-1574-49a4-a49b-dc53516cdba7,Wow,1,female,"Christchurch, New Zealand",2019-02-27
3efcd02b-12b4-4f69-90fb-e1814728a199,i cant follow anyone even it doesnt say following too fast.,1,male,"Seoul, South Korea",2017-07-17
d3e8ad4a-c5be-4e98-bcfe-75a716839e90,unpte,1,male,"Doha, Qatar",2017-06-04
64f33ed0-a622-4ba6-b43d-a78862a2781a,i can't search for videos. why are you making it so hard to enjoy the app everytime you update the app?,1,female,"Rio de Janeiro, Brazil",2019-01-10
1eddfba9-8380-49c4-aee4-f8febfbdecf8,This is so fun and u can watch more video🎥,1,male,"Valencia, Spain",2016-10-25
bd5355e2-a9a3-4634-8a54-aa08f09226ca,I cant update,1,female,"Gold Coast, Australia",2019-04-26
e0ccb2c6-ea71-4663-a25f-850aae845cb4,🐒,1,male,"Alexandria, Egypt",2017-09-16
52804d16-b603-44c2-9d8f-af189e516df6,bakit hndi nauupdate,1,male,"Dublin, Ireland",2016-11-02
0dec396b-a418-46a0-a7b9-82db92628a19,No like change,1,male,"Seoul, South Korea",2017-05-07
8c2e78d8-a425-495e-849c-7d25c5e7cd00,"Won't install, always shows error.",1,male,"Lisbon, Portugal",2016-12-20
fdf46acd-cb5e-4cce-85e0-969d5e80d128,"Ugh, Tiktok? I have a Problem, When I sign Up it Logs Me out When I Sign up Again, When I click the Comments, there is No Comments, even I Tried Searching Filters, But it Said no Results, When I go to Following it Says, No internet Connection even If I have Strong Internet, I Threw My Phone And Got Angry, I Shouted, I Raged, And, Swearing. TikTok Please, Fix it I Wish I Could Rate it 0 Stars",1,female,"Asunción, Paraguay",2019-02-03
333c4473-a51f-4faf-a14a-411fc54038be,Hati❤💞,1,male,"Birmingham, United Kingdom",2016-11-25
4ec34378-e0e2-4dbc-bba0-140ac0d6f314,Oh is my favorite tiktok,1,male,"Seville, Spain",2016-11-23
1902f74c-539e-4c10-8d21-81cde88c49d4,dog water app,1,male,"Calgary, Canada",2018-06-15
cc142e0d-ad83-4339-a77c-d6f2801450b4,i can't use filter without load/wifi please fix it,1,male,"Singapore, Singapore",2017-04-30
e3991537-8510-4e83-beff-c968f7d9ec01,"The app is indeed pretty and so fun to used, but rn you cannot use it with filters when there is no data. WISH FOR THIS APP TO CHANGED IT.",1,male,"Dar es Salaam, Tanzania",2017-09-04
48b139a6-69eb-415f-83e6-19ad14f1f759,អា ម៉ី,1,male,"Rio de Janeiro, Brazil",2018-12-06
8dd79513-8413-4760-a85f-29412c28adb3,It so great a,1,male,"Addis Ababa, Ethiopia",2017-12-05
fa28604d-f463-4b03-9f98-1d277b6d434d,I can't download the app,1,male,"Lima, Peru",2018-10-09
1a6d6521-e558-42f3-bb40-a866250272d0,I love this,1,male,"Busan, South Korea",2017-07-12
d8a52e0a-3c88-4e52-a2d4-300ba3862604,So daya,1,male,"Valencia, Spain",2017-02-09
8a022501-f8e6-412b-b5d5-3f9dcafe8aad,Tik Tok is useless. Cannot watch live. This apps suitable for low pressure people. It increases your blood pressure.,1,male,"Seville, Spain",2016-12-07
df8237f1-a5e6-4ab1-9406-7fcd95a9850f,Bat nawawala Yung filter kapag wlaang data,1,female,"Quito, Ecuador",2019-01-27
bf2dc367-3d9b-461a-bcaa-b1fdc2ecd2d5,I hate the tiktok because tiktok suspended me on both of my tiktok accounts! Please look into the matter! I rate it a one because of this! Tiktok please help me get my tiktok accounts back!!!,1,male,"Copenhagen, Denmark",2017-01-31
a0620247-aa7c-418d-acf4-c7b579fba41a,Like,1,male,"Geneva, Switzerland",2016-12-18
cd903fa2-c62e-4e47-aaa9-d229529b78d0,It says it needs update but i can't update it,1,male,"Lahore, Pakistan",2017-03-08
680a4efa-a43f-417d-ad6b-a61dc390e6a3,Cannot open,1,male,"San Antonio, United States",2018-03-12
db719661-8369-43ef-ac66-75fc5589394b,Why always i post video is blur ? Come on tiktok upgrade please for Android video,1,male,"Philadelphia, United States",2018-08-28
814beeec-5524-4ee6-a9c7-9b04703d2516,Good,2,male,"Denver, United States",2019-09-27
bc7aab60-6b42-4745-aab0-8cd8bd3768dc,good,2,male,"Chicago, United States",2020-02-02
1af72ff7-93fc-4d00-bd41-cc16209a1cf4,Ok mhilkk,2,male,"Chicago, United States",2019-09-30
52817d4c-63a9-4835-96a3-386cdfac5d30,"So annoying, I can't use my tiktok like the video recording didn't okay, I can't upload my tiktok video.",2,male,"Santa Cruz, Bolivia",2020-06-06
5efea185-1640-48e2-815b-01d60f5aceaf,"I love tiktok but,why my vd is not fyp and like 😭",2,male,"Boston, United States",2020-01-16
a666d234-d846-449d-bb02-829cc3272865,👍🏻👍🏻,2,male,"Guangzhou, China",2018-11-08
345028ac-0225-47bb-adc7-2f8e9c5d5408,Always updted.,2,male,"Cape Town, South Africa",2019-04-19
030ab000-d507-4511-a879-c9482e7af156,Tiktok keep removing video that clearly doesn't violate. A lot of other video violate the rules but still roaming the fyp. What the hell?,2,female,"Port Moresby, Papua New Guinea",2021-02-14
a335f987-f8f0-4244-a6bc-353a6251fee5,They are not putting me in fyp,2,male,"Boston, United States",2019-08-12
d012c567-373e-409e-9dc2-6bf18b16621f,I was in account warning because of my violation even my videos is not harmful 🥺🥺🥺,2,male,"Calgary, Canada",2020-03-31
8df1469a-cece-4cea-932a-9ed7786e37b4,I hate this app!!!,2,male,"Bali, Indonesia",2018-11-05
e5994864-c9b0-41f1-a8dc-51ae3161295f,Menyusahkan,2,male,"Phoenix, United States",2020-03-29
d255a78e-e3bf-4f0f-8cdd-11cd80ec5a43,"Paki update Po sa apps nato. Kapag may gustong mag report kahit Wala naman violence , account warning kaagad. Kawawa naman yung mga napagtripan lang ng ibang tiktoker.",2,male,"San Antonio, United States",2020-04-20
fb21d24e-d23a-4108-a021-bb39a1f31159,၁၁၁၁၁,2,male,"Busan, South Korea",2018-10-23
6c3b7772-9791-47a7-b950-1c51ebe8951f,"I used to have the option ""allow high quality uploads"" but when I updated my tiktok it disappeared please help!!",2,female,"Brisbane, Australia",2020-12-23
c4987d5b-a456-475d-b36a-97ce6c2b8a52,Cant update ❌❌,2,male,"Windhoek, Namibia",2019-06-18
2ffd7569-c619-4560-b891-9c5aa97f92ab,thankyou,2,male,"Kampala, Uganda",2019-04-30
9ed59d03-4127-4c74-9c63-3455687e365d,Can't comment on my friends tiktok! already report it but nothing change.,2,male,"Los Angeles, United States",2020-03-31
8e3a5d2d-b8f8-4d2e-a219-403f8fe10a82,"kenapa tiktok sekarang sering ngelag, pdahal wifi saya lancar, tolong solusinya",2,female,"Queenstown, New Zealand",2020-12-02
dff26b3b-f4e4-4d95-a1b3-40fed9a38dda,Help me to recover my account. I lost my phone number,2,female,"Quito, Ecuador",2020-09-10
e56d546a-ee69-4773-bc25-33eaae635c25,wt,2,male,"Quebec City, Canada",2019-12-05
64acc2c9-db3e-475d-98d0-31a0f31b73a9,"I kind of hate and love it ,it's annoying for the other update and the ""beta/ beta"" I super hate it like I want to watch TikTok on my cellphone but now I can't it's annoying pls try to kind of not do the beta is full beta is like that pls I mean it says "" beta is full"" I mean what do u mean or is it just me but I super super hate it when I tried TikTok it says ""I'm sorry the beta is full"" wth is beta?! I mean ok ok ok I'll just delete it I can't do anything but pls fix it byebye.(I'msorryfortypo",2,male,"Birmingham, United Kingdom",2018-07-08
bbe5f2ca-d405-4ce6-87c3-a7bf6b0f3002,I already updated but this is very annoying cuz I update 5 times grrrr can u plss help me,2,male,"San Antonio, United States",2019-09-18
5b081d34-5691-4696-ac45-37ee361a0683,,2,male,"Denver, United States",2020-02-02
aa600315-8e61-447c-8f4c-5ac8b44d4843,"I HATE THIS APP I GOT BANNED 3 TIMES NOW BECUZ OF MY AGE WELL IM 14,IM JUST USING BEAUTIFY FILTER TO MAKE ME LOOK YOUNGER!!!! FIX THIS APP. I JUST WANNA ENJOY TIKTOK,YOUR TAKING IT AWAY FROM ME",2,female,"Cali, Colombia",2020-09-08
64e641fb-ed5e-4fa8-8691-4d119f232a2b,I'm sorry but I'm gonna give you you two stars but be greatful,2,male,"Chennai, India",2018-12-05
532f4473-14d3-4290-af8b-b1d662cd708b,Leekka,2,male,"Cancun, Mexico",2019-08-29
c954f223-742e-4e3e-abf4-2b7f12695256,"Idk but its just so annoying like tiktok dont tell me to update my tiktok and i dont have enough space to update it and please stop this, its so annoying to ppl that dont have enough space, please fix this problem Thankyou.",2,male,"Vancouver, Canada",2020-02-23
cc4cd0e3-e222-457b-8715-3df9320d7270,Bakit po pag ino open ko yong tiktok ko is kailangan palaging e update..,2,male,"San Antonio, United States",2020-04-10
ad31768c-3cd4-4fc0-b906-a9c011ca2ea6,dark mode features idont have it can y'all fix it ?,2,male,"Frankfurt, Germany",2018-06-30
49724dd6-97b6-4bb7-99f1-9b989a5ceaac,"I'm using WiFi but there's always no internet, even though I've updated to the latest version, what's the matter?",2,female,"Wellington, New Zealand",2020-10-18
7a0d94fc-a71a-4c3b-9099-a9093ce78c8c,i like TikTok but why im not eligible to create a account please fix this proplem,2,male,"Valencia, Spain",2018-09-06
93b68a88-0170-4f79-9475-3c5e0731d913,Why did you delete my account,2,female,"Brisbane, Australia",2020-09-26
802fd0e3-19b5-4f83-b5c3-9a992a126dbf,I'd give this a two star it's good but something just happend all my followers is gone so im banned,2,female,"Port Moresby, Papua New Guinea",2020-10-05
89088121-51b1-4f48-bfb1-704329d99a2f,"i love tiktok but whenever i want to record a tiktok video the camera is really laggy and will crash can u please help me how to not make it lag its very annoying:( especially when i want to try some tiktok filters but i cant because it is very laggy, its not laggy when i just watch tiktok videos but when i record my own tiktoks it gets really laggy :(((",2,male,"San Jose, United States",2020-01-25
3a1fcf57-e16c-4458-9e38-15ab66519086,"Why I don't get ""who's view your profile"" in my tiktok?? I'm already update my apps tiktok :(",2,male,"Ottawa, Canada",2019-11-13
0a4808aa-cab7-458a-9559-12a657332fcf,"I can't update my TikTok app, it's not easy to update unlike other apps. I tried many times but still have problems.",2,male,"Pretoria, South Africa",2019-05-03
c715a070-b9ff-4746-82c2-cd1398974799,"I like this app but i can't open my old acc, i tried to open my old acc but i couldn't , and i forgot my pass , and why i cannot follow any user tiktok!? Pls fix this :(",2,male,"Algiers, Algeria",2019-06-12
17899e8f-a96f-4a7e-b3ea-4d4219d4cc1b,The whole community is absolute bad. Although people show their talents and creative fun ideas. There is many users out there who STEAL videos and post them in this app. It has been a real curring issue from YouTubers and even movie clips. There is also many hated users that just keeps posting disturbing videos for clout and moderation team does NOTHING about it that YouTubers are gonna take matters into their own hands to post videos about them. Please make TikTok an app for talents and fun,2,female,"Port Moresby, Papua New Guinea",2020-12-03
db736ecf-81a9-4111-872e-411811c2f752,hi team Tiktok I hope there are HD choices to be able to upload good quality videos.. thank you,2,male,"San Diego, United States",2020-03-11
1ea59f86-7133-4f3c-9121-07266126717f,Hello why do I not have group chat function like everybody else? I have updated my app to the latest version and yet there's still no group chat function. I'm above 18 year old too please fix it.,2,male,"San Jose, United States",2019-08-28
0fa52b6a-86e2-4ca4-9277-939b86d55206,"hi tiktok! love the app, no errors whatsoever on my end however, I want to ask when will adroid users have a dark mode setting? thanks",2,male,"Algiers, Algeria",2019-05-12
81c2bbca-7595-4ae2-ae1f-6c0cad2d334a,Because they unstalled i dnt know what happend?,2,female,"Nadi, Fiji",2021-02-16
cd5017f5-1151-4d9f-8535-ccb34ff787c0,Why I cant update tiktok?!!,2,female,"Sydney, Australia",2020-12-17
1655b591-1dc6-4508-8f7c-68980fdde442,verygooddddddddddd,2,female,"Wellington, New Zealand",2020-12-06
cf4a829b-1eee-426c-ab18-882d2447df47,Uhmm so there was this time that I try to make a tiktok vids and the filters was gone I was so sure that I download some filters but there were gone and I check it a couple of times there were really are gone,2,female,"Auckland, New Zealand",2020-12-07
e591f314-acff-4db9-b47b-8bec7f2d6c24,Hi last time I got a tiktok but now I can't open my tiktok already. I saw internet connection even I got a data. Pls help me thnks,2,male,"Pretoria, South Africa",2019-05-10
e2c440b0-8139-46c0-ba7d-4af64a4f2502,Tiktok change...cause when I'm offline mode the filters that I downloaded is gone😤... Please fix it bring back the old tiktok😤,2,female,"Santa Cruz, Bolivia",2020-09-05
945580ba-43bb-4ac7-8995-e9d28bdc5b8d,Why this tiktok is No filter even i drop the video...I need filter even I drop the video because my school is no internet connection or Wi-Fi also,2,male,"Houston, United States",2020-04-11
dea547ae-8f50-472b-ab43-abac1deb82be,I have reported a problem 3 times already since August 1 and there is still no reply!!! Please make your accommodation team more functional!,2,female,"Hobart, Australia",2020-11-24
db1f77a6-2865-4119-ae93-2b722d54d830,plz make the app good as iphone's tiktok app. i have a flagship android phone but tiktok's quality suck.,2,male,"La Paz, Bolivia",2020-05-28
fb3d649c-bd78-4e51-a052-313a6e830d2d,Hi tiktok plss dot hack me on tiktok account and download now plss!!😖😖😭,2,female,"Córdoba, Argentina",2020-09-04
460971a8-4a78-4f0d-a247-14fd53b83236,rachel kuat mongiutt tasu,2,male,"Salvador, Brazil",2020-08-02
9e690d0f-baab-45ed-b4bc-121d7a5629d3,😊😊😊,2,male,"Seattle, United States",2019-12-21
a5720582-d5a0-4e20-b812-52e49421f425,TikTok is our that the down as can why his about not say for can make a sure about this complete fashion why this about done every ours none ❤️💞😘,2,male,"Quebec City, Canada",2020-04-19
5664c30c-89da-4251-ac19-4ab91cdfbf45,Jizusuisks,2,male,"Copenhagen, Denmark",2018-07-29
1ae119ab-c759-4eb8-9813-6d7f02c1c130,"Today i tried to download this app for the for the first time, and in the process of downloading, it suddenly gave me a pop-up window saying, ""this app cannot be downloaded"". I was like whaaaatt? And i just wrote this for you to check. Thanks",2,male,"Abuja, Nigeria",2019-06-08
354ffacb-9c42-4eed-8f9d-03d8cb488ce6,"Because i update it, and when i open tiktok it will do it again update again and again, so i gave 2 star becuase of that reason please do your job tiktok, mygosh",2,male,"Valparaíso, Chile",2020-08-07
f5776043-0173-47e2-9c61-2da9507da068,Ahjfi,2,male,"Glasgow, United Kingdom",2018-08-16
3275e6c2-9d32-40dd-a053-29e14a1fc65e,"Not able to use filters, effects and beauty when I don't have internet connection. Please fix it.",2,male,"Tunis, Tunisia",2019-04-13
1ad8e780-afa9-4d1d-894f-40730d56b8aa,Why is this getting too much ads. Lags.,2,male,"Cancun, Mexico",2020-02-08
1be17237-bcf6-4e8b-bbdc-369ee1a72868,Tiktok i love it to but the effects is so ugly like please tiktok i am using it tiktok change the effects please?,2,male,"Chicago, United States",2019-08-13
b080394f-b6b3-4c9f-af2e-d39921c197af,24 883348i,2,male,"Copenhagen, Denmark",2018-07-26
2c919f67-1e85-4aba-ad45-2bf8fb8e0082,I can't set into a lockscreen wallpaper now. I like the previous set up.,2,male,"Tokyo, Japan",2018-11-03
88031c22-b083-496f-b030-8533b3af0950,Its so laggy,2,male,"Monterrey, Mexico",2020-03-19
6720bcab-4611-4ecb-a87c-b43cd8ac207a,Uu,2,male,"Chicago, United States",2019-11-20
b2731a3f-eaba-412c-8a5c-3b3f5289a17f,2 star lang winawarningan mo yung account ko e maarte nyo kasi samantalang ang iba bakat na bakat di nyo binigyan ng violation😏,2,male,"San Francisco, United States",2019-12-31
876de7c2-991a-4ee9-815c-025835f4de12,"Bro, what happened to TikTok Shop? I have already set up my addresses, and now all of them is gone? I have tried several times adding the adresses and all of them are not there. Please fix this...",2,female,"Hobart, Australia",2020-11-18
c55c7528-90bb-498c-9a5a-c685e199e3dc,I want tiktok because I can dance what I want but the filter is not working now,2,female,"Melbourne, Australia",2020-12-15
c72930ca-c07a-4fca-b756-2421202f542d,Look good but i cant intalls but why i cant,2,male,"Algiers, Algeria",2019-03-08
7f60d4c4-fc30-4bcb-90b4-67284e39587c,Super happy,2,female,"Nadi, Fiji",2020-10-27
dfdb6ab5-8c6a-47ef-9995-43f6d9d54384,Hirap gumawa ng account,2,male,"San Francisco, United States",2019-10-26
91043c8c-1869-4727-bae3-794c2afd13ec,I couldn't open the app at all after the update.,2,male,"Chicago, United States",2020-02-25
70825c08-dc7c-4f86-8af7-88f8b235d755,Ambot way koy ma ingon,2,male,"Zurich, Switzerland",2018-08-24
ffbf5cf2-7fe1-47e4-bc81-268b51965bf5,Sometimes i can't use the sound,2,male,"Johannesburg, South Africa",2019-06-25
583f06fb-eb13-4b0c-9281-d6f9b80b04a1,Its good but I can't use effect or filters in tiktok without internet connection anymore..unlike in the past,2,female,"Canberra, Australia",2020-12-31
637536a5-d425-4f33-960a-fd5728f9dfb6,I cannot make install,2,female,"Suva, Fiji",2020-12-21
22f8f374-0581-4d86-be67-00691d53e0e9,i can't do TikToks offline because the filter won't show up and it's annoying,2,male,"Pretoria, South Africa",2019-07-09
3dfa9592-7908-44d7-b6b3-cb556bf51156,😂😂,2,male,"Seoul, South Korea",2019-01-18
b7bbadb2-b165-488d-8571-25396714db15,my tiktok is good,2,female,"Queenstown, New Zealand",2021-01-11
b050411b-b105-42b7-9ded-09205f098c84,Pretty good,2,male,"Guadalajara, Mexico",2019-10-04
5c473c59-1126-46f2-b38f-3ffa2bc30348,"I can't do live , i turned 18 already ;)",2,female,"Adelaide, Australia",2020-12-29
df6636af-3feb-4086-8ba9-cb1459704cae,SANA ALL,2,male,"Paris, France",2018-06-19
97fcd925-5441-4e3c-9311-5e37c2d5d991,Tiktok is not sure important because its,2,male,"Dallas, United States",2020-01-06
f4b53e09-1a01-494c-b217-981851026ac5,"Julie Anne Natalia,",2,male,"Beijing, China",2019-02-24
81e2e0d4-0782-4a8b-af8d-7e4201ad9457,Kenape nak beli barang Guna tng tak boleh?,2,male,"Glasgow, United Kingdom",2018-05-18
da352a1f-abe1-47ea-bad5-ee33e3e58e0b,I'm having troubles of getting enough views in my latest videos right now. Idk why I did wrong since I don't post anything that violates the community guidelines. Please fix this. 😭,2,male,"Montreal, Canada",2019-09-21
b6b394e7-f0bc-41b1-bebf-32dc861cbcb9,can't you do something about the limit of characters in the comments? it's super annoying,2,female,"Adelaide, Australia",2020-12-30
4f39967c-19d1-4f27-bf31-35fa71d2afba,I can't open my tiktok,2,male,"Washington DC, United States",2019-08-22
80785d82-5479-4e6d-a8d6-c017d6460621,Please bring back the old tiktok. I hate the updates.,2,male,"Singapore, Singapore",2018-12-16
88910669-3f48-49e6-a767-73ec0e8f7414,please do tiktok shoope use another method online bankin bank,2,male,"Denver, United States",2020-04-21
31bdd017-aa37-46ec-8969-8b5017b06853,.PM .PPapMM..late.r.RsrS You. Can .m??,2,female,"Queenstown, New Zealand",2020-10-18
b6b07064-78c7-4ffb-8949-c003d24072c3,Abdul Jalal m. Elias,2,male,"Quito, Ecuador",2020-06-22
9c1551f9-96a9-462a-9af0-3e7bc10d0680,"Hi TikTok team! I'm having problems, here that when I post something it actually disappear and the feature's are getting slow and laggy when I actually have done my profile picture nothing happened it's just like an default profile and when I chat my friends it lags my phone alot So please I beg you to fix this problem.",2,male,"Phuket, Thailand",2019-01-22
337a1cf5-739d-4302-926c-f84b210effa6,"this app is so good but its stock when im trying to play videos end to not able to swipe up or down ,need to update and i was trying to do it but playstore not allowing me.. I dont know the reason why so i decided to uninstall and reinstall but playstore again and again not allow me to update or reinstall it. 🤷🏻‍♀️🤦",2,male,"Bogotá, Colombia",2020-07-11
e98207ae-efd3-4067-8009-ffcbde5ac274,good,2,male,"Caracas, Venezuela",2020-07-10
753ec895-a4a3-4952-b36f-d3ab3ef7638c,It great but i cant watch the vid enymore,2,male,"Monterrey, Mexico",2019-08-23
cff9235e-d35c-45e8-bc29-128e15d66b9f,whyy can't i get the repost option,2,male,"La Paz, Bolivia",2020-06-17
16430752-29ea-4713-a83f-a58f5168b79d,Very nice apps,2,male,"Athens, Greece",2018-06-20
e58823bc-46d6-41cc-bc3e-8ed5300d9b8f,"The app is good, but why the Android version of TikTok does not have dark mode?",2,male,"Taipei, Taiwan",2018-12-08
85c142de-d274-43e8-83d3-92d13c647d7e,"i can't use tiktok because of this""update"" can't even update I don't know whu",2,male,"Abuja, Nigeria",2019-06-11
3175c6b2-c703-4470-963e-694c4c93e0c4,"Hello👋 can you please help my problem, so i lost my phone and ofc change my number i still can login to my tiktok account cuz my email but i want to change the reqistration number and my password cuz i forget my password but i can't cuz i need the verification code that the tiktok send to my old phone number. Please help me🥺🙏",2,female,"Auckland, New Zealand",2020-12-09
f2af830e-6317-4307-a5cf-ae263a2b5db1,this is so good,2,male,"Calgary, Canada",2020-04-18
10605a9d-d49a-4c1d-a4df-0456cabfd095,I don't like this app but She's Grow Storage 😡😡,2,male,"Cancun, Mexico",2020-03-22
12099581-5e02-4b87-a3a3-d6f061d2f695,i hate why they always ban me or shadow ban my acc and it keeps telling me to have privacy but they didnt know that we need privacy not them,2,female,"Bogotá, Colombia",2020-08-25
a3b246b9-cc2d-4b8e-bbad-738984633bf4,🌹❤️🌹,2,male,"Santiago, Chile",2020-05-15
d5b9b00c-9a46-45a0-a4e8-9198066ef5dc,I don't like dis hahaha,2,male,"Seville, Spain",2018-07-16
d0537358-7674-4078-ba10-d8359d75ba0f,"there's no new effect on my tiktok, can u please fix thisss",2,female,"Nadi, Fiji",2020-11-03
012ec4c2-1807-4e47-80fc-93d6fa142627,Tiktok is so very annoying she banned me and now i cant make an account what happend to tiktok guys do you guys know how to fix tiktok? Or make an account i dont know why tiktok is being like this now,2,male,"Arequipa, Peru",2020-06-25
e9878039-d6e0-449e-8370-7047723259aa,Can I open this apps😞,2,male,"Busan, South Korea",2018-12-18
c5330e06-3b99-4622-91d9-5f01631983d0,Muhammad Ospan,2,male,"New York, United States",2020-01-07
0b2cf83d-ccc7-407d-8aa9-23377b1251f3,I tried to download this app after I deleted it because I had to download other games after I tried download tiktok it didn't work?,2,male,"Toronto, Canada",2019-08-15
e3498b19-1c8d-4a40-a223-49e91fa56168,Ang tiktok para lang sa mga taong master ay hindi ang ano anung mga tiktok ang pinagagawa ang ng papakita ng dede at kung ano ano diyan haa,2,male,"Madrid, Spain",2018-06-12
c27aa348-f290-401c-af02-08e9812dc463,Not bad,2,female,"Lima, Peru",2020-08-04
58973a5e-0b64-448a-a93f-3e9ad6590a4a,Oo,2,male,"Marrakesh, Morocco",2019-04-28
c9da0358-c079-407d-87b4-2e27f244df33,ok,2,male,"Toronto, Canada",2020-02-09
a220e2db-4b53-402b-a7f2-b943c3c04f56,Why i always have to update,2,female,"Valparaíso, Chile",2020-08-23
09d5ef81-0355-45d4-a7e7-1f215f0be8a5,nastya,2,female,"Suva, Fiji",2020-12-12
1665c2f8-1bc3-479e-9278-51c5f24346db,Ok,2,male,"Cancun, Mexico",2019-10-30
6bdb4d37-3167-45e8-8997-e69678e544dd,သွန်း,2,male,"Boston, United States",2019-08-11
ca8e3b01-b961-45d5-85fb-9e088206fbe1,So many down side..some of my comment on live always being filtered and removed..even live list changed to horizat and hard to scroll on live host.even spammer that spam likes on others videos not being punished,2,male,"Dublin, Ireland",2018-05-24
21a0d240-60b7-4200-a3f9-384cd9963e95,"Every time I upload, there's no viewers?",2,male,"Geneva, Switzerland",2018-09-05
f35a8a82-f159-4a16-8db2-e44f065cf0ca,"I was installed this with 63 mb, then after 2or 1 day it came to be 203 mb until I came 1gb even if I only have just 5 published video",2,male,"Córdoba, Argentina",2020-05-19
69bb2f8d-4fdd-47a1-b79d-f9a4d38d0a19,Cant open my tiktok app now,2,male,"Jeddah, Saudi Arabia",2018-11-15
0cc2076a-ecfb-40cc-a1e8-e3450b4e1833,Vauc4vive6. Gscrj607,2,male,"Guadalajara, Mexico",2019-10-30
b1840663-0cfd-46fe-bf1a-d4c86ee7d029,Shesss the heck is this. Why I can't update the latest,2,male,"Busan, South Korea",2018-10-29
bd9cc938-cbe3-40a7-85c5-560fab87f920,I dont want to new version of tiktok. Tiktok pls get rid of the update thing on my screen i dont really want to have the new version of tiktok i like tiktok when its normal,2,male,"Santiago, Chile",2020-07-26
d6f2a329-2b2d-403e-a604-f35e47cc088b,HAHAHA,2,male,"Bangalore, India",2018-12-13
30a9f3dc-b65a-4395-be38-fc3812e5338b,Good,2,male,"São Paulo, Brazil",2020-07-03
d873dfc4-2f89-4249-98fd-826360a6bfea,Wala lang rate lang ko boot diay mo?rate rako kay kuan ni agi ang sun sa among balay nya ni puli ang moon everything between a lot of pretty faces could waste my time but you're my dream girl,2,male,"Vancouver, Canada",2019-08-07
53cbc28e-d394-4330-b349-60125dfb421c,L mid ratio bozo,2,male,"Córdoba, Argentina",2020-06-11
e1956b26-9b4c-4714-8b17-2e47d78d6248,Im just giving two star its kinda fun beacase of the videos here in this app but the problem is the screan sound upp and down and also the fetured when i always open this app that thing is alwasy there like just please remove it please.,2,male,"Lusaka, Zambia",2019-05-13
1412d726-ea79-4564-98cd-762a16ba7f66,The app is good but laggy and lots of ads! Can you please bring back my friends tab coz I ain't no do shopping in here! I can't send the screenshot but please fix this! Thanks,2,female,"Queenstown, New Zealand",2021-01-16
aad63445-6378-490a-84ab-d650c312bf04,"I love the app but,my adding ads😣",2,male,"Vancouver, Canada",2019-10-05
5b43285a-ae8f-4f88-9c79-d26fc7ce0d2e,Its ok,2,male,"Windhoek, Namibia",2019-06-30
11f60bb9-1560-4f8c-9590-99c75da44042,Why my tiktok video can't see other person still private but I don't open private mode,2,male,"Windhoek, Namibia",2019-07-08
dc286075-ad7d-46c4-80d2-9ad71d95e033,More freind in tiktok,2,male,"Tunis, Tunisia",2019-03-18
df0c7d8e-19ff-401e-965c-546d174416b4,makin ga jelas fypnya,2,male,"San Francisco, United States",2020-03-25
384d0e3a-c2b1-4f97-9031-119569e56a3a,Ok,2,male,"Jakarta, Indonesia",2018-11-06
c796cf64-2577-4982-aff8-b49590508ba2,"I just wasted months for growing my account and i just got banned for ""community guidelines!?!"" tiktok didn't even warned me!?look I LOST EVERYTHING.",2,male,"Taipei, Taiwan",2018-10-17
433d515c-dd53-4f62-b711-5c542f1b49a5,"Hey tiktok, i got banned in my other acc for no Reason idk why did u ban me? :(",2,female,"Canberra, Australia",2021-01-15
3cc163f2-9d59-4d6f-b5c4-61fb827b9d44,"I can't log in, it's just too many attempts, please fix it Tiktok! I cant use my TikTok App/Account He is connected to my Fb Account",2,male,"Kathmandu, Nepal",2018-12-13
bf75576a-f88e-4341-a1b4-2f8998e05ee2,I can't zoom oppo a96,2,female,"Montevideo, Uruguay",2020-08-12
beb26305-bf32-493c-9b96-dd02e40b8de6,I can't gain more followers and Growing my account,2,male,"Athens, Greece",2018-08-06
186ccc81-c036-4c8c-b6fb-c2b57a2bdfc5,I like app so munch,2,male,"Vancouver, Canada",2020-01-06
d9f876ed-4782-407b-9da3-bf5c35af96f8,Cannot have the dark mode,2,male,"Vienna, Austria",2018-08-29
b5cd8eec-b82d-478c-a88c-b25b58da0974,It's so nice I found my crush here,2,male,"Lagos, Nigeria",2019-05-14
13b9cc90-61da-4227-bc69-581c0700e34e,အိပအ,2,male,"Mombasa, Kenya",2019-04-18
9d66c125-d034-4840-9952-814c48fa3621,Great update There's a TikTok shop from now on? I think and it's free shipping yes I can finally buy my things for school,2,male,"Philadelphia, United States",2020-01-25
63e99d41-afef-4b2b-9934-604c25f063cc,"Sometimes decent, but sometimes cringe.",2,male,"Warsaw, Poland",2018-05-18
dd89cd95-f9e9-4ab9-95c6-80b3b6f590b4,"I only use Wifi to access the internet, so it's not fair that Data Saver doesn't apply to Wifi.",2,male,"Beijing, China",2019-02-18
0f6b3cca-8435-4ddf-afff-c2791515e9cd,Nice titok,2,male,"Montevideo, Uruguay",2020-06-24
b84a4eac-e010-497d-84f8-75a1835ffed4,it's rlly nice 🫶,2,male,"Rio de Janeiro, Brazil",2020-06-21
fabde716-144d-49f7-8b20-f40505e5948a,I can't update the app,2,male,"Medellín, Colombia",2020-07-22
37930b0a-6cca-4e86-9c48-be32cd4a06e1,Algorithm broken,2,male,"Boston, United States",2019-12-20
b2d62834-4082-4619-b306-9d730d2143a3,It's greatest.,2,male,"Rosario, Argentina",2020-06-16
f58c859d-caba-4d5b-bee3-2e65aa1e1924,"TIKTOK MY PHONE HAS A FULL STORANGE SO PLEASE STOP FORCING ME TO UPDATE BECAUSE I CAN'T, I DON'T CARE IF I CAN'T HAVE THE LATEST UPDATE I JUST WANT TO WATCH SOME VIDEOS! AT LEAST GIVE ME AN OPTIONNNN😭😭😭😭😭😭😭",2,male,"Casablanca, Morocco",2019-07-29
333a443d-5a8e-471c-8dcd-badbe583d69c,Why i not can do my sister username? Uh?! And why is tell just 18 uh i know my sister age 4 but why uh why😢😢😢,2,male,"Marrakesh, Morocco",2019-03-29
9ce6b9d2-1549-4961-af23-46b4ba77f81f,Nothing to follow . Its annoying,2,female,"Santa Cruz, Bolivia",2020-08-14
b45f9ad9-9426-4f94-8347-ee5e8672c157,Huh,2,male,"Harare, Zimbabwe",2019-06-20
1aab8744-5124-4691-b862-0cfbee99d3b9,"if I insert a video, the sound always has to be removed",2,male,"Milan, Italy",2018-09-25
350f78f0-e4ff-4411-826c-054ab2de243f,Kyaw Than Win,2,female,"Christchurch, New Zealand",2021-01-06
c9021a4d-851c-4b2e-bef2-79fbd439a64c,I didn't get any notifications for any replies or likes for my comments on video. Please fix this,2,male,"Berlin, Germany",2018-09-21
29d1eb23-024a-455d-8529-c5fa3674e3e7,I often shop online here but now the yellow shopping cart does not appear in my account I am very disappointed with this application,2,male,"Córdoba, Argentina",2020-06-29
ccf12cdd-5611-4ed8-9df9-8d68515fb7c1,Wla tangina lng dami alm,2,male,"Shanghai, China",2018-12-11
6e074b71-efae-4af8-a5b5-a15e1336504f,"For the past few days,my TikTok has been saying the same message which was like ""check you internet"" or ""you're offline"" eventhough my wifi is perfectly fine.I tried logging in and out,nothing happens. I'm not sure what happened to my TikTok.",2,female,"Suva, Fiji",2020-09-30
e8339790-24eb-49aa-8a8f-b73fe39d5c13,I wanted to try the other creators filter but I can't find the search button it's because of my device I wish all devices has it so they don't need to borrow another phone to make a tiktok.pls fix it I always use tiktok,2,male,"Toronto, Canada",2020-02-06
28c9beb5-4755-4e37-bdf2-df2e745f8340,bad,2,female,"Christchurch, New Zealand",2020-12-26
2456db1c-04c0-4470-8667-80aea50fe8ac,"Tiktok always me ban, I have so many many accounts because you always me ban. after a week i create new account and then here we go again you ban me again",2,male,"Toronto, Canada",2020-01-16
6d174c2d-ba8b-4ab3-909e-c6d36cdb2fa1,Why can't i update it?? The data amd wifi is good enough. But it's always pending. It's affecting my tiktok account i can't see videos unless i updated it,2,female,"Buenos Aires, Argentina",2020-09-14
206f17bc-9fe2-4ab8-8d32-cce94ca657a1,I hope this new update fixes the bug that I've been dealing with. It sometimes stops working and then it says TikTok stopped working forcefully.,2,male,"San Antonio, United States",2019-09-28
c949e4f3-886b-413e-916b-35d6f71a3456,eaS,2,female,"Auckland, New Zealand",2020-11-01
a147dfb0-5d70-49d5-9af9-9756d487573c,I can't open the app i tried unninstalling and reinstall still it's not opening,2,male,"Rabat, Morocco",2019-07-02
48e3a1b9-319f-44b9-b6e0-0af030ddc370,Miss u,2,female,"Nadi, Fiji",2020-12-10
89bf012e-821a-466c-a120-0db1fdc44ed6,Good app 💵bill eat Al so,2,male,"Boston, United States",2020-02-28
918a788a-c8fc-4b01-969c-1c6884106ba0,Puro nakakatamad,2,female,"Auckland, New Zealand",2020-12-02
29843b50-7af6-483d-b268-cca0f93482b2,This app is not the update.,2,male,"Athens, Greece",2018-06-26
426d8c65-748f-434c-885c-d2e1e36bfc24,Its Realy Cool. And High Quality of Effects and Filter but. Pleas dont do ramdom banning my 1st Account was banned even i dont have Violation. I spend alot of time to edit all my vids and now its banned.,2,male,"Tripoli, Libya",2019-05-19
107cdc54-2231-449f-818f-8c5132a758f0,I hate this I already updated it but it's still saying I need to update it!!,2,female,"Melbourne, Australia",2020-11-13
c87f0891-8859-491f-b1e2-6badc175c3a4,Nice,2,male,"Ho Chi Minh City, Vietnam",2019-02-09
affe5115-597a-46b3-8ecf-78b034db3bed,App date tiktok,2,male,"Monterrey, Mexico",2019-11-16
8bd88aa3-f8df-4460-a5c8-ef9835c4a141,I only rate 2 stars because everytime i posted a video on tiktok it has now views,2,male,"Tunis, Tunisia",2019-07-13
b8e73d2f-0d6a-4452-8f87-fbe7345d589b,It's good,2,male,"Glasgow, United Kingdom",2018-05-24
adb36fd4-bd91-4dbf-b099-552b89e21a71,Thank you po,2,male,"Athens, Greece",2018-06-25
eca7b6f6-6955-47b4-9a1a-bfaaa5c0a95d,💯,2,male,"Mexico City, Mexico",2019-09-23
331add09-6b9e-4627-922f-9f78df881576,"My HD Option disappeared, I really need it for my edits, so I can post them with HIGH QUALITY. Please let me have it.",2,male,"Harare, Zimbabwe",2019-06-01
67ebb87a-d57d-4735-9613-8e6d8160896e,I love tiktok I've been using it nearly 24/7 since 2018 but like bro stop adding and removing ACTUAL GOOD FEATURES AND THEN ADDING USELESS ONES AFTER REMOVING THEM BRUH?!,2,female,"Nadi, Fiji",2020-10-30
970a7177-a5f9-46a1-94da-ef4f80875596,When i on my wifi theres a filter i saved..but when i off no more filters i seen..i dont know why but thats true,2,male,"Windhoek, Namibia",2019-04-11
e9b9e3cd-d786-4cea-ac4f-d22c6825cf7d,🙏🙏,2,male,"Karachi, Pakistan",2018-10-21
3b310642-708f-4893-a9aa-06bf4ced7408,Missing last watch. Delete video not removed from favourite,2,male,"Brussels, Belgium",2018-09-12
c78143de-254e-458a-bb17-98d3e3994b2f,Walalang,2,male,"Marrakesh, Morocco",2019-07-05
cb987687-c015-4d6e-828f-56aea25d772c,"i don't like the new update, i can't use the filter when i don't have data",2,female,"Wellington, New Zealand",2021-02-05
c723f8e7-7666-4cf8-8084-e72c48202543,"why is this so annoying i literally have wifi here and its not updating, but its installing for an update why is this so slow?!?!",2,female,"Christchurch, New Zealand",2020-11-09
a0f95add-a3ca-43e5-aafc-4036e8b109dc,K fine,2,male,"Ottawa, Canada",2019-11-07
e223e0d1-adc3-4f43-8052-f0f2724f6f63,its make's me happy every day,2,male,"Houston, United States",2019-10-22
21b33014-c993-430a-aef5-3c4a138ec265,I really love this app,2,male,"New York, United States",2020-02-02
ad5886af-a668-4d95-abbb-4db2e8603067,Maganda naman pero parang nakakasama sa utak,2,male,"Arequipa, Peru",2020-06-05
3d8f3465-7b34-470b-a9f1-72b1092ac822,Ok,2,male,"Vienna, Austria",2018-07-10
ed9d1339-bc57-4a9d-8da7-ddc889a61a93,"Hello, I want to say, please don't ban a account for no reason, like my account, I don't have any 18+ video posts, but my account got banned💔",2,female,"Perth, Australia",2020-12-20
e6836e0c-7f22-4ffe-a269-7b22bcf34b5e,Good,2,female,"Sydney, Australia",2020-10-17
c905b3ca-0d58-4b27-be18-f8f263f94b4c,I like that,2,male,"San Jose, United States",2019-08-30
c2ae7a82-7e10-4810-bb8e-bf7022e4747f,"I can't open tiktok...before iam using my mobile in India now iam in singapore,I already changed play store location,but when ever open,they say no internet connection",2,male,"Kampala, Uganda",2019-04-21
af0726c3-dd8f-468d-9e41-ef7961d763be,"Tolong untuk pihak tik tok agar tulisan teman itu bisa di ganti jadi sayang,cewe ku jadi protes gara gara di situ tulisan nya teman😠",2,male,"San Antonio, United States",2019-11-03
e049706c-9bf4-4b9b-b11f-fd8306747bbd,ye ye1969,2,male,"Quebec City, Canada",2019-10-07
c00b72b5-5fc1-4b1e-92e4-2a3363dce0dd,Good dancer ☺️❤️,2,male,"Kampala, Uganda",2019-04-01
886e9b4a-d09c-4eb6-9762-a5c2d99d7616,Welp Sometimes I Can't install it..,2,male,"Seville, Spain",2018-09-17
d0138dfd-b96f-420f-890b-e064b3204100,"I love this app but there's few problems, like the following button i was following alot like if i got 200 followers i follow them back but now i gotta click on they're profile just so on i could follow them, tiktok please fix this and i might rate it 5 stars :)",2,male,"Guayaquil, Ecuador",2020-05-18
f4cd3961-59b6-4eb3-bb3f-3aff76fb054a,I can't follow people. Pls fix,2,female,"Suva, Fiji",2020-11-01
990ea5ef-42e5-4d2f-a48a-4926bab7db98,"Hello TikTok Team! I can't upload HD videos on TikTok, please solve this problem for me! Thank You!",2,male,"Washington DC, United States",2020-03-03
1597ca6a-9504-4290-ad2d-8ebbb7405558,"you know hindi sa ma update, oo! tas pag pinindot yung update matiyog lg sya nga matiyog hahaha piste! kag kung e cancel ma auto exit dayun 😪",2,male,"Lahore, Pakistan",2019-03-04
ea700d7a-ce84-410a-9de9-bd93c118f926,I like tiktok but theres still nù@d watch i dont like it,2,male,"Addis Ababa, Ethiopia",2019-07-31
a6fcb0f5-feae-4842-b73b-08d28b4cc754,Angeeel17,2,male,"Karachi, Pakistan",2018-11-20
4ff169e9-fcd7-4fc8-bc23-f35444b74e20,Mạng bth mà sao ko vào đc v,2,female,"Gold Coast, Australia",2020-12-19
c0eb1ee1-83ab-4279-93a2-6b491377fe4d,I can't download,2,male,"Seoul, South Korea",2019-01-23
7716c366-575d-4343-8979-c3e43f2d6e75,dalawa lang kasi ayaw mainstall.,2,male,"Johannesburg, South Africa",2019-05-06
bf9c2f38-c79e-40a0-830c-746d78680ccf,Happy and enjoy,2,male,"Phoenix, United States",2020-03-01
14521550-7d87-44a0-a19b-582e1b45fd1c,Ok,2,male,"Brasília, Brazil",2020-05-30
52391d96-a92d-4761-bc8a-2b288d9d9003,I got suspended just bc of a face reveal GIVE ME MY ACCOUNT BACK!,2,male,"Washington DC, United States",2019-08-14
e3811d36-bbb0-43ac-b6ff-9b4ff2a80d7d,Yamete,2,male,"Seville, Spain",2018-09-30
085875d4-b315-460a-b022-4235ddc8d715,bary fun it bery fun in dounloud now,2,male,"Dar es Salaam, Tanzania",2019-07-03
150008fc-056a-4a4d-a263-25100aa495ef,Bakit Kasi Hindi na makapag TikTok kapag walang signaal,2,female,"Montevideo, Uruguay",2020-08-19
bb812f5b-690f-4b86-bc9a-6329f661d1ad,"Okay, so far I kinda like this app. But recently, I can't see my videos because it said that I wasn't connected to the Wi-Fi although I am connected to a stable Wi-Fi. And I can't log back into my account after reinstalling TikTok.(Also the reason why I gave only two stars)",2,male,"Mumbai, India",2019-02-21
b0252ea7-b602-4556-b9df-1bec396d692b,Log,2,male,"Algiers, Algeria",2019-07-02
f326eeb1-fdf0-43d4-a54a-9f80dddd0c25,"Please remove the ""update tiktok"" because it keeps showing but i dont have enough storage.",2,male,"Tel Aviv, Israel",2019-02-15
86ee5241-9b4f-446f-8402-30d96111d4b5,Why it always requires update? And the app is so laggy can you fix this pls? Its so disapointing!,2,male,"Accra, Ghana",2019-05-23
4c53faea-be54-4cb3-a00b-e0a42adb7033,",ntxjy,tak",2,male,"Rabat, Morocco",2019-04-19
55d348cf-7479-4893-beec-8f20c70cc5f6,They remove the hd upload.,2,male,"Toronto, Canada",2019-09-11
772b3ea2-ffb9-45b2-8dc6-b81ecfa7c4fe,@aAzwcaazx@@aawswaaaaaxwxaxwaAaww@@aaaaaawazazaa@azaz@w@awawa@az##@@2#!#xww@lljlllllll@xx@@@@@@@@@@@@@@x@@@@@@@@@xxxx@xxxxrxd@@dxdrdr@@@@xx@x@@x@@@@@xx@xxrxxxx@llkkdd@@@x@x,2,female,"Santa Cruz, Bolivia",2020-08-31
04bc4c67-3e92-4304-8e8b-44e51ad5bd4c,"Hi, Tiktok! Can you let us filter searches with contents from people we follow, and the sounds they used. Can you also add extra step when reloading the feed like asking for confirmation, it's annoying and doesn't it ruin the personalization when we accidentally refreshed and missed video the videos we really wanted to watch",2,female,"Rosario, Argentina",2020-08-18
fc9cc93a-055c-476b-b9d5-58c729411807,This app is sow beautiful,3,male,"Osaka, Japan",2020-06-18
502e8fc0-1e13-4546-81ef-4764466dccbf,this app help you update the information..,3,male,"Singapore, Singapore",2020-08-22
fc1c3e2f-751f-4c1c-9161-260c19ca2b98,I like it but it have problems 1 my account is ⚠ 2 no like Plsss fix it thank you,3,male,"Dar es Salaam, Tanzania",2020-12-09
948e995f-b150-42d7-987e-de4fc7312975,Funny sya,3,male,"Austin, United States",2021-11-15
795a8c39-a2d7-4f1e-8e7d-4c94ac6c1636,"I've been using tiktok for years. It is a good app for entertainment. But recently whenever i try to like a video the like will be undone and then ""you're tapping too fast, take a break"" thing will appear and it keeps bugging me bcs i can't watch tiktok videos properly. Pls do something about that. It's really irritating.",3,male,"Caracas, Venezuela",2022-01-10
9815aaed-7fd1-453d-9e39-eee62d7bae0e,Fun,3,male,"Santa Cruz, Bolivia",2022-01-10
7fbc8785-8599-45b8-96bf-be0b1824425f,ᴱᵐᵐᵐ,3,male,"Shanghai, China",2020-08-01
4dcd1366-ecca-474d-9559-5a996f9f6dad,I like tiktok,3,male,"Bangalore, India",2020-08-08
48b7c2e1-2a85-4ade-809c-c98048c15f4d,Why I can t log in,3,female,"Queenstown, New Zealand",2022-09-22
ab9d83f2-2b52-4943-9aa0-80a2dc653944,Good,3,male,"Phoenix, United States",2021-08-13
b3d2b7b1-5791-404c-bd90-486821076ef4,Good and awosome,3,male,"Fortaleza, Brazil",2022-02-05
acae2949-d8ba-4f57-9d98-148aaa735399,"I have a problem, why can't I use TikTok filters anymore? whenever I use it, it says ""this filter doesn't work on your device"" please help :(",3,male,"Shenzhen, China",2020-07-20
558484f4-a880-4fdb-b571-8d3fc2944209,"ᴛʜɪꜱ ᴀᴘᴘ ɪꜱ ᴀᴡᴇꜱᴏᴍᴇ,ʙᴜᴛ ᴏɴᴇ ɪ ᴅᴏɴ'ᴛ ʟɪᴋᴇ ᴛʜɪꜱ ᴀᴘᴘ ʙᴜᴛ ʜᴇ ꜱᴛɪʟʟ ᴡᴀɴᴛ ᴛᴜ ᴜᴘᴅᴀᴛᴇ",3,male,"San Francisco, United States",2021-09-14
b1a34494-5d04-4258-8f41-3dc8a8daf1ee,Ilove this so much but i hate it now because of new update they ban kids for making videos in 2019 so many kids making tiktok like me so pls don't ban kids again BTW. I rate 3 star but i can change it if tiktok don't ban again by the way love you tiktok.,3,male,"Accra, Ghana",2020-10-19
cc39d6bd-5951-47eb-9971-4826bf43d90d,ေကာင္းတယ္,3,male,"Austin, United States",2021-05-01
4a79a2fd-ca6a-4a50-ac37-b3e5754232ab,Why cant i make an account!? i try everything! And the birthday is still wrong! I make all the years!,3,male,"San Francisco, United States",2021-03-20
ce5562ea-cf11-4e19-8692-e4d0c333ee01,Benedict Ombao,3,female,"Port Moresby, Papua New Guinea",2022-05-15
f46d3f86-e883-4ff9-ab7b-22ef694ed4b5,Soo good,3,male,"Mombasa, Kenya",2020-12-25
02e26817-2de5-4bee-9102-743e60db84ae,bakit hindi po ako makapag send ng message... wala naman po akong violation.. May nilabag daw po ako sa community guidelines wala naman po,3,male,"Rosario, Argentina",2022-01-13
ce2e77df-fe82-4315-bae2-aa8658e2df32,Ec,3,male,"Harare, Zimbabwe",2020-11-03
5ec4e584-7906-4f54-aca1-7a3ea669068f,there's a feature that was added that i found really useful its called clear mode but for some reason it's gone for mine but not for the others i already updated tiktok yet it's still not there anymore,3,male,"Guadalajara, Mexico",2021-08-31
7ab91454-1eeb-4ee1-9e03-1f1ddf538b0e,Good,3,female,"Brisbane, Australia",2022-05-12
09bacdb1-9bdf-44ed-a300-8295b602fde9,It's good,3,male,"Shenzhen, China",2020-08-19
092a1400-924c-4056-9ca1-c8e56371ea50,Good feeling new friend many idea joke new chalenge,3,male,"Nairobi, Kenya",2021-02-22
0edb1666-f39b-4f93-a31c-5a32c29a8970,Iloves,3,female,"Canberra, Australia",2022-09-11
fe0f9176-feb6-4374-bb5b-7cad0997a1eb,ttttte,3,female,"Medellín, Colombia",2022-04-13
802ce071-28ca-4cc7-9c33-b2b2f526e1f3,"Please fix the content preferences, my #fyp are always full with cringe content from my country",3,female,"Canberra, Australia",2022-06-09
a5b8e6bd-9fe5-4f87-a6bf-d63c650085d6,you,3,male,"Phoenix, United States",2021-08-27
9b335426-88ac-420f-abee-470e473295b0,"Good, i have so much fun using this app",3,male,"Windhoek, Namibia",2021-01-08
25e3fdc5-ba83-4379-ab0f-cf819225b6eb,Harurut,3,male,"Birmingham, United Kingdom",2020-05-18
939505fd-0a37-4b82-9e87-c79e09d8ecee,Do not distribute,3,female,"Perth, Australia",2022-05-21
b85555ef-263d-4be1-99eb-232190c003e7,I lose the vids in my search where it just shows users sounds and hastangs its really hard idk if its just me but pls help me fix it,3,male,"Marseille, France",2020-04-21
e5201b15-208c-4d78-bd1e-553648e86c89,Good,3,female,"Nadi, Fiji",2022-07-29
05922b4d-f208-460a-ad9a-fa8094f5f685,Ok,3,female,"Auckland, New Zealand",2022-07-25
5ae6f279-bbc6-4302-aef8-55682db386df,the tiktok emojies have been glitching,3,female,"Christchurch, New Zealand",2022-08-15
26091144-bc43-471d-9f32-745528b6057e,I like it,3,male,"Cali, Colombia",2022-02-23
d6e9c2b6-8975-44e0-b6de-ce1b5036daac,It's a new experience.,3,male,"Seattle, United States",2021-10-27
3052af40-e29e-44ab-89b5-7da2506869ca,"Why I can't update the app?? I already deleted some pictures, vids and other applications but still cannot update. What will I do?",3,male,"Casablanca, Morocco",2021-01-23
a589bc4d-4bbd-454d-bf7f-3c7c68b3f93a,Just 3 cause it's always logging,3,female,"Lima, Peru",2022-04-17
d769e69d-8efe-4b04-a4c0-afb361d8a198,"A little ungrateful. I've worked so hard on making 2 acc's to get more fame but you. You banned my other acc,i used my 2nd acc and you banned it,now why. I worked so hard to be fame,you dont even ban toxic people and h3ats like imagine i owned tiktok i would be grateful if i experience this.",3,male,"Phoenix, United States",2021-08-06
3a7e30b0-59cf-4c85-9dd4-a36c2eef8a57,I made a account but you guys didn't let me but I still like your videos 🙄,3,male,"San Francisco, United States",2021-05-28
f0ed5579-7c7e-4cae-9e2a-bee3a043a82e,It's good to use and it's convenient,3,male,"Athens, Greece",2020-05-11
0341002f-7654-4089-a3ea-288e19e4d22c,Gd,3,male,"Amsterdam, Netherlands",2020-04-25
ec5e602a-531b-45cf-bf28-6ea18ac451b0,Why the option direct message not showing at my tiktok,3,male,"Denver, United States",2021-11-09
e72c9118-eb0a-41b5-9573-986ebde7995f,Tt,3,male,"Krakow, Poland",2020-05-15
884dc33f-95c4-44b3-aff3-fb8ee593c650,Gg,3,male,"Cancun, Mexico",2021-12-07
31b00bdf-c4f5-4796-a654-7c7fd174f838,Not work,3,male,"Pretoria, South Africa",2021-03-11
7aa55346-7b68-4c97-9bfc-843fd3039661,"I'll just rate this app in 3 stars because will I like it though it just the filters and you know I download it again and again and it really annoy me and yeah it's just the filter , tiktok please do something about this , thankyou.",3,male,"Milan, Italy",2020-05-04
4391499d-5a39-4bf3-ab5c-0ed117e2185a,"I dont have an option to maximize the video upload setting to hd my videos are too blurry, my app is in updated state",3,male,"Cancun, Mexico",2021-07-17
885be7e9-abab-4ceb-82da-29e936db2e19,It was fun,3,female,"Quito, Ecuador",2022-03-07
81e9602e-571d-4222-beeb-34434662b482,Like,3,female,"Brisbane, Australia",2022-09-25
d83be374-240f-4f77-b8e3-a2d5bc9fa04e,The apps is okay but there's a time that Always lag and i don't open my Tiktok app it so sad,3,male,"Shanghai, China",2020-09-03
5bc1c8b7-d65e-455c-92da-3c0688344743,I don't have profile views,3,male,"Algiers, Algeria",2021-01-26
7144a572-1fcd-4a1c-97d1-254a6dab3e96,nice,3,male,"San Diego, United States",2021-04-30
88b9a06b-ff0c-4700-970a-c63dadf50ab3,I don't want to update my tiktok,3,male,"San Antonio, United States",2021-05-03
ac5a5305-83b5-4f08-ba01-62026933068f,This app help me when I'm bored but I give it 3 stars cuz there is so many sexuality that has been post in this app,3,male,"Hong Kong, China",2020-08-21
0abbe2a7-5dd8-4a33-a39e-384116d1ce20,Good,3,male,"Algiers, Algeria",2020-11-24
3fe65d66-a3ee-46cf-8825-a132bf98e8b3,I want see video,3,male,"Marseille, France",2020-03-26
37e2f71f-eefc-4dc8-ac8e-585ba9b37cc5,"I don""t know",3,male,"Phoenix, United States",2021-07-28
d2712bf7-7044-4a61-b410-2426e7718550,cute ko,3,female,"Port Moresby, Papua New Guinea",2022-10-01
6be21d24-5971-49f3-b46a-b1ec45e20c84,dln KL😎,3,male,"Frankfurt, Germany",2020-04-30
32a16660-60da-4a1b-8509-4d9dac575d5d,nyein si thu .,3,male,"Arequipa, Peru",2021-12-25
8d9ff679-dc45-43ce-be06-f4691295cdc6,Why I don't have any filter while I'm doing live🥲,3,male,"Los Angeles, United States",2021-06-13
886440aa-a273-45c3-a7b9-5f8ec2d93979,why do you keep forcing me to update my tiktok? it's soooo annoying!! i can't use my tiktok because of that : ( i don't have enough space on my phone okay? don't force me to update it pft.,3,male,"Pretoria, South Africa",2020-11-22
78784d1a-bcf5-4ef8-a7df-06272ccfbdd3,Gh and good 😊😊 o kk No. FFp cool Pt HH. R mm llyo I. NM u M mm n my job m Tol Myg NH HH,3,male,"Algiers, Algeria",2020-11-28
1a7c89d1-f861-4e77-9668-f690c6c4e4b2,Because of the new update i can't login now on my account i don't why it's just doesn't pop up ☹️,3,female,"Hobart, Australia",2022-09-21
e65c8c60-7224-4e12-af36-2372736f91b6,Not bad,3,male,"Birmingham, United Kingdom",2020-04-14
427f22ee-36b1-4466-897e-b757aed596a7,"i felt disappointed. after i updated tiktok, i couldn't open my tiktok apps.",3,male,"Ottawa, Canada",2021-08-14
43b07147-9b84-4dab-8cf1-b621d6985f8d,So it's about you're new update I can't watch properly,3,male,"Monterrey, Mexico",2021-06-23
7e4a2523-1b5d-4e24-a0df-5a8f3f5517c7,why on android there is still no dark mode feature is it difficult to add the features ?,3,female,"Gold Coast, Australia",2022-08-09
e8543bde-b897-4d79-a6f9-421268e9df03,My experience in tiktok is nice but when I always go to playstore to download an app I can't download it because my tiktok is updating but I didn't ask for it to update and if I cancel the update my phone starts to lag pls fix this bug,3,male,"Abu Dhabi, United Arab Emirates",2020-07-19
6b916928-2c6f-45d5-bf5f-b2fc2519c5b8,Good✨👍,3,male,"Zurich, Switzerland",2020-01-25
398af51b-2f33-46a3-ae59-bf82fbf785cf,New update confusing..the old version much better to looking data,3,female,"Hobart, Australia",2022-06-12
7fa11de5-bad5-4af4-a5eb-57763138ecfd,The new update is annoying I cannot use the beauty and the filters when i don't have a wifi😭,3,male,"Pretoria, South Africa",2020-11-20
8b7da55c-6ed6-485f-bc5e-2495af8bc83f,"i can't use my filters without internet connection, what did happen?",3,male,"Algiers, Algeria",2021-02-13
8e24f677-94ac-42cb-8c07-de5fc7504509,Bodomo,3,male,"Krakow, Poland",2020-04-26
2bdd810d-02eb-41ad-abac-9e99fd617766,Ok I'm having problems with this app. When the video plays the audio only lasts a few seconds then goes completely mute. Is there any way to fix this?,3,male,"Phuket, Thailand",2020-08-11
58b847a8-67d7-4a84-948b-0c7a3d75d6dd,chelseaibe,3,male,"Lahore, Pakistan",2020-08-11
f8dc7905-bac3-466d-835f-5b872a87cd08,Good,3,male,"San Francisco, United States",2021-11-16
abc43989-f0e3-4b01-a4e3-4024ae5f6d9c,Fu*k u,3,male,"Athens, Greece",2020-05-11
64dc4269-4a26-4db1-8593-c6516ecdc38b,I rate it 3 bc I don't get All the updates,3,male,"Doha, Qatar",2020-07-07
5f9ef315-c1e2-4b19-bd28-d9861d57a353,It's good but sometimes my TikTok always got ban bc of my daughter and my daughter is so mad at it..... So I gave it 3,3,male,"Kumasi, Ghana",2021-02-05
a7798892-91ef-45e4-9122-1bc9eb30ecfb,Video gw susah viral,3,male,"Mombasa, Kenya",2021-02-05
be641228-1a63-4f7d-b0eb-2aae6ca3ab43,Intellgent,3,male,"Lisbon, Portugal",2020-02-14
a57a097c-597e-499a-9191-f496b68d757f,4•|•☆•@•Z,3,female,"Christchurch, New Zealand",2022-10-03
9b3d9fff-5f5b-4c19-9d04-a1ad0ce32c96,"okay now I can make an account thank you for fixing it, but when I made a new account I can't follow people's account now no matter how hard I tried. Please fix this as soon as possible.",3,female,"Lima, Peru",2022-04-28
d8a0b52d-179b-45ae-86bc-9340b385661f,ARIAN,3,male,"Lima, Peru",2022-02-22
25f93c85-1c1a-4790-8140-3989926a1d44,"The ""save photo"" has problems i couldnt find the photos i saved in my camera roll",3,male,"New York, United States",2021-12-07
c88957a8-c3b5-4f2e-bc8c-2a5158e6a194,good,3,male,"Mombasa, Kenya",2021-01-31
518e2ba2-bb5a-442d-93b3-142430d5dfe6,TIKTOK STOP BANNING INNOCENT PEOPLE THEY DIDN'T DO ANYTHING AND GACHA TOO (btw I'm happy that u band meowbah😍),3,male,"Jacksonville, United States",2021-11-02
edc786fb-d77b-4d29-aa0a-702096b2a2f3,Bruh why you not ban mid like meow bahhh why you Bann the sad day and not mid you TikTok are so bad,3,female,"Montevideo, Uruguay",2022-04-26
65721115-a703-4af6-bf4e-c893fce9bf3b,zeii ran,3,male,"Santiago, Chile",2021-12-24
c6d206af-673c-4c66-aaa0-a10110c7967d,2 times updated but running not very smooth. lag ..,3,female,"Brisbane, Australia",2022-06-09
ee3e5ceb-9e22-434d-9298-959a07335b68,Hindi na ma gagamit ang filter kapag walang wifi/load,3,male,"Valparaíso, Chile",2022-02-22
77d789ff-d399-4c57-b6fb-483acb3e63da,Ah sige,3,male,"Asunción, Paraguay",2022-01-06
0cd34c4a-6667-4925-9a57-bb38b331da31,God is. The truth,3,female,"Sydney, Australia",2022-07-07
814b93e1-bf8b-48dc-8937-90062b16d117,"app ok tapi ada sesetengah budak perempuan sekolah rendah yang jenis panas baran nak mampus berkeliaran dekat app ni takleh nak ajak joke, babi betul lah.",3,female,"Medellín, Colombia",2022-03-11
6e92b95e-f5f6-45c7-a16e-b01833b8a952,Great app,3,male,"Durban, South Africa",2020-11-27
bd3069e9-b362-4dd2-9a6a-e6dec28095d5,Hanging,3,male,"Toronto, Canada",2021-05-21
703c241b-11d5-4dfd-a69d-ede9bece1cb3,"Everything else is working fine. I can watch videos, and like them. The only issues are that the app is laggy when I tried to scroll through the videos and I can't find my friend's tiktok account on the contact. For now, I'm giving it 3 stars. Good app tho.",3,male,"Vienna, Austria",2020-03-31
853eda9e-b468-4c21-b910-001ecadf652b,Thats good app,3,male,"Cape Town, South Africa",2021-02-23
d257f299-4cd5-4f00-af41-a67f80bcb2f4,ok,3,male,"Montreal, Canada",2021-10-05
79988db6-4423-4bdd-b471-363e17866fc2,Yhgoo lol wash it wwqq and I am yy,3,male,"Ho Chi Minh City, Vietnam",2020-08-02
9489d620-04a2-4a0a-bc96-01482adfbc93,I rate 3 lang kase minsan hindi ma download yung video,3,male,"Montreal, Canada",2021-08-02
058e9f6f-66d2-4b41-b700-2ce8421ad95d,Lates/trending filters wont show up,3,male,"Dar es Salaam, Tanzania",2020-11-28
3fb9b9db-1e04-4b43-ab71-058ab374df6c,I like the app much but i just put a 3 star cus its many many adds or something and lag idont ting if its just my phone cus win i open other app its not lag plls fix dis and for a year you most updated it its so many tingi but its really fun app and i love it thank you so much for making this app its a nice app and cool you can add friend any friend you can chat wid friends to nice app,3,male,"Manila, Philippines",2020-08-17
70a6429d-d4b6-4322-9c7b-ec769d7d8c76,Ok,3,male,"Accra, Ghana",2020-12-25
6b544745-2e51-49f9-9b85-e06edfeaf19a,Hello tiktok. i want to ask why did my account banned? I didnt copy peoples photos or names.,3,male,"Seattle, United States",2021-08-20
7184540b-6aea-43b7-975d-a995659c5880,Hi TikTok,3,male,"Cancun, Mexico",2021-04-10
34fa0d8d-9631-4310-bdd6-1d7788f70ec9,"I am sorry tiktok , how come tiktok became long duration maybe until 9 minutes, is that tiktok battle against youtube ??",3,male,"Washington DC, United States",2021-03-21
9ba9713b-9ea1-4548-859e-028d44d72224,very good,3,male,"Lima, Peru",2022-02-19
7decfc65-c933-421e-8b2b-32765eed4812,I keep pressing not interested in videos but they still pop up at my fyp. Please fix this make my fyp similar to my past likes instead of where I live,3,male,"Vancouver, Canada",2021-10-07
09553714-775d-407c-95a2-ebaf295093c6,"please remove the update icon in the tiktok, don't force people to update the app. Sometimes we don't have anymore space so we usually don't update the app :>",3,male,"San Antonio, United States",2021-08-10
3bdc1681-9056-4ab2-8fe6-8aec7471fca9,It's good,3,male,"Warsaw, Poland",2020-04-20
fccd6a47-d037-4ebf-bdd3-9fa96449494b,Amazing,3,male,"Rome, Italy",2020-01-15
b5ac8bb4-d61b-450f-8f7d-e7bf196bf838,IDK🥵,3,male,"Kampala, Uganda",2021-01-07
efac322d-4aac-41cd-b384-6c0d528c101a,Its nice,3,male,"Dublin, Ireland",2020-04-27
0db44beb-557d-4691-8c80-0318d559d9f9,Okay Sya no explanation.,3,male,"San Francisco, United States",2021-10-18
2544a445-d53c-4d60-b9a5-9015fe56087f,Ban mer sbay hx ban lg sbay tt Loy mg,3,female,"Suva, Fiji",2022-05-12
4f48da66-7453-431d-950b-fdda6d7e3c68,The problem is that if im going offline the effects will not show up its always like you have no internet connection,3,male,"Montevideo, Uruguay",2022-01-12
8a355d46-2e7a-4b74-bff3-2f30d86e8ec3,good,3,male,"Seattle, United States",2021-03-20
ab4dae69-9878-45c2-a2c8-af5f4365c274,Nice,3,female,"Córdoba, Argentina",2022-04-22
54679a77-008b-4876-9112-f68a6ac75c48,I like titkok,3,male,"Rio de Janeiro, Brazil",2021-12-20
841f721b-7732-4dfe-a819-1c0c2ba84155,"Crashing problem, please fix it, need to reboot phone while stuck-crashing",3,male,"Dallas, United States",2021-06-07
8f18ba42-f67f-456c-af52-bdfdd7dfa1e1,Ok lah,3,male,"Calgary, Canada",2021-08-31
8b28c9c9-9e91-489f-a67c-d233848762ac,"I can,t Make Another ACC Because im banned",3,male,"Manila, Philippines",2020-06-27
5f84c8cc-7cd7-419e-824b-aa6748758e64,Ok,3,male,"Valencia, Spain",2020-01-15
7d00c6b8-2d8d-46bc-8b01-5a8009bfb66e,Tiktok ano ba toh bkt nabura lhat ung Live wallpaper ko sana etong update nio ehh mka save ako ng live wallpaper,3,female,"Queenstown, New Zealand",2022-07-15
b6320eeb-6bf6-47c7-99c5-034b49b608be,I like tikTok the same,3,female,"Sydney, Australia",2022-09-01
f9ee5e71-50d3-4b9b-bcba-70a51929b4d1,I like the app but i dont like it a little bit cause of the live seling and other people that go live is so anoying and may TikTok is some times lagi because of live and live seling,3,male,"Quebec City, Canada",2021-05-25
d8fefd61-5141-4f11-a9a4-07b4fc78c44b,wow so experience,3,male,"Calgary, Canada",2021-08-04
36caaecb-c4c3-4b02-bad1-2694692106ad,This up very amazing,3,female,"Valparaíso, Chile",2022-03-06
6e84ddd3-1def-4d01-be8f-d9e0bb2c9a45,Ayaw akong bigyan Ng Jowa.😡,3,male,"Warsaw, Poland",2020-04-05
d4ab8a8a-5fba-4c17-ab4a-cc321e3bbd7a,I really like TikTok but somehow theres a issue.. TikTok is banning innocent people and not people who is doing inappropriate! This needs to stop NOW. when we report a video of someone who does bad things it won't work then when someone does nothing bad they ban them I don't really like how it is please fix it,3,male,"Asunción, Paraguay",2021-12-26
8407041a-c9f0-47c3-b088-ddc2664f9218,သိပ်မကောင်းဘူး,3,female,"Santiago, Chile",2022-03-11
490b3c92-7abb-49c3-8737-89f155362a21,Maganda Naman po siya .. Yun nga lang po palaging kailangan i-update ..pataaas Ng pataas Yung mb .,3,male,"Bali, Indonesia",2020-08-23
573ff4e5-7f24-42a8-b467-adadd997d368,It's good bcus I'm already playing this app everyday,3,male,"Monterrey, Mexico",2021-07-20
1f2a3525-ad67-4cf6-ab84-93c79a7d95c8,"I love it,😸",3,female,"Medellín, Colombia",2022-03-21
9df5c96c-af02-4b1d-9196-8ec627dbc315,"tiktok có thể nào mà cập nhật thêm tính năng block content, hastag, từ khoá không =))) lướt toàn trúng toxic với mấy thứ khùng điên",3,female,"Hobart, Australia",2022-08-13
d02c937f-bb67-42fa-8bc5-fd08d348eb14,"Can you fix the bug guys? cuz when i go to home it says no videos her try again later and when i triedd again it says it again., and when your trying to log in it already says ups you account has been suspended",3,male,"Tripoli, Libya",2021-02-17
d912e5b0-e272-4d9f-9687-e00d1946cc91,Good,3,male,"Singapore, Singapore",2020-05-29
11ad45d4-8b6e-4de3-8749-6c5c73818e04,Lag,3,male,"Córdoba, Argentina",2022-01-02
df524fd8-dd15-4432-a9ae-80904be2c712,I like the new version of TikTok apps.,3,male,"San Diego, United States",2021-09-09
9a699aae-a39a-4741-804b-27901d624de7,Ayos sya,3,male,"Denver, United States",2021-05-09
9fbc732b-d6df-4159-bddd-48ec7dd491f3,I couldn't update the app and I uninstalled it know I can't seem to download pls fix it I really really hope u do tiktok pls it's a nice app but updates make it lag pls fix it thank you,3,male,"Nairobi, Kenya",2021-01-26
c2d30c91-b3f3-4b00-9950-939f74ff954e,"Hai, my tiktok effect button search 🔎 not show...plase fix it, i already report to tiktok but still no answer, tq",3,male,"Edinburgh, United Kingdom",2020-01-24
1b654a75-bdc2-44b1-9b1d-16320e9ee4dd,Rolandomendo,3,female,"Hobart, Australia",2022-07-16
3aef9c8b-3b38-430f-b827-345c1e8038a9,Good,3,male,"Johannesburg, South Africa",2021-01-16
0e8d53ae-bfb9-444d-8699-3852d57223cd,its a very good apps,3,male,"Athens, Greece",2020-02-10
129866d5-4513-4b80-82d4-67beee3a8610,ោ ថាបងកិ,3,male,"Warsaw, Poland",2020-04-09
42345503-1346-42ba-a4a6-16680f5ef36b,Lovely123,3,male,"New York, United States",2021-08-15
2255f9f4-fd86-40a8-a742-8f02375fc1a0,Its fine but i tend to get bored,3,male,"Hamburg, Germany",2020-01-31
3f8596a7-0e31-436e-b302-0298be2b3ab1,"when i add the video that im going to add its just black and i can't click the sound, effects but when i try my other video its working and sometimes the video is not working even though my wifi is good i hope this get fix its really annoying",3,male,"Valparaíso, Chile",2022-02-08
8a3115e9-21c1-48e1-a518-7d185ce6aa3b,Nice features and videos as well,3,male,"Santa Cruz, Bolivia",2022-01-17
58d85fc1-cc26-45ee-a811-9d03069da9ae,Super awesome 👍👌,3,male,"Glasgow, United Kingdom",2019-12-31
1cde457e-4b70-45e3-8258-76ec000ed488,TikTok please get this glitch out it's always so annoying that glicth is that when you follow someone but it won't show at your following list. Please fix it.,3,male,"Phoenix, United States",2021-10-09
aae45ea5-21b8-4caf-820c-a66ce07f3c86,The tiktok is nice but I can't upgrade it properly when I upgraded it will said that there is a problem.,3,male,"Abuja, Nigeria",2020-11-01
417a7054-4a69-40e8-995f-31b2ec833664,It's very interesting.. I learned more..,3,male,"Kuala Lumpur, Malaysia",2020-10-16
c1635c02-dc8d-4247-831e-78a3bf98cd46,"I'm okay with it somehow but please.... The storage, please lower it a bit.",3,female,"Port Moresby, Papua New Guinea",2022-05-12
ebc9c22e-777e-4644-b9b4-b68e304c8fdf,this is amazing app,3,male,"Marseille, France",2020-03-08
6a7b6e9c-f6b6-4606-8e5a-2e50a8ba83ed,I love you tiktok🐷🌼,3,male,"Casablanca, Morocco",2021-02-21
97789a20-ba4b-4dc2-9eda-c4901e87e6b9,It soo fun to scroll tiktok,3,female,"Wellington, New Zealand",2022-08-20
5799d4d5-ccef-4bff-a404-619da07ce360,"Everything is fine, but for some reason I am not able to see products in tiktok shop? Already have my account set up and everything but for some reason I cannot see products listed when clearly on another phone there are products. Till then, 3 stars.",3,male,"Stockholm, Sweden",2020-03-23
be9116b8-e82f-4b28-8fe8-16ae58152edc,Please please make dark mode for android :/ samsung,3,male,"Jacksonville, United States",2021-09-02
65efc0c6-422b-4e06-aae1-6641cbed6ed7,ချစ်ချစ်,3,male,"Phuket, Thailand",2020-09-13
102120af-8a72-4477-8a91-216ba696563e,3 stars because it has so many problems in uploading my vids,3,male,"Shenzhen, China",2020-08-15
bd39dc30-ea82-4ecc-8f22-ed06d46a616b,There's one problem on TikTok because it always say that I'm not edible pls fix this,3,male,"Cape Town, South Africa",2020-12-02
afaf1b59-5c34-4107-b580-413fd8bb36cc,Good,3,male,"Salvador, Brazil",2021-12-18
7280ff80-6d1c-4e3e-aa0b-1c184e19f858,"Hello, i just wanna say that i really like this app..but there is one glitch that it doesnt open or pop up after installing it only pops up/work if you unitstall it then install again. I hope you guys fix this, thank you.",3,male,"Pretoria, South Africa",2021-02-23
4272f5e7-f21a-46cb-8a70-3c3d7e1a29c4,Ok,3,male,"Brasília, Brazil",2021-12-20
45347fdd-4585-4bae-b2ad-733775008fcc,Shaira jaylo,3,female,"Auckland, New Zealand",2022-07-15
59605c64-47cf-4191-9d33-2ad6f2c65600,south yan kaung,3,female,"Wellington, New Zealand",2022-07-08
b929acbb-c144-4002-aeea-9b96ddd657b2,ZADZZY pls unflop me now 😔😘💅or you not ate☹️😍,3,male,"Toronto, Canada",2021-06-21
871f511e-f0e7-4e44-9e30-a8fd75ac3dd0,Walay libreng hotdog,3,male,"Delhi, India",2020-09-11
bfadd506-02b2-4e7a-9892-61f2662877c4,"You always ruin the quality of the video,please make it hd",3,male,"Los Angeles, United States",2021-09-26
1c4bbc23-ecc6-44db-91f6-5f8ad2d0eedf,It's good 😊 but sometimes it's log but it's ok,3,male,"Frankfurt, Germany",2020-03-29
a6933581-1eb9-4ea0-b646-cf7514ddee19,So I am very annoyed with the fact u want me to update even if my storage is half ful and I can't update tik tok bcz of it and there's something wrong with my Wifi when the bar or WiFi is fine like- I just hope u understand tik tok Pls try to figure out why it's doing that I just want to watch,3,male,"Durban, South Africa",2020-12-07
25c9c1de-68ff-4de9-bb9e-fc89875e99c8,"i love tiktok, but how did i got banned and what did i git banned for? I don't understand",3,male,"Abuja, Nigeria",2020-10-28
052d6eaa-43a0-4a99-bced-43637c776fb5,It's good 🤗,3,female,"Sydney, Australia",2022-08-18
50292ea8-ba0b-4d99-980e-9a0c41bf1214,I already updated but still not working the filters 🥺,3,male,"Vancouver, Canada",2021-07-16
09142152-f01e-452e-a630-2c08ffd81206,I love this but I was working so hard I can't even got a 55 likes😔,3,male,"Pretoria, South Africa",2021-01-27
81bf6201-8628-4421-89b3-613e3ef608f3,សំណាង,3,male,"Karachi, Pakistan",2020-10-08
0121afa7-8cca-4d09-8b69-5a000158a3ee,Eh ok lah,3,male,"San Jose, United States",2021-06-15
95fb677b-f73e-4c8e-8a84-638cb471698c,This app is soooo cool,3,male,"Monterrey, Mexico",2021-06-16
01b5d9d4-0628-48fc-be2d-6d527c1de3a4,👍 nice,3,female,"Auckland, New Zealand",2022-05-15
ef498c65-9de2-4be9-a612-f4477be2e6bb,I'm enjoying and so panny,3,male,"Monterrey, Mexico",2021-05-15
17cddfe9-bd38-4165-9293-2aea97149e41,happy for her to the many friends.,3,female,"Brisbane, Australia",2022-09-10
6ff00562-c80b-42d9-9d1e-a9255047c902,This app is so weird😡,3,male,"Brussels, Belgium",2020-02-16
cff0e570-fc9c-4024-a116-480da07c5a07,Log when i tiktok,3,male,"Washington DC, United States",2021-09-02
c8904769-287f-4b32-99af-f04b81ce4f0e,i can't make video on tiktok when i finish uploading video its always popup black screen...,3,male,"Casablanca, Morocco",2021-02-28
0f30c9e5-259e-43b2-ac8d-74460311f1b2,Ubgingii,3,male,"Casablanca, Morocco",2020-10-29
b6c38e5f-0687-4296-86ad-596a300e8b5b,it's kinda bit good sometimes it makes my day best when i watch it.,3,male,"Denver, United States",2021-05-03
52136b11-c61e-4cd4-87f6-aae404e95c98,"I want to say something,for some reason I cant download any videos I already delete some videos in my phone but I still can't download anything can you look for it thank you",3,female,"Wellington, New Zealand",2022-10-02
a04b1240-577b-4442-96d4-768d8adec79d,Good app,3,male,"Alexandria, Egypt",2021-02-01
057b9de1-99bd-4f8d-8f83-7b865a0d8942,"Hello, lately my FYP only shows my following accounts videos, instead of recommending the trending videos I might like. I like the older version of algorithm more. If I want to see my following I can just tap following, not on my FYP. My FYP is boring now.",3,female,"Christchurch, New Zealand",2022-08-05
a8507efd-d557-4dc8-b20d-8bc72aa0de3b,This good apps,3,male,"Tijuana, Mexico",2021-06-18
4319845e-01c1-4e2b-9ff7-12522548583d,this application is very good but ads and updates always appear even though I have updated and when I update this application this application always cannot be updated. I hope this problem can be solved,3,male,"Abuja, Nigeria",2021-01-27
810c484f-8450-43a3-987f-73809b8f5c27,nice app of tiktok,3,male,"Hamburg, Germany",2020-03-08
040d1e3a-c064-4c37-ae37-72c753132445,Ygug,3,male,"Zurich, Switzerland",2020-03-25
5256f828-e488-4b91-bda2-f29a4cec59a8,this app doesn't work on my phone anymore after updating it im a bit disappointed cuz i can't use it anymore on my device😢😢,3,female,"Wellington, New Zealand",2022-05-21
b0007fc7-e4d7-4cbe-ba5b-5649c4b01605,"Hi, why I cannot install this apps ?",3,male,"Helsinki, Finland",2020-05-09
9c64eecb-413c-4b18-aec6-160a532191ab,I have a lots of updates but i dont have the update that you can see who ever visits your account whats happening,3,male,"Chennai, India",2020-10-14
fbae8652-e09a-454f-91c2-1d6f2839c0e0,"After updating, the sticker/filter button on top of the creator's username just doesn't pop up anymore for ALL of the videos. Also, when scrolling sometimes it just shows the video as a black screen. You could still hear the sound playing as you scroll but the videos aren't showing so u have no choice but to close and reopen the app.",3,male,"Addis Ababa, Ethiopia",2021-01-04
488c4cf3-232f-4c91-a59d-56e52fdf2064,buggy,3,male,"Krakow, Poland",2020-03-07
623d90d4-0563-454f-8554-cbf7b2763377,3star because didn't all comments about TikTok. It is followers that your follow,3,male,"Chennai, India",2020-07-21
d36072f7-0019-4760-9eb0-899904345667,Clear experience,3,male,"Tokyo, Japan",2020-08-10
84a9fd3a-9724-4005-97d1-c5fae500bd9a,This app is very fun but why can't I add video to the Favourite? ....,3,male,"Dar es Salaam, Tanzania",2021-03-03
41de1f48-a71f-4963-a020-6cd176bab06a,"Very nice i oike it but i don't like copycats and Faker,That because i only rate it three Stars! AND i have 0 likes and 0 followers and please Follow/like my videos please Thank you so much",3,male,"Edinburgh, United Kingdom",2020-05-13
2ef8d898-f442-4c7b-8824-9c5190fdb035,great,3,male,"Dallas, United States",2021-09-04
8f953798-c349-49a2-9fdf-7d328e106691,Hhhhpoo,3,male,"Jacksonville, United States",2021-04-13
506ab2d6-254b-4825-88b8-3074686f64a7,i don't like it sometimes you can't order when your under 18 so sucks,3,male,"Houston, United States",2021-11-27
b8bc0f05-9c67-458b-848e-1dc72ab45024,T. The RC. .,3,male,"Jerusalem, Israel",2020-07-17
ca3cfaf5-c453-485d-8f2d-36ed5961ab3b,"I tried saving photos from people's video's and even though it says that the photos are saved it's not in my gallery, i've tried again for a few times and it still didn't work. Pls fix this!!",3,male,"Karachi, Pakistan",2020-08-28
7b5749b2-ed35-4d69-b8db-f07199063d68,Nice,3,male,"Houston, United States",2021-04-03
31fb3586-7894-4097-82af-7df0d2821ad6,Everytime I update the app the update doesn't show,3,male,"Rabat, Morocco",2021-02-03
b8e2c0e9-531a-4a67-bfef-1fe73a5dbabc,"I love this app, there's no issues at all. Except for the quality. Whenever I post an edit that I exported on 4K and 60fps, tiktok would always ruin it. Like I can barely see the actual edit because of the pixels and blurriness. Can you guys fix this? It's honestly getting on my nerves ong.",3,male,"Abuja, Nigeria",2020-11-19
7c25769f-1473-4cc7-8d3f-e50b42f6760b,I like Tik Tok,3,male,"Milan, Italy",2020-05-15
da97f52e-b810-4294-8ae5-ed721a47d01d,lag tiktok,3,male,"Montreal, Canada",2021-05-14
6c70177e-3ccb-4ef0-94c2-b668ee3e1f5f,I love this,3,male,"Durban, South Africa",2021-01-06
8ae66a7c-f80f-438c-860d-aab299ad0fa0,Tik Tok,3,male,"Lagos, Nigeria",2021-01-13
3a30d3a5-ed91-4c85-b164-f638f5fe0321,Not showing hd upload video option in my device,3,female,"São Paulo, Brazil",2022-03-12
ef3964bc-16e9-426d-997e-88e29da312a6,I like this app but i hate to update agin by again why please can u fix it,3,male,"Athens, Greece",2020-02-18
8160d510-d62e-4687-b3b5-a285a8b5b9ce,Furious,3,male,"Ho Chi Minh City, Vietnam",2020-07-07
b7ee279d-4e98-4fe2-8bf1-993b266038e8,❤️,3,female,"Adelaide, Australia",2022-08-22
e65fdc22-54df-4a9c-a0c4-3f87d3beb763,"Cool! But I Can't Follow Some Users If I Follow One People I will look at my following list,Lost the follow will disappear",3,male,"Lusaka, Zambia",2020-12-12
a0196b6a-dae1-4fa2-ab68-6836169ecc3e,Log in facebook account is not working. How can i log in my account now???,3,male,"Copenhagen, Denmark",2020-02-27
e3b2895e-37e4-42ab-8fdd-6801e0475a4c,Learn more,3,male,"Tel Aviv, Israel",2020-08-15
bef21c2e-fb06-4c8b-a98e-b9a63a6cb3b0,Happy And fantastic,3,male,"Vienna, Austria",2020-03-11
6f336176-5fbe-4ccd-92cf-058dde5e30aa,Good,3,female,"Sydney, Australia",2022-09-11
619c8540-f40b-4add-a155-98a7d8c43b51,𝙶𝚘𝚘𝚍 𝚝𝚒𝚔𝚝𝚘𝚔 𝚊𝚙𝚙𝚜 𝚋𝚞𝚝 𝚒 𝚐𝚒𝚟𝚎 3𝚜𝚝𝚊𝚛,3,male,"Dakar, Senegal",2020-11-01
1f21cb0e-32d8-49e9-9cec-48825646f7ea,Jn 2kknzzjjj wjhjaZ,3,male,"Shenzhen, China",2020-06-12
25a0bce0-d16d-4e09-9a6b-3a7bef016d97,Ok,3,male,"Manchester, United Kingdom",2020-04-07
840aa3af-7756-4059-99dc-c992bcb00b93,Happy,3,female,"Fortaleza, Brazil",2022-04-08
ef21fd23-1d4b-46fc-8ac2-82b981cdf10a,I hope someday tiktoks updates will have ads like youtube or facebook ads that can pay you money for the views❤️ i cant wait for that day❤️,3,male,"Montreal, Canada",2021-07-15
f8cf5ad2-f307-46c8-a7a0-fc230184fdf7,pretty good but my phone keeps laying so i hope I fix it🕸,3,female,"Suva, Fiji",2022-06-26
1b5812a5-4bd4-465f-b203-e1569453bec3,When i use it for too long it starts lagging .,3,male,"Mombasa, Kenya",2021-01-23
72da8934-0e6b-4328-872d-23d5f2c2c5af,This app is good.. But why I checked.. To make a playlist.. But.. I cant make it.. Soo.. Plz fix this problem.. Thank you..,3,male,"Cairo, Egypt",2021-02-26
94a460db-0b04-4349-a701-1935b6cb8b41,I't so garaet on tiktok,3,male,"Denver, United States",2021-06-08
de026575-6bf0-4cc8-8c41-4d6bb1112550,Yes I' l l A we need calls meek off mericanize.,3,male,"Ottawa, Canada",2021-09-24
eb9e90c6-9b52-470b-9045-f34a69c1216c,Well well well,3,male,"Vancouver, Canada",2021-06-03
58ddb956-356e-42bc-95f4-cba3933d6475,"Emm... Sorry but when i try to sing up and when it ask when is your birthday and i answered it just keep saying "" sorry, looks like you're not eligible for tik tok... But thanks for checking us out "" but yeah i saw tik tok around youtube and it look fun",3,male,"Phuket, Thailand",2020-09-05
c309827c-1aa9-41fe-8be2-2f3d8ca36820,Anai,3,male,"Houston, United States",2021-07-13
12b422cf-ba42-449c-aabb-9350d9cf2f3b,TikTok Browser it trash,3,female,"Nadi, Fiji",2022-08-11
e3f8158b-b910-4c1e-9ef8-93fe2f34de51,"Its a very good app, but please add a dark mode option. And now whenever im switching accounts, they tell me to update email and number",3,male,"Quebec City, Canada",2021-07-14
403dd166-7421-453a-a885-96c7ee4a5c20,so hard fyp my video,3,male,"Tunis, Tunisia",2021-03-14
a93782e1-8d59-4fdc-8d30-17a1f80376a6,"Tiktok shop gives me extra income, thanks for this tiktok❤️Just hopes my views during live will not decrease anymore, it keeps on decreasing, can't even sell like before though😢 edit can't even get 10 plus views now what is this tiktok",3,male,"Rome, Italy",2020-03-09
a3ffda83-bcd4-4b4c-a7aa-0db91c90309e,"Hi Tiktok,why did you ""permanently bannen/suspended"" my account i didnt do anything..i just posted 4 videos...and i cant delete my acc...i hope you notice my comment,thx",3,female,"Adelaide, Australia",2022-09-19
6eb3b60b-6656-410f-a205-4ede24c91ff0,so good,3,male,"Vienna, Austria",2020-01-17
c1fb1220-9ba9-483f-bacc-f9fdde79825e,"This app is so good, but why I doesn't have playlist video and pin video? I mean, I want to pin that video, and I can't find pin button also playlist too. Please fix it. I need it",3,male,"Oslo, Norway",2020-01-02
aafa7874-dcbc-43d0-8e37-db8753dd83c1,Hi im using my sisters account so How can i search for Videos,3,male,"Kampala, Uganda",2020-11-29
66634f85-b3d2-4068-a996-6238006bef20,"Video di galaxy z flip 4 terpotong min, mohon diperbaiki 😩",3,female,"Wellington, New Zealand",2022-07-18
8a602f5c-c086-4f75-a160-7a31c187cd3c,Lag,3,male,"Cairo, Egypt",2020-12-10
f9fd2de1-e566-4e79-9e13-666fc24b71ff,This is a great app but they have been banning innocent people who didn't do anything owner of tiktok please fix this tiktok,3,female,"Suva, Fiji",2022-07-07
a8cd077a-e4c6-41fd-9909-0392c48207e9,Because my download filters is not working if i dont have internet connection,3,female,"Nadi, Fiji",2022-05-24
f3384c76-ac7d-4d5e-a9b8-0ef8db033562,Wala lang trip ko lang😁,3,male,"Marrakesh, Morocco",2020-12-15
62eb996e-576d-48ec-9f2f-36bc98a61fae,my repost button keep dissappearing WHYY,3,male,"Houston, United States",2021-07-17
357aa31c-86b5-41bd-8f27-a15c84fbb877,Nice everyday funniest morning 😇,3,male,"Lusaka, Zambia",2021-01-11
0dbb8068-1bac-4a7a-9d52-1293996299bb,It nice ok it's update how to search on effect but can you fix it on tiktok lite it's little bug in tiktok lite😁😁,3,female,"Hobart, Australia",2022-05-26
54f95a52-8662-4386-aea8-69f9ba01c65f,Afvkn,3,male,"New York, United States",2021-11-25
d5834bf3-78d2-47b3-a5e3-78702806a95b,ln love tiktok,3,male,"New York, United States",2021-11-22
50bcecda-a1c5-49d6-b645-e197d955388d,sick,3,male,"Phoenix, United States",2021-09-04
cb2693c4-81ed-4905-a7e1-cbefca53a78b,The allow high quality uploads option is gone and I can't upload high quality TikTok video,3,male,"Chicago, United States",2021-09-20
5581bb8b-0432-4bba-89d7-13aa0c5e5adc,I suggest to reduce mb,3,male,"Guadalajara, Mexico",2021-12-08
355b1e51-f251-4dde-aeb2-252c5422f5e4,"Tiktok glitches now. Whenever i launch it, my phone freezes",3,female,"Auckland, New Zealand",2022-05-28
cf5dc7d0-25b8-435b-9995-aa27fb6295b9,I miss you so much Alex singer.,3,male,"Kampala, Uganda",2020-10-19
145837d3-9e36-4a40-9ec2-23bc5790a0dc,wow god,3,male,"Hong Kong, China",2020-06-11
d60cf848-eecd-46f8-9184-dab6c0b89281,Good,3,male,"Algiers, Algeria",2020-11-28
92382f4a-3346-46cb-b753-6ff942f9bff1,Nice 😊👍🏻,3,female,"Bogotá, Colombia",2022-02-28
0357b9a9-90a2-42f3-a7f2-dad45a8a09d0,Tik tok is great but I don't like some naughty things,3,female,"Nadi, Fiji",2022-05-12
356e0cc7-9f87-4b1f-b968-71137fee580e,So good,3,male,"Cairo, Egypt",2021-02-11
c317872c-c17b-4001-8619-99982667ac5d,Nice🥰,3,male,"Ottawa, Canada",2021-07-08
86bb0038-d744-46db-a79d-5965f120ba79,"Honestly tiktok is really good but the new update is the problem and i hope you guys can fix it, The filters you download disappear with you go offline and not in every places you can online because there's no internet connection i was just hoping i could film while filters will not disappear like it's really disappointing",3,female,"Montevideo, Uruguay",2022-03-14
65050ff2-32a0-4148-bdce-ca46ced892e3,kenapa saya buat account tiktok allynia127 boleh tapi tiba tiba saya dah tak boleh like orang follow orang dan semua nya saya tak suka macm ni tolong baiki please,3,male,"Caracas, Venezuela",2022-02-10
07654705-7566-4154-860a-32978cd2da41,aplikasinya bagus banget tapi perjagaannya kurang ketat banyak anak² dibawah 12+ yg mainin,3,female,"Guayaquil, Ecuador",2022-02-19
563e0259-b3c7-411f-b339-03b58bff4929,Ehats,3,male,"Houston, United States",2021-06-10
a7985169-55f1-48e2-b059-1bf2fe5f4fc1,vbjki[,3,male,"Guadalajara, Mexico",2021-10-25
a8830ba4-82e9-4704-82be-e273e8f6cd1a,can you do a feature where all your reposted videos a compiled.,3,male,"Stockholm, Sweden",2020-05-08
bfc1306b-fda4-44ca-b6b7-c3105b08b597,Nice,3,male,"San Antonio, United States",2021-06-10
42e86a16-f1d8-4c5e-b143-3569f99126a5,When I follow some account its not on my following and it didn't follow so please fix It!!,3,male,"Seville, Spain",2020-01-11
eba326f1-f447-4ee7-b2a5-4409b1fbb92a,ង៏តវ័,3,male,"Los Angeles, United States",2021-04-01
e0f82fd7-3906-4715-adf7-a6a13fe5b302,See good,3,male,"Warsaw, Poland",2020-04-11
1599cbf3-b97d-4550-905f-22127329f0ea,Goog,3,female,"Port Moresby, Papua New Guinea",2022-06-07
ad5fbbe8-d320-4a82-9472-6d01a5924702,The app make me happy but the new update sucks,3,female,"Buenos Aires, Argentina",2022-04-24
7323d8cd-b659-47f5-a86f-9f6769ae8cd7,i like tiktok but when i open the app its star lag,3,male,"Monterrey, Mexico",2021-08-19
b3594656-45ef-4c17-a5db-f360fcb31332,"tiktok please, please people CANNOT see my comment even though i pinned it already and when i open it with my other account i CAN'T SEE IT AS WELL and yes neither does others and i even tried to comment on it BUT I CAN'T SEE IT AS WELL WHEN I GO BACK TO MY MAIN, so i am begging you PLEASE FIX IT.",3,female,"Perth, Australia",2022-07-22
2d70a8b1-8677-4a60-9911-1b97f226645a,good,3,male,"Rome, Italy",2020-05-04
a47e426f-0c31-443f-8008-ba485297a407,Not bad this app,3,male,"San Jose, United States",2021-11-29
8f9a01b9-13c4-4699-8fef-3bbae0410557,ilike this aps,3,male,"Addis Ababa, Ethiopia",2021-02-19
6be0edaa-1a2e-44c9-959e-32641377bb0b,It's kinda annoying some times,3,male,"Rosario, Argentina",2021-12-14
50caedec-07e4-446f-bfc2-41a5cb92305f,i can't update tiktok please low the mb many people can't download this because the mb is so many:(,3,female,"Brasília, Brazil",2022-02-14
8e06a7ef-dfd0-41e3-95f5-b56f0b0d2f39,Can you help me to get more followers and likes,3,female,"Canberra, Australia",2022-07-29
7543fea7-76c4-4407-bfb7-fdfeca12fe68,It keeps lagging,3,female,"Canberra, Australia",2022-08-15
c52476a3-4c9a-41cf-9db2-44d2aaa5434d,I cannot log innn,3,male,"Toronto, Canada",2021-06-27
9f97d381-0ed7-40a3-96cf-bc9ae2b1c2e9,#tricktokmody want to thanks this apps with so much fun and enjoyable in a meantime...,3,female,"Perth, Australia",2022-07-11
11d43cdf-2d63-4b3e-bbcd-172dd2c3801c,Its Amazing Im New Tiktok but She So Amazing,3,male,"Johannesburg, South Africa",2021-03-01
d8742fc1-907e-453e-a822-a66969fd8acd,i fill relax when i watch tiktok,3,male,"Fortaleza, Brazil",2021-12-28
ae4ce018-febc-4f88-bc2c-71f9dca4187a,3/5the problem is i cant log in and everytime i download it it takes so long,3,male,"Chicago, United States",2021-06-15
68d758fc-8ef5-41c5-97c5-098adb5e1d8b,"I love this app but My videos doesn't go on fyp and please if ever I delete my tiktok don't delete my drafts, Thankyou",3,female,"Port Moresby, Papua New Guinea",2022-05-19
4ef415a3-38d4-474f-ae57-355c487cfd8b,Ok,3,male,"Kuala Lumpur, Malaysia",2020-05-31
9cbd99e6-c2b4-426c-9e32-9a359bc5dbaa,It's good but why I can't saved the filters?if I off my wifi the filters will disappear.,3,male,"La Paz, Bolivia",2022-02-03
dca068a4-90d8-4ae5-b090-a248421c7ebd,TikTok platform is getting worse than last year because it removing some of the followers without asking the owner of that account.,3,female,"Lima, Peru",2022-05-05
4d9abcda-5e96-4b32-9ffb-b8d50bdf657f,What is that you are pic,3,male,"Rio de Janeiro, Brazil",2021-12-26
318b0037-4023-4154-ae81-5418545d3dae,Mmm.niceee.but why take my favourite song is not coming out to finding it.titok please repair it,3,male,"Lahore, Pakistan",2020-06-09
7f6f200e-5ef1-469c-8853-4bde7428f275,cũng hay đấy nhưng phải cần mạng,3,male,"San Diego, United States",2021-10-08
ef9630b9-0360-406a-87a0-f00f38a37ca9,Very nice one app,3,female,"Bogotá, Colombia",2022-04-14
2e7893f7-65ee-43c7-a32c-66dc216e02a8,Htet @@&&,3,male,"Doha, Qatar",2020-06-20
243ae792-6c6b-4ead-a60d-1c03c6390741,I had a bad experience in filter i cannot download it,3,female,"Queenstown, New Zealand",2022-09-10
f127c137-6b18-43a3-9bfd-3412d0abaf0e,"This app has a bug pls fix it my fyp is just not the same when the bug did not happen its all myct and roblox,ect. Videos and now its unrelated stuff and i really dont like it and it always laggs the screen stuck and the music/audio is still there i have to off my phone to unable it",3,male,"Cape Town, South Africa",2020-11-06
6aecbc8c-69a3-400f-8b4b-92aeceee49d9,Like,3,male,"Shenzhen, China",2020-06-14
fa5f8acf-ff60-41d0-9138-bd557b4fc7a1,"Hey Tiktok. I have some problems here. My tiktok didn't show the YELLOW BAG(tiktok shop) thing and also EFFECT on people's tiktok. I tried login into my friend's phone,it is all okay,it shows the YELLOW BAG and EFFECT but my phone didn't show any of those. Can you please help me out.",3,male,"San Antonio, United States",2021-10-01
b34bc829-1aff-468f-919d-c999ba09cf0c,I'll give you tree star because Ilove Cocomelon....,3,male,"Krakow, Poland",2020-01-20
9b70e185-a37e-49fd-ad18-6bb6bc8b1310,Why not instaring,3,male,"Denver, United States",2021-08-26
69c6001e-8116-49e5-bfbf-4ef86a527a9a,"Not bad,...",3,male,"Johannesburg, South Africa",2021-03-05
3a1f4bde-60f9-44a4-8292-fd1c200297c1,My tik tok doesn't update Please can you help me tiktok update,3,female,"Sydney, Australia",2022-08-16
46837247-ea23-4a76-a7a9-8d1519f97e7e,I like it very much 😊,3,male,"Delhi, India",2020-10-18
9114bd31-a0c3-4963-aa57-9cb8cb081ff4,Mind your on business.,3,male,"Vancouver, Canada",2021-05-01
896ac8f2-7304-4886-a293-9b2af9cc9091,I love this tiktok,3,male,"Zurich, Switzerland",2020-01-17
c79df782-1596-4be1-8048-2d84e18445e4,Good,3,male,"Kumasi, Ghana",2021-03-11
82f83b45-f7c2-440d-9a29-88f88e5f0b52,Good,3,male,"Washington DC, United States",2021-10-03
64425481-f6f4-479d-90f3-54589aaaf900,I still want to see that,3,male,"Delhi, India",2020-06-20
03f29e47-8d52-4d78-902c-3e6e02e0f9f2,"Honestly a great app, my only problem is my fyp sucks, the not interested button doesn't even work. Honestly so annoyed bc even if i don't like the content in my fyp and i remove it the same content is still there, I'm here in tiktok for kpop things and stuff, my fyp is full of thirst traps and anime and I don't even like or comment in that kind videos i just hope that the not interested button work more and that fyp just don't have random and not related videos.",3,male,"Lusaka, Zambia",2020-12-06
015373e3-0ad6-49df-8166-b7efca86d6b0,เอาขึ้นฟีดด้วย,4,male,"Santa Cruz, Bolivia",2023-08-27
65f92de1-42bd-42db-8e83-2483184fe212,Enjoying it,4,male,"Accra, Ghana",2022-10-07
e5742d9e-9700-4495-ba4a-abb77834ebf4,This is so nice I don't like TikTok Lita because it's so hard to edit on there on here is ez,4,male,"Beijing, China",2022-04-16
aee516d4-5b39-440f-a2fa-423b6f330f42,Mee is lab teh upp bikuz its so meni prity gerls,4,male,"Delhi, India",2022-01-05
6a6f5995-3b9f-4cd1-98f9-13d8a058d8e0,I love this but sometimes it lag but I still like it but please update this for more more more more downloads but I'm gonna rate it 4 hahah bye,4,male,"Valencia, Spain",2021-08-27
c5ac39fb-b1fe-4707-b430-a79f65596488,Good a bit,4,female,"Asunción, Paraguay",2023-10-01
7c824a42-1e0f-4629-a48a-57f4ee4d7b32,This app is so nice.,4,male,"Seattle, United States",2022-11-18
7c2851e8-dfad-4edc-a362-98bccdfdb856,Good,4,male,"Osaka, Japan",2022-05-29
430fad2d-98cf-4bb7-8c6a-4794e1d65cf5,"i, give rate 4 star",4,male,"Zurich, Switzerland",2021-11-05
5a5ff9c7-b37a-4b08-8946-bfd7e3b346a6,Min Aung Hlaing Ma A Loe,4,male,"Fortaleza, Brazil",2023-08-04
93a92dd5-0f6b-4e46-9e15-cc1c7e49a7fa,How to update missing my effect,4,female,"Nadi, Fiji",2024-01-06
ffcb353e-1432-4d5c-bd0c-4179696d4c35,Ok,4,male,"Windhoek, Namibia",2022-07-08
41026b12-ce28-4e5a-91d1-cdfd174332f9,Dis app is awesome but my 2 account is ban by u ban my tiktok 😭😭😭😭😭👅👅👅👅🇵🇭Just remove my account warning,4,male,"Tripoli, Libya",2022-10-18
8aa036eb-48f5-4c10-b139-b85da5d70d83,Nice..,4,female,"Perth, Australia",2024-04-05
47691f7e-356c-4c7a-8e96-c8d875ca32ba,Not bad☺️✋,4,male,"Hanoi, Vietnam",2022-05-21
844809bc-e0da-4d2f-9a52-6e2761116968,Nice I posted and my Followers is 15.6k like is 100.9k Lol,4,male,"Windhoek, Namibia",2022-09-05
ffc53b96-c79c-464b-912b-d9e90ead2095,"Pretty good app,the only thing that I can criticize about is that there are too many ads",4,male,"Pretoria, South Africa",2022-09-30
f220f80b-2864-4cb0-924d-632951251f48,Tau awat Saya bagi empat sebb like tak Banyak Saya nak buat live tak boleh,4,male,"Seattle, United States",2023-04-07
e0f1e3fc-544b-4cf0-9f20-14b3e447e2a2,Hannahjane,4,male,"Cairo, Egypt",2022-09-04
a19fd268-883f-4c19-9139-53b01af35cf6,I like using tiktok more fun and inspired,4,female,"Hobart, Australia",2024-03-06
073bfd8e-69f1-4481-bfe5-e678bf306e39,Its very nice this app👍👍👍,4,female,"Asunción, Paraguay",2023-10-09
62807882-492b-471c-9698-8d78dbd0d600,Maganda ma nood sa tiktok,4,male,"Tokyo, Japan",2022-05-18
7bec5d4a-57b5-4782-84d4-50f088a01f8c,this is awesome 😔💅,4,male,"Prague, Czech Republic",2021-11-01
d656f682-8cf6-44c5-b942-14b88780460d,good,4,female,"Adelaide, Australia",2024-02-04
6e101a85-1fcc-4e3d-ab74-11cd36ccd77e,Be at,4,male,"Caracas, Venezuela",2023-09-10
38a1923a-1c09-4808-95c4-5ec5b3ddff02,Jughhhhhhh,4,male,"Mombasa, Kenya",2022-08-07
136f73b8-b4be-41b3-a6af-d55f35079cfe,PV,4,male,"Montreal, Canada",2023-06-13
674d278c-4706-47c5-a139-b9db13eeaec0,"its alrrr, fun, easy to use, and all that goods, thooo (i dont have the rotate video set yet)",4,male,"Ho Chi Minh City, Vietnam",2022-02-05
eed43a9b-26fe-460c-b7c2-97d2f65fe771,Good,4,male,"Casablanca, Morocco",2022-07-26
188fa5b3-7d3f-4e8b-ac1e-1c3c9d5ed40f,Very good for me,4,male,"Medellín, Colombia",2023-07-29
72ecb18a-0d0c-46e8-a019-207b49941204,Can't download back,4,male,"Washington DC, United States",2023-02-17
298526dd-ec80-4b01-8d13-c5d879d4acaa,I like it so much,4,male,"Washington DC, United States",2023-04-30
5360d9c2-1389-4ab2-9270-15f38f5da147,lumayan,4,male,"San Diego, United States",2023-02-16
97493e47-c6af-476f-88db-cc1784c0816a,satisfied,4,male,"Dar es Salaam, Tanzania",2022-10-13
80f04ef6-b0de-45db-9fc0-d6a9bc8fb70d,Ayos,4,male,"Mexico City, Mexico",2022-12-05
550dc2fa-a392-47ca-9488-ba904a903600,I like it,4,male,"Guadalajara, Mexico",2023-07-09
943685c0-107f-4dae-b45f-c1a6743e119d,This app is satisfying,4,female,"Nadi, Fiji",2024-05-05
bef6eeb1-395d-4f69-8225-1d60ba915373,I love you tik tok,4,male,"Jakarta, Indonesia",2022-03-25
72167ae1-1a75-41e1-9a60-4da580e208bb,Nice,4,female,"Brisbane, Australia",2024-03-17
f7ef0d7b-ce8e-4406-88cd-3d12fd6083b6,It's ok for me,4,male,"Casablanca, Morocco",2022-06-20
63a61a59-9438-4c6c-98a1-89999788c00b,I like it but is one problem.. why does everyone got banned in there onwn account.. is really macking .e mad like the.. I never got ban before .. please fix it,4,male,"Cancun, Mexico",2023-01-17
9d6f5f2e-4b72-4417-baba-37f47c1386d1,Its nice,4,male,"Dar es Salaam, Tanzania",2022-06-06
8f37cbbe-1e4e-4baa-9ead-78cd5cb1b3a5,Tiktok team make my videos go on fyp,4,female,"Melbourne, Australia",2024-04-12
6448516f-b26e-4423-8606-73bb35e5f454,good,4,male,"Guadalajara, Mexico",2023-07-09
2965b775-8cc9-4317-9244-58c7f24b12af,😄😄😄😄,4,male,"Dakar, Senegal",2022-07-01
9d014ede-187e-4697-8fea-a6c185f1f42d,It's pretty,4,female,"Montevideo, Uruguay",2023-11-22
425d3ee8-e8b3-40d8-8c40-cc761b1c73ef,Ok,4,male,"Cancun, Mexico",2023-03-31
3c3e9679-567a-4d21-9c72-7a6a169ce112,Great,4,male,"Jacksonville, United States",2023-02-14
c5bb3da5-ef93-4eee-9544-f8ee97e0dc70,this is fun you can make your own videos with different hit music iam just ten years old but i really like tiktok my friends also have their accounts and make alot of different tiktoks also milliones of people are using tiktok they know what is this app can make iam filipino and just ten years of age and my parents din't allow me to use this kind of app becuese iam to young for this but also i try for temporary but i think iam not gonna delete this such a fun app thank you!,4,male,"Boston, United States",2022-10-30
3ca01e33-24ae-4361-b157-1eb5c3690fa0,Super ganda,4,male,"Cairo, Egypt",2022-10-25
bee71605-3dd1-4927-bad7-ecd91e5c79cc,Sometimes its installing for so long,4,female,"Buenos Aires, Argentina",2023-10-03
44fede89-185c-4ca5-9dc2-b030f4bf25ba,Hif ifwhe,4,male,"Karachi, Pakistan",2022-03-11
96e9d441-6692-44e4-b118-a5353940b834,talent all his here,4,male,"Glasgow, United Kingdom",2021-12-31
74c6ab6a-7756-4618-b30e-be156536f224,8c,4,male,"Denver, United States",2023-06-09
fc806963-16c0-41aa-8df5-6ef36151c8da,is not but i want follower,4,male,"Nairobi, Kenya",2022-07-06
721ea940-1b0e-46cc-834e-ed94cd8f0abc,"It's a good app but when I log out, it won't log back in. The password I placed in won't work. I tried other passwords but still it won't work. I don't know if it's a glitch or if it got hacked or deleted? Idk.",4,male,"Bangalore, India",2022-03-29
5f7ec01a-1f28-438b-a46f-72a4ac9f7768,Please we miss this app,4,male,"Bangkok, Thailand",2022-03-06
c620afdc-d387-416d-a1de-06bdba398d94,Bagus,4,male,"Lyon, France",2021-11-02
e1e97217-a55b-44e2-b408-9ecf89b7778a,Its bug😭,4,male,"Lusaka, Zambia",2022-09-27
47c513a8-edc9-438a-bb7c-8bbacceba308,Like,4,male,"Austin, United States",2023-06-16
c634cfb9-992a-4d77-a625-c8f83889f125,Is soooooo happpy for me and sol 0 .,4,female,"Lima, Peru",2023-11-12
ebaede50-4ac7-4363-aee5-eec1b1f8332f,Good,4,male,"Mombasa, Kenya",2022-06-27
c6ec0d00-af0b-43f1-b6e2-17c2836c5563,"e, see www ewweeeeew wwewe, www dzdddw do so see d DD eddddedz dli sex dewe5e www3 wew www 4ee we ew3 Er ft h de St 55Z 4e ex EZ EZ EZ ee wwww deeeeeeeew",4,male,"Brussels, Belgium",2021-10-06
e7e4dc52-a92b-44f6-8d05-1b7c2e2e9f3d,Nice qpps that's it,4,male,"Taipei, Taiwan",2022-03-20
e61cc3d5-4af4-48e4-b15f-637a7128c1b8,saya kaya mag tiktok all the time kaya ni rate q to kasi anggaling ng apps na to nawiwili tlga aq hehehe,4,male,"Prague, Czech Republic",2021-12-13
7c80860c-0e6f-4e8d-8ec8-37a86000d8af,jamaila,4,male,"Marrakesh, Morocco",2022-09-22
ea6c6cb2-2e5a-4c1c-8ac9-15aed1e57c56,❤️❤️,4,male,"Edinburgh, United Kingdom",2021-09-09
fd3e8d70-c988-493a-9870-bd22643e5705,Good,4,male,"Brasília, Brazil",2023-09-07
c3a1809a-8709-48bd-9f52-c7ba62382dce,Na enjoy ako sa pag te tiktok ko,4,male,"Toronto, Canada",2023-03-07
9a44b23c-9c8b-4445-a4aa-fe64d74176ae,tiktok pls give me back my repost button permanently i miss it alot or in other way of words stop taking my repost priviliges and giving it back to me after a few hours thanks!,4,female,"Rio de Janeiro, Brazil",2023-10-04
0f21c11a-1ed9-43e0-bf6b-4757d430ee3c,l... Love IT,4,female,"Christchurch, New Zealand",2024-02-21
7b864b5a-2b85-4f8d-9661-82f0e5c77a8a,My xperience is happy to family but I'm sad..for now,4,female,"Gold Coast, Australia",2024-01-26
2088dd78-c2a4-420a-85de-a8c95b5babf6,So good 😁,4,male,"Alexandria, Egypt",2022-06-02
c1529fa1-9ecc-4ef1-820d-15c37b47ac28,👍,4,male,"Brussels, Belgium",2021-12-08
676436c9-2aca-4ade-8407-45847976f42b,Good but it's kinda laggy sometimes.,4,male,"Alexandria, Egypt",2022-08-20
20dd2fba-f921-48d7-a126-c16aab43e091,good,4,female,"Perth, Australia",2024-01-01
0f5b3721-bf0a-406e-a069-0c331c2898d4,Nice app,4,female,"Melbourne, Australia",2024-01-15
0bc2a605-035c-41be-aa00-e4fbee32a948,I like this !! <3,4,male,"Denver, United States",2023-04-27
709af63d-33b2-49ec-ab41-0477aae9e505,Tik Tok Zaw,4,male,"Windhoek, Namibia",2022-08-03
385579f2-d3af-4c53-9e50-b3ff28fefda9,The most amazing app for Android phone,4,male,"Tijuana, Mexico",2023-03-22
5160661d-ce72-4dcb-a7e5-c02f2f3aa323,please add the search feature on saved collections🥺,4,male,"Ho Chi Minh City, Vietnam",2022-04-14
efebad32-7e2e-449e-89ea-c844f34cfc3b,Like this,4,male,"Madrid, Spain",2021-12-01
d1d34988-17c0-4e54-b7b9-51cfe5a22e0e,great,4,male,"Geneva, Switzerland",2021-09-01
a6025e09-69ed-4dbe-ab62-2145b68f6176,Hi Tiktok! This was a great app ! But could you add dark mode for Android? That will make me happy. Thank you ! <33,4,male,"Vienna, Austria",2021-09-10
2802de26-646c-4191-9cf1-2c9f3fae7127,Ok,4,female,"Melbourne, Australia",2024-02-23
c2edb000-8d2a-4c99-8236-7eb22622e5c3,"This is way better, but it's a great place for short videos and stuff!",4,male,"San Antonio, United States",2023-03-11
abf0bad0-ed5a-4cb4-823d-20ae9b13b22a,Nice,4,male,"Nairobi, Kenya",2022-09-11
1678a86b-82f3-4bd0-94ae-c6a851c2ac87,So wonderfull,4,female,"Arequipa, Peru",2023-11-11
8770f987-7a1c-4b19-bd79-7ede183ca323,It's good and entertaining app,4,male,"Houston, United States",2023-03-20
4ed862ee-c6ef-438f-bac8-4ab758b325d8,Just updated and now I can't open it anymore.,4,male,"Hamburg, Germany",2021-12-27
f126f1c1-b402-4f5e-92cd-7c17f4526d04,good,4,male,"Los Angeles, United States",2023-07-18
b0d7ad7c-3e4d-4667-b841-1776f88fa550,Add some dark mod,4,male,"Accra, Ghana",2022-10-27
700864db-1511-474c-aab6-e31016c8273d,វាធើ្វអោយញុមសប្បាយដែលតើពេលមានវាហើយក៏ធើ្វអោយញុមមានសង្សារដែលបានស្គាល់ក្នុងTik Tokឡូយដែលតើមិចថាអត់ប្រយោជន៍ហើយឡូយទៀតមានអីល្អតើតែវាសុីលុយហា៎ហើយឡើយច្រើនទៀតអស់លុយច្រើនទៀតស្អប់វាណាស់តែសប្បាយដែល🤨🤗😏,4,male,"Monterrey, Mexico",2023-04-30
cbcb5e75-0fee-4f42-b435-208822a3ee12,Nice apps,4,female,"Nadi, Fiji",2024-04-10
14f61a19-660b-43b5-88c3-cd7fe867c7e1,Dont change my fyp,4,male,"Manchester, United Kingdom",2021-09-29
b9b86ea1-148e-49ff-8f59-d64dc3d3c69e,Enjoyng,4,female,"Brisbane, Australia",2024-03-16
165354ea-c0b7-49f4-bbca-d8d03bfe1f77,Mehh,4,male,"Jeddah, Saudi Arabia",2022-02-09
ed370c68-12a4-4f9e-aadf-a3bedaccac7b,This apps is cool but you need wi-fi or something to watch it some video this is like YouTube but it's call tiktok it just a same but it's not same look like,4,male,"Vienna, Austria",2021-11-21
4c3242d7-2511-4110-bd87-d3d20e5b17f5,i need dark mode on Android 😭,4,male,"Durban, South Africa",2022-07-06
bc94b317-7afe-443a-a1a7-70475c109ba6,"It's a good app, but, the problem is, I can't follow back people, which I'm losing followers because of it, please fix this problem, I'd be really happy if you do, and it's not even ""following too fast"", even though I'm not following too fast, I still can't follow, please fix ! Hope you see this ! <3",4,female,"Montevideo, Uruguay",2023-10-28
4d9db7eb-90f4-436e-bbe8-8d5cfc324923,It's good but sometimes it have some bugs and lags so can you fix it?,4,male,"Nairobi, Kenya",2022-06-19
07c3b736-f4d9-4a65-bcf8-edc4e6653187,About dancing,4,male,"Prague, Czech Republic",2021-09-29
0344e444-3c3f-4f78-b4ba-2e7a3a03016b,ok lng,4,male,"Lima, Peru",2023-09-03
ea1c837e-0120-4ce4-aaf6-8010960c2aaa,Perfect,4,male,"San Diego, United States",2023-05-07
939fbfe6-636d-41c7-bd28-0cabd03cd08d,Sana po ma install ang tiktok ko,4,male,"Guayaquil, Ecuador",2023-09-03
0848103f-8c79-4b3e-94ce-049326ee5f1b,This is I love best,4,male,"Valparaíso, Chile",2023-09-12
f91dcee2-33fc-4341-8164-675583fb51be,"The app is good but when i want to update it, it always gets stuck on 98%",4,female,"Melbourne, Australia",2024-03-20
efd57e30-72d5-4100-9fc8-36c45817632b,7Jim.9 0,4,male,"Rabat, Morocco",2022-07-07
1b3d7ff5-c4b8-4f32-9609-3cd1172d7b81,"Probably an annoying app, I can't even change my pfp.",4,female,"Brasília, Brazil",2023-12-07
f7340639-5600-4ebd-9f68-aa56c7c4c59f,I was just angry because of updating,4,male,"Washington DC, United States",2022-11-09
01151bff-105f-4583-a162-a25fe04300d7,"Listen, im addicted to this app but these week my fyp has been 💩 please help ☹️",4,male,"San Diego, United States",2022-12-16
79eed05f-0366-4145-9020-076ba88159f0,Ganda Ng app Pero anlakas sa MB,4,male,"Brussels, Belgium",2021-09-18
adc9152c-6092-4363-b807-f694eff7792a,Very good,4,female,"Perth, Australia",2024-01-23
11f7e902-1fde-4df4-895b-d902726d208d,Very interesting,4,male,"Cancun, Mexico",2023-05-15
c664df8e-803a-4b6f-8b61-14fdd901d76a,4 star lng po kasi ang probs ko yung ibang apps sa tiktok ayaw gumana,4,male,"Dar es Salaam, Tanzania",2022-09-07
17778132-4516-4728-86ed-8e349dd272e4,Nice,4,male,"Dublin, Ireland",2021-10-19
12fe3a3d-d0dd-4ad8-874b-c44308994652,Good,4,male,"Osaka, Japan",2022-04-25
080b3393-216e-492f-bc2f-7cffc2b95c26,This is a very good app to watch,4,male,"Dakar, Senegal",2022-08-03
bd71f351-575f-41ac-b004-da6b2e7f1a2a,Plsss unbannned my account please!!,4,male,"New York, United States",2023-05-17
fc2d2147-e945-47fe-a0b3-6fd40387a41d,"I don't like the way that I only search sound, hashtags and users, please get the app back to normal",4,female,"Asunción, Paraguay",2023-11-04
ccfbd752-d876-4bce-b430-578098f7b2dd,It's good but data was very very fast Finnish so I will give only 4 star about this time,4,male,"Addis Ababa, Ethiopia",2022-08-20
96b63aaa-7771-47c3-ab0b-63514248acd8,it's a nice app,4,male,"Johannesburg, South Africa",2022-06-07
8c5e24ac-61a6-4d91-b512-69adcce4bb6b,Nyc,4,male,"Valencia, Spain",2021-09-28
fa732b53-a428-4fcf-bd4e-41f9ef76e387,Ok,4,female,"Melbourne, Australia",2024-01-04
e5aa0576-b873-44a3-8a4e-0f7d814aa2f8,Ok,4,male,"Tokyo, Japan",2022-03-16
2b596f38-2b2b-4b35-b02b-1b8fe2fc37c7,Good,4,female,"Caracas, Venezuela",2023-11-09
e81a36ef-2dc0-403c-88b3-fb364947825b,Shadowban problem,4,male,"Chicago, United States",2023-07-20
19289c07-ebe2-4b21-a479-9a02ae6b4269,Super nice to be dance so thank you tiktok☺️☺️☺️😘😘😘😍😍,4,male,"Addis Ababa, Ethiopia",2022-07-25
de0b3820-1371-46ae-a00d-a5f25570d115,Ok,4,male,"Jeddah, Saudi Arabia",2022-03-23
498b0186-ee51-483e-801a-c912cea743fc,Good,4,male,"Helsinki, Finland",2021-12-15
d31cd8d5-56df-40d6-8257-ae7367917f38,Its so good,4,male,"Singapore, Singapore",2022-02-28
2b05aa7c-2052-44ef-a3f8-250d4a2bf29d,Satisfy,4,female,"Guayaquil, Ecuador",2023-10-04
7486e712-690b-41c4-95ff-84fa810e0703,Good,4,female,"Port Moresby, Papua New Guinea",2024-04-17
42b4ad81-cc3c-48a6-a69b-9aec1dee9b22,Knowledge is power!😜,4,male,"San Diego, United States",2023-06-02
2bcd94cc-b431-41a8-90a6-cc0eb4885fa1,Goog enough,4,male,"Bangkok, Thailand",2022-04-18
dd91a2db-d56d-4798-9c87-87bd22558fe6,This app is so good,4,female,"Asunción, Paraguay",2023-10-12
dfcf6329-7f3f-485b-ab64-0d46c1e916c7,"Its Actually. VERY GOOD APP For Actual Simp Like Me 😶, Well Im Not Really Simp But, I Suggest Downloading This App When Ur Used To it, Things You Like Will Uhh Show Up. BUT NOT adult Things Okay.?",4,male,"Austin, United States",2023-04-22
77e3b6f6-b350-4bb6-ab08-ca416ae53479,OK...just for memory,4,female,"Montevideo, Uruguay",2023-11-29
1a767509-2d14-45b4-a6ee-b06b4c64336a,It so nice,4,male,"Boston, United States",2023-01-28
be54f5ce-9b14-4492-bb65-95493ed431d1,ឌួងណារ៉ា,4,male,"Arequipa, Peru",2023-07-28
a176d556-4423-4978-9c80-64750e0fd785,Tik tok memang oke.,4,male,"Guangzhou, China",2022-02-14
1fe2b186-2251-409d-bdc7-3bc3ae51ef7c,i enjoyed uploading videos,4,male,"Mumbai, India",2022-02-15
83a60921-2333-4c7b-b54e-823ca323a408,Very good apps,4,male,"Frankfurt, Germany",2021-11-02
f0832d73-919f-4e54-8ece-c6d08004814a,Kolay,4,female,"Wellington, New Zealand",2024-01-08
768cd709-b74c-45a4-a367-d2ab90faecb1,Best tapi tu lah kalau nk tgk live mesti lagging...,4,male,"Ottawa, Canada",2023-01-08
e2003c31-5661-4941-874b-39933eaa6d8a,very fun !!!,4,male,"Barcelona, Spain",2021-12-18
d6088ba5-5ae7-431a-8f09-09873deea538,"Consume too much data,overall okeyy",4,female,"Christchurch, New Zealand",2024-02-09
7f9a2353-7457-4d15-b42f-76a8ac2610d3,overall is good. i would rate 5 star if voice message feature is added in the personal chat. tq.,4,male,"Mexico City, Mexico",2022-12-14
4622e08f-e615-4f52-ad4a-1c7f3ec2ade4,This is apps so beautiful eng amazing,4,male,"Kuala Lumpur, Malaysia",2022-01-29
456e5804-1e56-46c4-8c00-0d3c534dcde2,Its very okay,4,male,"Paris, France",2021-10-13
5a59e1d2-9656-41f3-a0b1-6321bfe98a0e,Bro got so many update 🗿,4,male,"Edinburgh, United Kingdom",2021-10-31
219fccd4-05d2-46f5-816e-3450c038b1ce,Good app 👍,4,male,"Vancouver, Canada",2023-02-26
b420b2c7-a91c-48cb-a7ea-ab87bc13e40d,4 star for now,4,male,"Rabat, Morocco",2022-08-18
4cd759ba-d773-4a82-9894-76a96d79995b,Ok,4,female,"Bogotá, Colombia",2023-12-07
a932e23a-e10f-4b07-8eba-233cb839a1ed,Not bad,4,female,"Buenos Aires, Argentina",2023-10-04
189dd3d5-1f2e-460d-afbc-2309f4ae0c59,install now TikTok search from Playstore and then install TikTok so that You can't edit your self or save it whenever you watch TikTok,4,male,"Phoenix, United States",2023-02-21
1e65c256-9bab-4cad-9187-04aa74370191,"Love the app , I'm having fun of this",4,male,"Lusaka, Zambia",2022-08-10
c3048791-1b7e-4ba3-8cde-a5bc0a5f74e4,Good,4,male,"Salvador, Brazil",2023-09-11
8b21d80a-1a80-414c-81dc-537813a59436,Addd,4,female,"Buenos Aires, Argentina",2023-11-10
9724eed0-6a04-4033-90a5-1a1d4e4a0d7f,😁😄,4,male,"Chicago, United States",2022-12-06
1f329d06-d270-4811-93e7-671597d4834b,Please help me tiktok my fyp is always pakistan guy and indian making video,4,male,"Cancun, Mexico",2023-06-23
9ecd884e-468b-4bfc-b528-36820914b774,Tanjila Tanjil,4,female,"Cali, Colombia",2023-11-11
2e9e7e0b-34ce-4f61-8bbb-694ce01c6a8e,Ive been using this for 3 years since 2018 but my first 2018 acc got banned so i give this 4 stars..,4,male,"Windhoek, Namibia",2022-08-31
efa9d511-6a3f-46a0-8e16-7a80bde26ca3,Good,4,male,"Dallas, United States",2023-02-16
be636c40-1e8c-4f71-99cc-8e24f6148d1e,Hi! The new update is good. Many features and effects has been added but it's a bit unsatisfying. It's MB is too big that we Android users find it worrying and irritating. Us Android users wish to make the MB smaller.,4,male,"Mumbai, India",2022-03-12
649df19d-137d-49bf-b999-4f9d526771bb,Moderate,4,male,"Cancun, Mexico",2022-11-01
48787b1d-d1b7-4314-9ff1-1f4ace39dbe6,Kinda cool,4,male,"Beijing, China",2022-05-14
f81c1608-d86b-426f-875b-136b71f74b63,At first I always get to see girls with revealing clothes when I downloaded the app that's it and the app is good tho,4,male,"Oslo, Norway",2021-12-15
153feceb-e3a1-495f-9b38-333890545268,"i like the app but since the last update,i cant update the app anymore(i dont rlly update app) so i hope ull fix this",4,female,"Rio de Janeiro, Brazil",2023-11-08
7f49451a-b333-4e23-91f6-5e1b421ce739,I actually like it but what's wrong with my tiktok account?,4,male,"Chicago, United States",2023-05-04
97274884-e613-4d97-90ce-a912676bb43a,This app is pretty good,4,male,"San Diego, United States",2023-05-14
8a6aeedd-9304-4456-94a1-e5cdde288dfc,I like tiktok,4,female,"Melbourne, Australia",2024-02-06
e95a3447-558f-498b-ab92-d92468eb53b6,Entertaining app but pls fix some bugs on your app,4,female,"Caracas, Venezuela",2023-11-08
1d949855-5c91-45b6-8658-956bf1040668,It's banning account,4,male,"Johannesburg, South Africa",2022-09-27
1e5350e2-5417-4638-9ca7-8b136723c87d,ฃพ,4,male,"Kuala Lumpur, Malaysia",2022-05-23
db95d38d-bc8c-42ed-9e2b-bd6568fa21d9,Best,4,male,"Guadalajara, Mexico",2023-01-27
90503edf-5f80-460a-9608-fd809864c803,So nice,4,female,"Auckland, New Zealand",2024-01-14
265d347d-177e-42ef-9765-bd4c4b271afe,So entertaining,4,female,"Wellington, New Zealand",2024-04-06
aa073c91-ec59-474a-a7d2-93bbfb59505b,Cool,4,female,"Canberra, Australia",2024-04-11
f1d7563c-ec5a-4e0b-83e9-d2a4fe44062c,"I just update my tiktok ""New here""",4,male,"Cape Town, South Africa",2022-09-26
f70f56d0-d594-4da4-ad1f-e5ca3e8e1847,love,4,male,"San Antonio, United States",2023-03-09
683b44d9-4712-434e-94b1-cecfa5df8b3a,𝔾𝕠𝕠𝕕 𝕓𝕦𝕥 𝕥𝕙𝕖𝕣𝕖 𝕤𝕠𝕞𝕖𝕒𝕥𝕚𝕟𝕘 𝕨𝕣𝕠𝕟𝕘 𝕚𝕥'𝕤 𝕤𝕠 𝕝𝕠𝕒𝕕𝕚𝕟𝕘 𝔹𝕦𝕥 𝕤𝕥𝕚𝕝𝕝 𝕟𝕚𝕔𝕖 😊👏,4,male,"Lyon, France",2021-12-09
4024d558-6d5c-47fe-b9ec-eb8e9963c10b,This is cool hehehehehehheh my name in roblox is josh and my big bro is joshua uwu,4,male,"Boston, United States",2022-11-01
10c762de-a54e-4887-91ee-4f19cf1d1abf,Block content..fak,4,female,"Salvador, Brazil",2023-10-05
e384f2d4-0c16-4e55-b9f1-e228e211798c,Great app,4,male,"Abu Dhabi, United Arab Emirates",2022-01-23
3b386490-21ca-4581-94dd-9aa4f9a6011b,"It's cool and everything but when im offline and filming a video i cannot put some filters cuz it has no internet, i hate the new update>:(",4,male,"Frankfurt, Germany",2021-12-20
513bb7d6-ab04-4432-bf68-a8b5c38e61ca,good app,4,male,"Dar es Salaam, Tanzania",2022-07-15
c1ad5830-deac-44be-a8ba-2789675cae45,very good,4,male,"Chennai, India",2022-02-10
74ed1404-f0ce-4784-9f48-b2f8b3745311,Nice and good,4,male,"Riyadh, Saudi Arabia",2022-01-29
c68fde36-2aa2-40d4-ad29-d0976fb9aef1,"tiktok is very good for those who use it, but it can be a waste of time for those who don't use it.On tiktok, you can show your favorite art and share your creativity with people",4,male,"Marseille, France",2021-11-09
49b6ecfa-11e2-438e-9758-183396ae3350,star,4,male,"Casablanca, Morocco",2022-09-03
12f50055-3642-4d03-b40a-199a45f2745a,Ik,4,male,"Taipei, Taiwan",2022-01-13
8199494a-8dc4-46eb-8dfe-e6c0ddd08a09,TikTok tell me. I just got banned on my main acc for no reason.. and I got a backup account then it got banned to TikTok pls why I work hard 🙁,4,female,"Queenstown, New Zealand",2024-02-27
839c2a3d-ecd9-413f-963c-5e0c03478d26,Sharing interesting activities n new things in modern life,4,male,"Hamburg, Germany",2021-08-30
e157770f-4d19-457c-b297-9f23502bdc37,"I love the app but the only problem is that whenever I use the app and exit, my phone lags. It lags my entire phone, it lags me when I use different apps. My phone has no problem with storage, and any problems at all. Please fix this lag!",4,male,"Lisbon, Portugal",2021-09-07
0790111c-2410-4fcb-95ca-3302d32594e9,Make a Download history Please,4,male,"Busan, South Korea",2022-04-29
3db0be5f-92ae-47ff-9387-d9d72d3f913d,very like,4,female,"Port Moresby, Papua New Guinea",2024-01-09
cf398577-b99b-4368-bcee-b5dc67b44e96,It's so very fun to use this app and i discovered more,4,female,"Wellington, New Zealand",2023-12-25
d5083ff4-af3d-46d7-b98b-5b6c83f9610e,Why i can't install this app,4,male,"Guangzhou, China",2022-05-05
697e77fb-4e99-4345-b811-736f0d68357e,I have a problem where I cannot enable comment for everyone because Tik Tok restrict it. How to turn the comment on for everyone.,4,male,"Amsterdam, Netherlands",2021-10-02
98865da9-34f2-4f97-868b-8f4ae4cdc2c2,Tang Ina Ang tagal,4,male,"Santiago, Chile",2023-08-31
25a7e6e2-52ab-4f1a-a3fc-edb518531a5e,Just add dark mode for all android device then I give you 5 star review. I am waiting,4,male,"Kathmandu, Nepal",2022-05-04
6f8fceb0-5e5c-480a-8f5f-91007d8c5b29,Best app,4,female,"Gold Coast, Australia",2024-02-21
add7c23f-4165-4f9f-af9a-8239df8ec233,Why can't my android upload in hd? For video and photos?,4,male,"Tripoli, Libya",2022-09-21
0e7547ed-cdc2-430c-b3b6-dea54b049983,Good,4,male,"Chicago, United States",2022-12-06
0fb64a8d-22dc-4b76-8583-947a1d80eedc,So far ok no any problem....👍,4,male,"Bali, Indonesia",2022-02-10
05194470-6c3d-4738-acbc-ef77ccc3f969,Hihi,4,female,"Bogotá, Colombia",2023-11-07
e6e05fdd-96e9-4c93-bfd6-247a08b5c6c5,Pilih kasih,4,female,"Melbourne, Australia",2024-02-22
ced951b5-f808-4ee9-bd06-7b197f4222bd,I love tiktok,4,female,"Salvador, Brazil",2023-11-28
6c91d0bd-14c0-4d25-93d3-3d077289fde7,nice nice,4,female,"Arequipa, Peru",2023-09-25
2244ad3a-2c9b-4007-b833-486a55ed62e2,Good for watching funny videos,4,male,"Windhoek, Namibia",2022-09-09
4ed245f3-e32e-4689-837c-4c4f3ac31f04,Happy me TikTok,4,male,"Edinburgh, United Kingdom",2021-10-24
64343864-02ee-46e6-807c-b025720fffb1,I like this tiktok but the prob is.. other effect dont work but i stell give this a 4 rates,4,male,"Budapest, Hungary",2021-09-01
19785922-d1ee-45a2-b51e-bad73f360e78,Hi so tiktok is realley good at my kids,4,male,"San Francisco, United States",2023-02-06
2a1f2387-9e02-4082-bea0-8d04d5f20d3d,"When im boring i go to tiktok app because i love it, it can change my mood to happy",4,female,"Rio de Janeiro, Brazil",2023-10-29
e16864ea-057e-46bd-afb5-c109668324ed,Good,4,male,"Abu Dhabi, United Arab Emirates",2022-01-28
bb761df4-7de6-4655-9171-953dddc2413b,This apps is really good and interesting but the only problem is this apps always lagging,4,male,"Rabat, Morocco",2022-09-06
e1a4b93a-6ba6-48f3-9f65-9f6539fbbb9f,Stressed Reliever and everyday Routine,4,male,"Tripoli, Libya",2022-10-13
37058bf9-3444-49b6-b8d7-61ae7d2c9a55,Tiktok problem when i updated,4,male,"Philadelphia, United States",2023-06-09
325f68e1-b074-4008-b418-b70a1f4dac31,Cool,4,male,"Copenhagen, Denmark",2021-10-22
9f57fba3-af65-4090-b6ec-35c40c0c9f71,Kurang bagus🙁😖,4,male,"Paris, France",2021-09-30
09e4791e-e172-49bf-8b18-e47f3fe7f069,😆😆😆,4,male,"Phuket, Thailand",2022-02-02
9941af19-da62-4fa9-920b-0145ab222f69,စိတ်ကြည်းနှုမှုရှိတယိ,4,male,"Los Angeles, United States",2023-02-05
69e64070-f608-4eb7-a93e-2260739cdc12,Ok,4,male,"Windhoek, Namibia",2022-10-18
7f3168f8-784f-4042-87f0-8df465df2d16,Laggy,4,female,"Nadi, Fiji",2024-04-15
362a9900-038f-47d4-a8b8-42db0b49c6d5,Gak bisa di download 😪,4,male,"Chicago, United States",2023-01-21
a681808c-54ba-4362-890f-52b7227e69ad,Melatu,4,female,"Port Moresby, Papua New Guinea",2024-01-27
c47a631f-ec01-4ce6-8a52-bfcf6f76773e,Update tiktok,4,male,"Jerusalem, Israel",2022-02-13
3bc43152-277d-49e3-bb35-f0368821a587,Good job,4,male,"Brussels, Belgium",2021-08-30
88e6814c-086e-43aa-8c65-36092e0a8a1f,Goods lng,4,female,"Buenos Aires, Argentina",2023-12-17
5ec374b0-7c4c-46a4-ba6c-36edb8224971,TIKTOK DARKMODE ON ANDROID PLEASE. 🙏🙏🙏,4,male,"San Francisco, United States",2022-11-09
314e4328-a475-437d-a1b7-f361b85291f2,ชอบ,4,male,"Edinburgh, United Kingdom",2021-11-16
0caa2d33-b8d6-4930-a0b4-3cecbd2798e3,Sandeepsingh00426@gmail.c,4,male,"Chicago, United States",2023-03-11
c3cf6e39-b25c-4146-8187-b3c08c0ea135,Why did you muted my sound ? I ask you that All music should be allowed please . Do not mute the sound,4,male,"San Jose, United States",2023-03-09
f6c0a499-0a09-4e9c-96f7-825bd09a2b9e,Good,4,male,"Shenzhen, China",2022-05-08
1c7cc2dc-8e63-480f-966a-fa2194470bc1,TikTok rât hay nha rât ok luon,4,female,"Auckland, New Zealand",2024-01-22
027ea707-0e10-4726-bd3f-e105b2d1b949,Sometimes its laggy so Four stars ^^,4,female,"La Paz, Bolivia",2023-11-26
24c4099a-7e9b-4803-ae1b-d0ddb9604b76,More videos to watch,4,male,"San Jose, United States",2022-11-13
f666479d-04a1-44ee-9c2c-9ff421e2dc06,Mantap,4,male,"Hong Kong, China",2022-04-05
dacb4d39-3f74-44a7-bb96-a585cce11210,so very nice i like it,4,male,"Tunis, Tunisia",2022-06-04
f3dce441-8b71-476b-a1d8-5661bc08ae02,💋💙💋,4,female,"Auckland, New Zealand",2024-02-08
32aa4b60-03de-4762-b9e1-a8cf8525522e,Best,4,male,"Harare, Zimbabwe",2022-09-23
883cfdd5-e7db-46f1-b95e-a2d409b4c269,Good,4,male,"Washington DC, United States",2023-03-25
cd260278-a8b1-47c6-9f4b-aafbb6b02d35,good,4,male,"Tokyo, Japan",2022-01-16
39978250-d7ab-4bca-a41a-27d1833fe56b,Its so laggy! And also can you fix some of the filter dont work...,4,male,"Jacksonville, United States",2023-04-04
414d0398-f6ce-4192-a6e0-409a66ebea21,Ok,4,female,"Wellington, New Zealand",2024-04-27
f21e3716-0e20-41da-b27e-38131875bc10,"Mula nung nag update tiktok ko lagi nalang syang slow, need ko pa i off and on ulet wifi para lang mag loading sya ulet.",4,female,"Canberra, Australia",2024-02-03
54489494-2580-47b6-ad39-f35760c9a812,enjoy,4,male,"Tripoli, Libya",2022-09-12
6dbc5e00-d50f-4f51-8b5d-fa25e6ca5667,Pure entertainment 🤍 but also 2nd version of marites 🤣,4,male,"Hanoi, Vietnam",2022-04-25
7b23afec-2de7-4d8c-8b4f-c596f44f6a85,Wala lang trip ko lang i four star🤣🤣,4,male,"Monterrey, Mexico",2023-03-18
513f1bda-09b6-4bae-90d3-8101892b045e,I dunoo,4,male,"Mexico City, Mexico",2023-03-03
2d1eb3c9-ebd7-4831-944f-aedb250fa9f6,7u u 7uubuh7uuhu u u 7uh ufkubuuuh 7 up u ub buyu hb. H7.,4,female,"La Paz, Bolivia",2023-09-17
bc08cc88-37c4-4ee5-9951-4e25c99d4018,"Hi TikTok, I like this app very much but the problem is when I clear data the app, because the data is 1gb And it log out so when I login I can't open my account any more because it makes another account so pls fix this 😞☹️",4,male,"Birmingham, United Kingdom",2021-10-30
34708035-36d2-494f-96f4-10c01453638b,Sometimes I hate thise app it's just annoying because she's taking to much storage then sometimes it's lagging to but for me it's okay then sometimes people hate it but who was not gonna be upset sorry for my grammar i hope you fix it it's just annoying then hope you reading thise if you reading thise thank you so much:(((( sometimes I can't log in to in my account I don't know why I don't understand I hope you fix it pls then I rate it 5 star however:((,4,male,"São Paulo, Brazil",2023-07-31
5c5c4288-de28-4f1d-8eb9-3b3c7d8f4472,My address was not on the TikTok shop. 😢,4,female,"Sydney, Australia",2024-05-07
68cd5629-607c-4cc1-a8fa-7ee9493b04b3,Pag nag take ng walang internet walang filters,4,male,"Phuket, Thailand",2022-01-31
ad89e479-d5a9-4353-a4c6-91b059752874,I love the new update on editing videos hassle free ❤️❤️,4,male,"Tripoli, Libya",2022-10-06
63827ea4-76e6-4046-ab27-8920572471a5,မသိ,4,male,"Toronto, Canada",2022-12-16
e62d5fa8-cb37-4f33-84dc-9eca3c1b6e86,good,4,female,"Auckland, New Zealand",2024-01-10
0b2c55ca-7501-4f71-b51e-9ea5da968e8b,Hyfbuy the the other hand?😎,4,male,"Berlin, Germany",2021-12-29
d0c47783-9b49-4b9d-bc64-5de1ee137497,I very excited about tiktok because I can dance now with video in tiktok I love ❤️ more than heart of tiktok,4,male,"Oslo, Norway",2021-08-28
df1b3048-0c3e-494b-bb6d-db62f60869c6,ok,4,male,"Johannesburg, South Africa",2022-07-12
fd115ecc-03c8-4d7f-816b-e13947410254,Ui,4,female,"Wellington, New Zealand",2024-01-15
8c9ccb3e-583a-480b-bd49-4001f9e471f5,Happy,4,male,"Seoul, South Korea",2022-04-10
1492f9fd-4329-407f-be30-21c1c73f8027,Its good app,4,male,"Jeddah, Saudi Arabia",2022-01-22
5c812f3a-62d3-40ae-94f7-5668511f15c6,i dont have that yellow bag thing even though ive updated my apps,4,male,"Buenos Aires, Argentina",2023-08-05
0d5fd4f2-7b28-45cc-81a3-6123668b3ee2,phyokyaw,4,male,"Warsaw, Poland",2021-09-14
882df950-4daa-4c0e-a825-06349e15646f,Laggg,4,male,"Jacksonville, United States",2023-07-15
92e51675-0053-4cea-9b4f-37b498fd9e65,".dc,v6: 76我 .,xx.xcdgb oo ikznk 0",4,male,"Philadelphia, United States",2022-11-26
85e6c862-e56e-4f97-b099-ab34b98e1309,Some time good sometimes bad,4,male,"Cape Town, South Africa",2022-10-25
e685b60f-6b8a-4ac4-aed5-c7c58cf10036,Hello! Whenever I open this app it will always lag even though my WiFi is perfectly fine?,4,female,"Salvador, Brazil",2023-11-15
179e3b85-80bf-404c-ac7c-570127a15906,don't know what to say,4,male,"Tunis, Tunisia",2022-09-02
a0ecfd67-66ff-4646-bffd-beda206d14be,i hate the new update,4,male,"Mexico City, Mexico",2022-12-15
42a8c8c5-f071-4869-bfb1-83967857cfa4,This app is more fun and cool but the other app that copy TikTok is boring,4,male,"Mumbai, India",2022-05-08
fc472049-8fa9-4ecc-8c60-c05d7730b652,ใช้มาตลอด ดีนะฮะ,4,female,"Cali, Colombia",2023-11-20
444f55f5-07de-4c62-8dee-fddd8259afc7,"before the updated I could post videos with HD resolution,but after updating, my HD settings disappeared, why? Is it because device or something ?",4,female,"Buenos Aires, Argentina",2023-10-31
4cc30e7d-b4ee-40e9-b2b0-c219e827ef14,"The app is great but i cant see the pin comment, so imma give it 4 star",4,female,"Asunción, Paraguay",2023-09-16
e7ddbcf5-1d23-443e-ada2-0f454c8b018e,Uj,4,male,"Zurich, Switzerland",2021-09-26
178c8f35-7b61-42f3-a042-54887d34c5b6,Good,4,male,"Los Angeles, United States",2022-10-31
b757df9e-9024-4803-b593-e45c9b64e4c4,I like it,4,male,"Phoenix, United States",2022-12-24
79b25bda-e379-4b9f-8d21-b7b8dcc73fa2,great,4,male,"Monterrey, Mexico",2023-01-12
bcbbdf1d-9f25-480e-a03d-e16438299da9,Cool,4,female,"Port Moresby, Papua New Guinea",2024-04-18
a857e0e0-ee2f-49a0-8ed6-226bc5438936,Love it but there is a bug in the games it keep laging-uot,4,male,"Bangalore, India",2022-01-25
779c5662-a587-4be6-b54b-ceddb3e92ba8,២២២២,4,male,"Dallas, United States",2023-05-13
1b9992c2-0932-4a80-b4f6-f3cb31af1204,I love it but when i update it it takes so long like after i turn of wifi it restarts,4,female,"Montevideo, Uruguay",2023-09-14
31de2d2b-f116-4df3-a8ca-2d31a8ca0c90,Hello Tiktok! It's been 7 months since you remove the live access on my account for minimum age requirement. I sent you my ID to prove that I am a 18+ age but still didn't give back the live access. Thank you.,4,male,"Addis Ababa, Ethiopia",2022-09-10
68eb968a-8afb-4934-ba86-5e3f5b2b904d,None of the above,4,male,"Hong Kong, China",2022-05-01
ae6a291d-ef03-4ccd-afa3-bb0df4de0481,Dc,4,male,"Lyon, France",2021-10-16
84a5666a-638b-43da-a434-55bac5ed0e99,Tiktok is my life,4,female,"Bogotá, Colombia",2023-09-02
ce78eda8-894e-4f8d-8ec7-4db8bb0bb48d,"LOVE, IT! I MAKE 10 FRIENDS JUST NEED MORE STORAGE!",4,male,"Pretoria, South Africa",2022-07-08
ab8594d9-3393-440c-aba4-aadba8d786be,Good and interactive,4,male,"Dakar, Senegal",2022-10-18
21bea783-b47e-4430-9f88-6a3f3c449a32,It was fun. Stress reliever. I have that app too just want to sing even i am not good singer. Make a funny face.. I also watching for some users. Its cool. Actually I am a single mom working and adjusting the different cultures. And rising the two teenagers. Its my changing part. Any I am Arlene Feniza divorced with korean man. I work as Teacher. But Now I am not in good health because of my Diabetes and higher tension. But thanks anyway for the change Ellen to do this. God bless.,4,male,"Casablanca, Morocco",2022-06-11
ba4efcc5-69c0-4c9c-b7a3-a45d473ac3ab,I like tiktok 🥰🥰,4,male,"Casablanca, Morocco",2022-07-15
49c898d8-87c3-4103-b7dd-61859e4987a8,omsim maasim,4,female,"Melbourne, Australia",2024-04-02
401bdeca-9844-4f5f-8ce7-a8c5bedb05e3,good,4,male,"San Jose, United States",2023-06-11
9f6cd55c-2d1a-4184-ba28-61b9d172532e,Good this app,4,female,"Perth, Australia",2024-01-16
d73255dc-9346-4c68-87dc-95db547df481,Best,4,male,"Lusaka, Zambia",2022-10-24
d156ecaa-a26e-457f-8b05-16f20ab0cc9a,Update the latest tiktok now so you can enjoy watching and enjoy there new shows,4,female,"Montevideo, Uruguay",2023-10-25
4c924ade-b169-4bf9-841a-1fb4deea5684,Ok,4,female,"Queenstown, New Zealand",2023-12-23
bc5845d7-b67f-49c6-82d9-83d6f8d1f396,I can't follow back ppl :(,4,male,"Dubai, United Arab Emirates",2022-01-21
1bc79836-9754-40c5-8dfc-06fc6462d837,Tiktok is tha best part I was enjoy thes app I was watching tiktok for 4 hour's end I still loved. you can post Enythink you want And there a most legendary meme funny tiktok most trend tiktok most dancing tiktok but I don't know what I say. Em I right,4,female,"Gold Coast, Australia",2024-04-02
c106b557-bb62-4e6f-9e43-508ff2b9f82b,So verry nice talga sya bii as in,4,male,"Athens, Greece",2021-11-27
07a1d166-17cb-4f7d-bd6b-945e63e27aec,"""recover my banned tiktok account""",4,male,"Houston, United States",2023-03-17
97f2cc2b-cc7f-4215-9440-5acdf96cb090,"hi tiktok, if ur updating soon can u plz make it possible to delete msgs for both parties in a chat😁😁 rly important u should do that thank you!!!",4,male,"Rabat, Morocco",2022-09-12
e98984fc-9152-4616-857b-c8f35bc7891d,Nice apps mka adik djk HAHAHAHAHHA,4,male,"Asunción, Paraguay",2023-08-06
66a8341a-e927-4b97-894b-c3e35bc1c97b,This app is greate cuz everything u wanna upload here is amazing and awesome the reason why I only give 4 star is I want Tiktok every update must be smooth not laggy,4,male,"Abuja, Nigeria",2022-06-14
ae9b75de-7cdb-43ac-bca8-5b3846aeb273,Should suggest editing options in settings.. This helps the newbies.,4,male,"San Antonio, United States",2023-05-16
938aa0e2-d39a-4240-adec-8588715310ab,Very nice,4,male,"Houston, United States",2023-07-16
57a4cb08-b0bc-4c8a-a37a-72c41b1b8510,When you update the app it takes so long,4,male,"Prague, Czech Republic",2021-10-17
9eaa44c4-2401-4c45-bea0-6578affffb7c,Cool,4,male,"Boston, United States",2023-04-07
faee1aa6-cc47-46c7-900e-626378644df0,It's fine,4,male,"San Jose, United States",2023-01-30
101250d7-b0ad-494a-98e3-acfe02b5e34a,Fun and creative,4,male,"Windhoek, Namibia",2022-08-13
e182d2ac-d60c-4979-8c05-bb4dfbbc2d60,$Online,4,male,"Delhi, India",2022-01-06
e9b18a34-51dd-4c56-bd23-0538f4701bf0,Please put the Increase !!!!☹️HighGraphics Setting because you removed ittttttt,4,male,"Milan, Italy",2021-12-01
6d3aaec3-e75f-49a2-8d3a-80621a9b753e,very good👍,4,male,"Caracas, Venezuela",2023-08-23
45d8c132-2e96-4218-bc78-7e4ff53dda20,I think you should think the problems of tiktok app,4,male,"Jacksonville, United States",2022-11-19
6efa2416-318d-4ef7-86f5-a01919296c35,Nice,4,female,"Gold Coast, Australia",2024-01-26
3cbdada7-321a-45d6-b293-ed81e48ffb77,pxh4anfmemoé,4,male,"Shenzhen, China",2022-05-24
1ddcc562-a588-44a0-b750-1b781ff57c76,I LOVE THIS APP,4,female,"Caracas, Venezuela",2023-11-05
8a1a4588-5c17-4ba3-a311-690e9083cd8b,Me is no memorise in tiktok pass,4,male,"Tokyo, Japan",2022-01-20
338358f3-a707-41f5-ac38-7cc947fc30cc,It's fine and everything's good so far‼️ There's bugs here and there where comments appear late and some features change to the old to the new every now and then. It's a bit annoying but I think it's best to keep the okd version where we get to arrange favourite tiktoks into a small folder.,4,male,"Abu Dhabi, United Arab Emirates",2022-05-16
8149bc2b-1265-4591-a370-e499dfb5d443,Just,4,male,"Birmingham, United Kingdom",2021-10-27
bf6aab0a-984c-4ca8-b3b9-a08e9cf93099,So cool😝,4,female,"Buenos Aires, Argentina",2023-12-08
88404eff-1fff-4ede-b0d1-2b1193d0e023,Cool,4,female,"Port Moresby, Papua New Guinea",2024-01-14
c6b1bf37-0189-4de2-8e61-a39d5bdab70f,"I really love this, but the graphic quality is kinda low so maybe fix it? Great app tho!! ❤",4,male,"Mombasa, Kenya",2022-10-27
5167d6e5-baac-4d2b-b937-83a5a4ef1655,I can't live without open this app,4,male,"Harare, Zimbabwe",2022-07-21
19634115-90cf-4b1d-8549-981080ab7bc7,Very good,4,female,"Valparaíso, Chile",2023-11-27
3057d814-53f5-4f12-b286-a69c1ef1ebdd,I can't save my filter when I'm going to go offline 😭,4,male,"Philadelphia, United States",2022-11-09
8711f1fc-cc59-4fd9-b7ff-8439b338aae7,Can not be edit,4,male,"Manila, Philippines",2022-02-04
9a8be4fe-fbd2-4aac-b959-dd04f746d814,Ih balik na akong tiktok,4,male,"Boston, United States",2023-03-01
1fccd777-6003-4b65-80d7-1558583c2847,Im happy to see more vedios,4,male,"Seattle, United States",2023-02-20
c6547e75-258a-4729-a64f-9aa26670f8e1,asan yun searching filter button 😭,4,female,"São Paulo, Brazil",2023-09-13
dcd74f2d-5ab3-4e4f-9e7e-47403aed17ca,Best....,4,female,"Quito, Ecuador",2023-08-31
085aa279-a21e-41f8-b3ce-fd1a30188b22,"Ada yg bug dibagian discover, kolom search nya gamau di klik error :)",4,female,"Adelaide, Australia",2024-05-16
f5757327-afec-4fd3-9d2a-5e39e6b70f7e,Love this app but i don't know how to sing in this app,4,male,"Riyadh, Saudi Arabia",2022-03-26
a92d3076-327c-4ad6-8c36-d42cf2e7e4fc,jasmine. m. Vicente,4,female,"Queenstown, New Zealand",2024-03-30
c0020b8d-42ec-4858-8ca4-1165ad9ed111,"idk, it's just addicting and also you can learn something in this app everyday. like LITERALLY.",4,male,"Dar es Salaam, Tanzania",2022-06-17
2b488602-e7f8-4a00-9f3c-784ce2aafc09,like,4,male,"Montevideo, Uruguay",2023-08-12
9a1d4a1b-035c-4ed2-a378-5413a45f7dc1,Its grape,4,male,"Quebec City, Canada",2022-12-22
fb79db21-512f-41b6-a1c3-d929f49f94f5,Best,4,male,"Vancouver, Canada",2022-12-04
ca4e7bf9-4def-4b9b-b4b5-ab2ce7c89ad3,Nice,4,male,"Helsinki, Finland",2021-09-20
6b946fef-d3cf-48f9-8d3e-fb8ab1c3d0ef,My like 🥺🥺,4,male,"Kuala Lumpur, Malaysia",2022-05-27
7a1e80d8-781c-468e-b4b6-1ec74c399a13,Nice and free! You can do whatever you want on the phone at your own home! But it could do a little more adjustment! Please!,4,male,"Tijuana, Mexico",2023-03-20
ad7334d3-442e-41f6-b226-1e6459bc688d,Nice!,4,male,"Hamburg, Germany",2021-12-27
b136459c-2726-4e31-8661-aeb173d6aee4,Bakit po ganon pag hinde po na ka wifi wala pong sticker Ning I update ko po😭😭😭,4,male,"Dakar, Senegal",2022-09-10
87228488-91ba-4eb0-ab6e-bc7d67b667e5,Danload now this app so great 👍,4,male,"Mombasa, Kenya",2022-06-25
d2c2e06d-3324-4f5e-beb1-85b54a70f053,Nice,4,male,"Austin, United States",2023-01-21
ee8afd7d-2cdc-4d9d-a917-34b229a2b2f7,good for everyone,4,male,"Osaka, Japan",2022-02-27
8d86bc8d-82c9-4ae4-883e-1f0c7146d656,Good app,4,male,"Denver, United States",2023-07-21
160adb3a-fb9e-47ad-9482-d85fcd5307ec,Its a good app and it has good filters too,4,male,"Tunis, Tunisia",2022-08-06
c52ada9b-1771-46f2-8965-9754a10a905d,cool,4,male,"Seville, Spain",2021-10-03
7aa783ad-3ebd-44ac-ace1-63ffabb8eb40,Best video movie and so funny moments,4,female,"Auckland, New Zealand",2024-04-22
b60f1e1b-4c98-4323-affd-441bdc5dd970,It was really great...i like it,4,female,"Fortaleza, Brazil",2023-09-22
68662653-3b22-47d4-a423-63bf681883c8,Very good 😌,5,female,"Salvador, Brazil",2025-04-17
6c8931b0-0d58-4fe1-abb2-5a89b17763ed,Nice...,5,female,"Guayaquil, Ecuador",2025-07-16
ee3cb32e-0107-4577-98f5-f72eeb098ca4,Verry good,5,male,"Amsterdam, Netherlands",2023-08-18
f85b6982-752e-4104-baeb-c64e3f44ca8b,Great,5,male,"Geneva, Switzerland",2023-08-14
4c02b317-75ea-4a2c-9404-6c59972f2326,nice great give a bunos,5,male,"Frankfurt, Germany",2023-05-08
1b03f843-39f2-4ffa-a43b-f0ce3c88c5a3,Good,5,male,"Tokyo, Japan",2023-12-07
50babbf7-ec8a-4c32-87c5-25686241680c,Its a good😘😘,5,female,"Salvador, Brazil",2025-04-12
bc6e35a1-2ac2-4cd6-a6e0-d818d5d3d543,wow,5,male,"Rome, Italy",2023-08-17
1109d3c0-b832-4ea6-9aa8-e15b1083ff92,❤️❤️❤️,5,female,"Adelaide, Australia",2025-11-14
a37bd92c-c741-4599-8417-cb35c9bd74b4,Good,5,male,"Philadelphia, United States",2024-07-17
17680fb3-dad1-46cc-9c67-38f73c9b1828,It's hard to get more followers,5,female,"Brasília, Brazil",2025-07-18
7b5adaac-a80e-4213-be20-c45f48bde91c,TikTok is good,5,male,"Washington DC, United States",2024-10-30
941118b7-b622-4546-b4b1-02ac922f23b4,niana_guerrero17 give me 1M likes,5,male,"Guadalajara, Mexico",2024-09-25
4a0d8321-339d-4aaf-99b8-e742f16430a7,Ok,5,male,"Addis Ababa, Ethiopia",2024-04-18
9d311181-6b86-42c5-bf21-fb657d2ae7fa,GG,5,male,"San Antonio, United States",2025-01-22
d905c131-4363-4682-ad5c-e325a45df169,Best,5,male,"Johannesburg, South Africa",2024-05-16
b77b98d1-890f-4723-bad6-51a28fab7036,Please. Me need account fyp,5,female,"Rio de Janeiro, Brazil",2025-07-04
412b9f2d-083f-45ae-ae92-64da3bbef3b3,Nice,5,male,"Lahore, Pakistan",2023-12-21
541f2354-f45c-4b35-be08-4771bb7845a1,Good,5,male,"Zurich, Switzerland",2023-06-23
d138610c-5f89-4a9b-82a8-29b5bac45551,Sangat best dan menarik,5,male,"Monterrey, Mexico",2024-10-18
2743e0e2-7957-456e-98bb-de30612dbcf7,It's Soo nice app,5,male,"Chennai, India",2023-09-04
6ca8779a-d4d3-4bab-bea4-de0105533d9b,♥️♥️♥️,5,male,"Hanoi, Vietnam",2023-09-24
78c46ba7-42c4-4ce0-804a-a76e57c55fdb,Good,5,female,"Sydney, Australia",2025-12-29
ac4865d8-e1bd-4ebc-b1f8-60ddefdfdc25,"The best entertainment app for me.Because of you,I can more think creativity",5,female,"Santa Cruz, Bolivia",2025-05-08
44e8b9e2-e107-4419-9beb-1a38aa5814d5,Very helpful and fun app,5,male,"Cairo, Egypt",2024-02-17
1d0e871b-8638-48a0-8f90-f0f6ac940e89,👍🗿,5,male,"Harare, Zimbabwe",2024-05-17
bfd84ef4-8274-4ab5-a853-02704fc536da,Nice,5,male,"Los Angeles, United States",2024-08-21
16cea194-5368-4af4-b91b-f866d4ac0607,Nice,5,male,"Tokyo, Japan",2024-01-04
ef1cd901-852d-4417-950a-952fc05b14af,Tiktok more like toktok,5,male,"Mombasa, Kenya",2024-01-14
fbe64129-ff29-42d0-87e3-340986f4731b,It's goods,5,male,"Busan, South Korea",2023-11-09
91c93447-bb3b-4b95-8543-389372baaeb6,I really love this app🥰,5,male,"Osaka, Japan",2023-10-30
3ff94135-5a96-4130-951e-9be3c58852ad,Good I want many followers,5,male,"Doha, Qatar",2023-09-14
d98d728c-c771-498a-b9ea-91d9103b6aeb,"I've been using this for soo many years and it was so perfect....i cant say the all but i just want to say thanks for making this app ,",5,female,"Port Moresby, Papua New Guinea",2025-08-17
162b737d-ce0c-4650-ba22-8558c111a27f,Tiktok it's the best,5,female,"Arequipa, Peru",2025-05-01
d7483cbb-a52a-43ce-9431-16a500ca3ff0,Beutiful but I'm not fyp tiktok,5,female,"Adelaide, Australia",2025-12-13
e7baa861-668e-4640-aae9-488bbe5cc9f8,g hi,5,male,"San Francisco, United States",2024-12-15
81c71bc1-34d6-414d-98b2-a7b3ae8bd1dd,Thanks TikTok it's give us fun,5,male,"Jeddah, Saudi Arabia",2023-09-16
2b7031d4-6ea7-496d-bd90-07932185611a,👌👌👌👌👌👌👌👌👌👌👌👌👌👌👌👌,5,male,"New York, United States",2024-08-09
e0d88c32-17ff-4ff9-ad1a-5e4d0786fdd9,I enjoyed this app,5,female,"Wellington, New Zealand",2025-09-27
b69de893-dc45-4755-9dac-aa858befe7d6,It always ban me so I hate it,5,male,"Quebec City, Canada",2024-12-04
8f0590a3-c0d9-4d82-ba97-01382ebfe1ed,It's entertaining me when I'm board,5,female,"Rosario, Argentina",2025-06-28
3c745463-34f9-4fdf-8e94-faeba4bc7ea2,yup,5,male,"Bangkok, Thailand",2023-11-25
502db8a7-2a21-4390-a383-78ed54c72548,Nice..,5,male,"Helsinki, Finland",2023-08-13
8b6fa248-5357-4ad9-9e3e-d518050ade43,The tiktok is very nice because you can't like the video,5,female,"Melbourne, Australia",2025-11-26
902cc881-5f11-4f33-bb7c-bebadf059217,Maganda,5,male,"San Diego, United States",2024-08-03
396a9d37-bc53-4afe-9b81-a8ada0e1e567,breatnea,5,female,"Queenstown, New Zealand",2025-09-06
fed51196-25f7-4d00-bf9d-cf36a29df2b4,𝒢𝑜𝑜𝒹 𝒶𝓅𝓅𝓈 100℅,5,male,"Chicago, United States",2024-10-14
18632e85-dfef-44f0-a8a4-d107c99ac97c,I am very happy because this application has many followers,5,male,"Algiers, Algeria",2024-02-08
30ca9c9b-6eaf-4169-8677-261e0ff80b0f,so funny this tiktok,5,male,"Guadalajara, Mexico",2025-03-06
f81f682c-501d-4bf6-b1fb-0b8c368365f4,it's good,5,male,"Denver, United States",2024-07-06
a502e099-1150-41b0-bf6a-9e20eaaf3be6,"I vrt lyk it, & I saw my frs bsf again , and she sgn op:<",5,male,"Manila, Philippines",2023-08-23
909ee815-77a7-4af9-a036-5d7f0cf076a2,Love ko tiktok uu,5,female,"Caracas, Venezuela",2025-05-22
d7c28820-bb36-46ae-af2e-ba843e364f7a,I like watching videos,5,female,"Adelaide, Australia",2025-12-27
456a2bf3-b824-4ff1-8b94-5b56a45d7b9c,I enjoy alot.,5,female,"Lima, Peru",2025-07-29
2ecd685e-3012-43a3-a6a6-4c007f86c834,Good,5,male,"Washington DC, United States",2025-01-31
8a3f7a4e-26b0-4079-bebb-7dec26897eb6,I love this app,5,female,"Fortaleza, Brazil",2025-05-25
7dbd3b7a-576f-4d92-aa17-37f77a2b59bc,Muah,5,female,"Asunción, Paraguay",2025-06-08
92109471-63f4-47cd-987d-7d42d3c4f05b,This needle melts the human world,5,male,"Manchester, United Kingdom",2023-03-25
ba3df96b-2ae7-436f-9ceb-d46bfa81178b,I Love TikTok,5,female,"Queenstown, New Zealand",2025-09-29
995af9aa-0a07-4d11-b650-ec4e0dd0cb31,Great,5,male,"Rome, Italy",2023-04-22
f449f797-cc13-4f0a-91be-c70d8719fed9,Good,5,male,"Valencia, Spain",2023-05-31
78676523-cf29-4c7a-aac9-536266f045b1,Woww,5,male,"Dallas, United States",2024-12-30
3afd0277-541d-4d25-b378-a4f768f981bb,This tiktok for fun every one,5,male,"Madrid, Spain",2023-08-12
a41e5a15-c0db-4d1b-99bc-3a4c18562d9e,😂😂😂😂😂😂😂😂😂😂😂😂😂😂😂😂 have a funny video,5,female,"Asunción, Paraguay",2025-04-30
7615e244-6a06-4906-8216-b85a837c806c,"I love it,makes me laugh 😂😂",5,female,"Perth, Australia",2025-12-17
6fe14894-0715-4dc5-986c-5ddc38c298d8,I like this apps because i can post or share my videos by this apps ...,5,male,"Fortaleza, Brazil",2025-03-28
d2690f69-f7df-41ed-9eac-1095ab576fa8,Sai Aung Murng,5,male,"Rome, Italy",2023-08-06
1f776446-5b25-4cd4-950a-495ddc6c8cf9,i am tiktoholic 🤗🤗🤣,5,male,"Kuala Lumpur, Malaysia",2023-12-31
bb58949f-3135-4f8d-8177-742e4ca2f231,Yasss btw the thing is I can't download it,5,female,"Lima, Peru",2025-05-30
316a93b5-25f8-476d-a181-7055527db752,TikTok is a stress releaver,5,male,"Mexico City, Mexico",2024-11-26
0d99b806-4835-49b7-87c3-6ce4794bd9c7,I love it,5,male,"San Antonio, United States",2024-07-31
f2375902-c120-49f2-84e9-1348478de6b2,Excellent😘😘😘,5,male,"Kathmandu, Nepal",2023-12-27
762b0401-e7c8-4a45-a8fb-b8914aba62c3,Oke,5,male,"Jakarta, Indonesia",2023-09-07
327b9a89-bf21-405b-8ede-2272cd07cb27,Nice,5,male,"Windhoek, Namibia",2024-02-19
aa150eef-75c4-4a13-bdff-b51cd3d88e1e,Good,5,male,"Accra, Ghana",2024-04-01
43279066-40d1-4f94-ac78-52f4a1ff989f,Nice app,5,male,"Tunis, Tunisia",2024-01-23
78b426b5-f014-46f2-b9f8-04e58b5e2d6f,Niceeee,5,female,"Montevideo, Uruguay",2025-05-26
d9703d6c-d6ef-4cbf-97eb-18104d761467,Th,5,male,"Tokyo, Japan",2023-10-10
07eee6b6-229a-46d1-b65a-e8c7893e4d4d,Good,5,male,"Singapore, Singapore",2023-12-17
8eca9fb9-1fe0-44a3-9aaf-1caf01dc8760,Good,5,male,"Tijuana, Mexico",2024-08-25
3cc29ba4-1b56-4328-9a27-bd722173adf4,✨✨✨✨✨✨,5,male,"San Francisco, United States",2024-06-16
06cf21ff-518a-4e89-ab41-04c8b092778a,Bagus,5,male,"Quebec City, Canada",2024-06-19
6617f4c7-d90b-401a-891b-a95f51f6f8d1,good,5,male,"Glasgow, United Kingdom",2023-05-05
d87e48e4-d6de-4f05-bdce-8afdd8dd7280,stress free,5,male,"Mexico City, Mexico",2024-07-05
1cff6878-f7a1-4afa-8cf0-dc1da44c0ed3,I love😆 its,5,female,"Brasília, Brazil",2025-06-20
f624d68b-2b85-46c0-a60b-ea2e84215035,Happy happy lang More followers sana,5,female,"Nadi, Fiji",2025-09-24
72195200-7ee0-4abc-a51d-d47abfe44620,Tiktok wass cool and a super good for me so i like the tiktok app,5,female,"Valparaíso, Chile",2025-05-27
bbc176e7-3ee3-41ce-bb44-17c0938f017b,nice!!!,5,male,"Marrakesh, Morocco",2024-03-10
9e120c72-7157-449e-9e86-e463fcc57bd6,Fun,5,male,"Jacksonville, United States",2025-01-01
d3408907-9d87-4f06-8c20-39af5831fafd,Thanks tiktok,5,male,"Harare, Zimbabwe",2024-03-31
a84b4a68-c670-453d-950e-a615c855667a,Hello this app is so good my bored is gone because of this app thanks you for making this app,5,male,"Mexico City, Mexico",2024-07-07
e18e00bd-45ef-4ecc-ab91-51eea04c3daf,It's great,5,female,"Sydney, Australia",2025-11-11
ea458339-5e1a-42b2-b2c0-7dce750280e0,Very good to me,5,male,"Jacksonville, United States",2024-08-22
6eace220-1df3-4895-8622-1ba7241181ab,Good,5,male,"Phoenix, United States",2025-01-29
d2d8e4be-ae41-4932-8abf-6dd08edb7fe5,The best app ever you should try it! You will love it.,5,male,"Monterrey, Mexico",2024-07-05
a01bf95f-537e-4fb0-a91f-2a27f6fff2f4,Awesome,5,male,"Los Angeles, United States",2024-12-22
0a5b8daf-b54e-4131-909d-293ef18c4794,So very nice 👍,5,male,"Los Angeles, United States",2024-10-16
fe04cfd7-e9e3-4eec-ba9b-6e88d0694fa4,Jejemon,5,male,"Lyon, France",2023-04-22
1a3ebe12-1312-4053-9cfa-ee713106c1c0,This is app is so good,5,male,"Lahore, Pakistan",2023-11-24
1bcb7ad9-d738-45b4-b8f9-849eef4682b2,aku pun tak tau🧑‍🦲,5,male,"Lima, Peru",2025-03-13
f0d3d5ba-121d-4a13-adbd-c6a1c3be9a63,i need views please,5,male,"Mexico City, Mexico",2024-08-31
db408c0c-263a-4723-92bb-ea304145f36f,Thank,5,female,"Córdoba, Argentina",2025-06-05
129902c4-5722-40f5-9417-ed50397929e1,I love TikTok,5,male,"Hanoi, Vietnam",2023-09-04
57b13dd8-136f-419d-a014-1d19a342ef91,Cool,5,male,"Helsinki, Finland",2023-05-16
e7c96b40-dca5-4e60-b629-d62f26de0e5e,SUPER GREAT WITH TIKTOK HOPE TO GAIN MORE AUDIENCE AND NO SHADOW BAN thankyou tiktok for lots of way of earnings,5,male,"Vancouver, Canada",2025-01-29
5e8fbc7f-ed00-4994-87a5-485774b9ea75,𝚆𝚎𝚕𝚕 𝙸 𝚎𝚗𝚓𝚘𝚢𝚎𝚍 𝚝𝚑𝚎 𝚊𝚙𝚙 𝚋𝚞𝚝 𝚒𝚝'𝚜 𝚕𝚊𝚐 𝚋𝚞𝚝 𝙸 𝚛𝚎𝚊𝚕𝚕𝚢 𝚕𝚘𝚟𝚎 𝚒𝚝 𝚊𝚗𝚍 𝚒𝚏 𝚜𝚘𝚖𝚎𝚘𝚗𝚎 watching my review follow me in tiktok borutoq6 Thank u tiktok,5,male,"Boston, United States",2024-11-15
3721f1d3-3327-4b5a-8652-4fb3186c99bb,This is so cool,5,male,"Ottawa, Canada",2024-12-08
8aa3ac01-aa39-48a9-bd93-11089f884619,F word f=fascinating,5,female,"Rio de Janeiro, Brazil",2025-06-05
2f3ae040-a54e-4ae7-9976-045a2bd7070e,Trippings lng,5,male,"Hanoi, Vietnam",2023-11-23
14b88216-8080-493f-a007-4f92cbe2a30e,Gudshit,5,female,"Perth, Australia",2025-10-25
ff657388-e830-4cb7-81b9-6282969839f4,Having fun & enjOyed watching videos but sometimes the app is not working good..but its ok..,5,female,"Suva, Fiji",2025-09-06
1ea679a2-8ebf-4f0f-a984-ef4deab1c0f5,This its so wow,5,female,"Sydney, Australia",2025-09-24
bfe415de-2dd5-4414-949b-32fff787d1c0,"i really love tiktok like it became my favorite app, I love watching videos and instead of that we can gain alot of information by scrolling videos on, we can learn alot of things and for me I rate 5 stars you deserve it tiktok labyuu mwamwa",5,female,"Santiago, Chile",2025-05-22
85f4a5c2-03b7-4724-9849-b2093f462065,Thank,5,male,"Phuket, Thailand",2023-12-16
bfd96302-c1b3-47f6-9636-ddac4ba159f3,Best,5,female,"Port Moresby, Papua New Guinea",2025-08-05
8c4f28e3-b4c8-4369-9f5e-528740ec746a,It's bc if my child was sad I get her She was getting happy this acc was Better,5,female,"Gold Coast, Australia",2025-11-08
122db28b-b7f6-4b89-8fe3-72f834889aaf,เย่มมเเต่ทัวร์เป็นไรก่อน,5,female,"Suva, Fiji",2025-11-16
a29db06e-87a3-4193-8d30-eedf3798d434,Wow this so 🅒🅞🅞🅛 😁,5,female,"Suva, Fiji",2025-09-10
79bde609-0c15-4c46-96ed-2c4a9f34f25e,This apps is nicee but no network no filter whyy TikTok.,5,female,"Córdoba, Argentina",2025-05-13
bb2610c9-45d4-4411-9092-d0d352530860,So good👍,5,male,"Tel Aviv, Israel",2023-11-01
8f4d0be5-c68e-49cf-9b48-149036432d5b,Najshsbajifjeheigjwjjebsfjieowjfowjejidisjfisiwjfiiwjwj4ktiiv basta wala akong masabi dto sa app na ito,5,male,"Riyadh, Saudi Arabia",2023-08-30
7071bef0-61fa-4a15-95f7-9984ee08be18,ល្អ,5,male,"Jacksonville, United States",2024-09-23
95a98796-b675-4665-be0d-458690bef75b,Enjoy,5,female,"Gold Coast, Australia",2025-09-17
ba05d461-e128-4681-a5dc-1751d67f5a91,Nice tiktok and many friends,5,male,"Houston, United States",2024-09-02
b005fb31-dcbc-4e88-849c-a76a2225ae5d,Hi i just want to share my experience in tiktok it so beautiful app and so many vid and they have a lot of filter and sound I really appreciate this app and I have 1000 follower on my tiktok now yehey😁😁😁😁😁 thank you tiktok!!!!!!!!!!!!!!!!.........😁😁😁😁,5,male,"Mexico City, Mexico",2024-09-04
dbe00fba-d62b-49ce-879e-dbb78c0c9a9f,iii,5,male,"Brasília, Brazil",2025-03-09
8cf9cf8b-ece2-42e8-b8d8-2cbc86fcecd0,Perfect kase dito nakikita Ang talento bawat Tao dito sumasayaw,5,male,"Athens, Greece",2023-07-24
80f9d62e-b8e2-447c-b487-8d6372e5dd35,Mon,5,male,"Austin, United States",2024-06-21
d59a9b9e-73b6-46f1-90fc-21f8c27900fa,I love it,5,male,"Dar es Salaam, Tanzania",2024-03-01
8765f510-63ab-4ebb-93b0-b8f6326fe1ea,Bagus saya suka sangat²,5,male,"Hanoi, Vietnam",2023-12-18
a578eaa1-d3e9-4d5c-ae75-816b59600521,I love tik tok ☺ I just need something that interesting 🤔,5,male,"Chennai, India",2023-11-10
d2fa3ba3-4102-47ec-8ebf-87b6ca63e9df,I like tik tok bikes can commet and dafta tik tok 😎,5,female,"La Paz, Bolivia",2025-06-23
626bf3a7-958a-4ac8-bf8b-61da30cc9641,It's so nice to watching a tiktok videos,5,female,"Wellington, New Zealand",2025-12-01
a6496d24-41b6-49eb-a4ca-937c0738f4ab,good,5,female,"Rosario, Argentina",2025-05-02
a236e451-8950-4cc0-ac2d-06d3ef448ff3,Nice,5,female,"Christchurch, New Zealand",2025-11-11
185728bc-3670-471a-a5ee-a2adb5319191,Ok,5,male,"Cancun, Mexico",2024-08-31
06a95c2a-4336-49ad-9305-bd2b7261e5d9,Nice,5,male,"Kampala, Uganda",2024-03-09
590a033d-a257-437a-b0e1-a9f6a910451d,It's a good app and helps me with my mental health,5,female,"Wellington, New Zealand",2025-11-14
95c749d4-82fe-4abb-8de0-36c6c9209455,Gg gessss,5,male,"Abu Dhabi, United Arab Emirates",2023-12-26
9de84d59-3ce9-4374-8f56-4bec4c270901,I experience this,5,male,"Athens, Greece",2023-06-18
13a216cf-12e6-4b99-88e7-b8b8b9e9a8f5,Good,5,male,"Monterrey, Mexico",2024-10-29
c4505097-26fa-41bd-b094-7bcf020ae5ae,Good,5,female,"Sydney, Australia",2025-09-20
cd5d70d5-3eef-4868-8161-934bbb52c510,"this app changed my life, i met so many ppl and firends, i love this app! keep updating the app please, i will download it again soon:) thanks for the fun things<33",5,male,"Calgary, Canada",2024-07-08
c9c5c65d-0451-4930-b31c-3e2b56e9ec96,Tik Tok,5,male,"Tripoli, Libya",2024-04-26
d7c8ecdc-09d0-44b9-8bcf-d1c305fcd2c4,Johnloyd,5,male,"Monterrey, Mexico",2024-12-17
0c7b4521-3f47-4acc-9752-deba6b63ae9b,I like TikTok,5,male,"Kampala, Uganda",2024-05-11
2d327eca-2b73-4d6a-b7c3-c55f6bbd43a7,Its okay,5,male,"Ottawa, Canada",2024-11-04
2485c7f5-3583-4702-a339-6f4212c823b3,Love,5,male,"Cairo, Egypt",2024-02-16
b61de7cd-f426-422b-a552-619a9ba91f48,Ok,5,male,"Geneva, Switzerland",2023-08-08
cd01fc06-8342-4b96-ac22-0cf7729649ac,Apps ni kalau ada draft nanti dia terpos kat tiktok......,5,male,"Houston, United States",2024-11-10
4d09224c-3e27-4ba7-b8ca-542efaa71612,is good,5,female,"Santa Cruz, Bolivia",2025-04-03
000849b0-987e-4095-9a85-3189f37db3af,Nice,5,female,"Asunción, Paraguay",2025-04-03
6c710f57-3fa4-4125-aca9-bf2a87fb2b6e,Great apps..,5,male,"Philadelphia, United States",2024-11-06
0d21d9ef-cc7f-4039-999a-5fe75ac59064,I want viral,5,male,"Seville, Spain",2023-06-10
300bac21-f797-417e-9519-2f9b455827ff,terbaik dapat duit di tiktok,5,male,"Seattle, United States",2025-03-06
14e4be4b-9589-419a-9c8a-248868ce886e,Very entertaining,5,male,"Beijing, China",2023-11-16
c58eb337-492d-407a-976f-1a971ea95005,Good apps...good song...memory,5,male,"Marseille, France",2023-04-27
efa37b42-a551-429c-b7bf-2cb5cd13fd5c,Aplikasi g****k,5,male,"New York, United States",2024-06-28
9dea91cd-3dc3-4785-979c-9ade9a0510de,Whatever you want to forgets about boring or something bad ☢️ it give you a huge deal smile 😊 and carefree life style.,5,female,"Rosario, Argentina",2025-05-25
9fe96bb4-87eb-47df-9c34-827fa91f13bf,Hello tiktok! I just cannot put “ pronouns “ under my name. Can you please guide me? 😭🙏,5,male,"Casablanca, Morocco",2024-04-08
aefb7373-0145-462b-8b92-26001c28beed,I enjoy,5,male,"Kampala, Uganda",2024-05-11
a25739ae-7e9f-4c35-a15c-83fc4e92c601,good,5,male,"Toronto, Canada",2025-03-06
f64e66a3-b17f-450f-a4d9-7af68f7d16e0,Avria,5,male,"New York, United States",2024-08-28
b72fa4af-f804-4e1b-a305-4ec9c9e17c9d,Zaideee,5,male,"Chicago, United States",2024-09-05
e645c6ef-2416-4fca-a349-dc4c1835c0e4,this app has all of u wanted to watch,5,female,"Queenstown, New Zealand",2025-10-25
254c232b-e0e2-4564-999a-2e55d56b57eb,Maganda,5,male,"Abuja, Nigeria",2024-03-10
87b3c17b-fc6e-473a-98e6-4bcb19fa7f8f,Yes I Like I love tiktok,5,male,"Calgary, Canada",2024-12-13
338eb730-729e-43f6-b966-463284b3e44e,This is so cool u can be famous,5,male,"Karachi, Pakistan",2023-08-24
2e2c86b6-2420-4b3a-8fda-be3abcecfc38,I love this and so fun pls try this,5,female,"Brasília, Brazil",2025-05-15
9ad29c8e-9892-4259-85b4-054b4ec18723,Me as a big brain 🧠 for unlocking the tiktok app lol,5,male,"Dar es Salaam, Tanzania",2024-03-27
f6938eab-ba0e-4b85-824b-8344965c690f,Amazing app ever.🥰🥰,5,male,"Montevideo, Uruguay",2025-03-21
8bb1a27a-0752-48f3-8923-dd4a5e061c97,Entertaining,5,male,"Seattle, United States",2024-11-20
0bdcf486-1e56-4967-9272-601192d874d0,Well,5,female,"Port Moresby, Papua New Guinea",2025-09-29
3f5fa6c8-18b4-4810-ad24-e9e86e59c55e,Excellent,5,male,"Brussels, Belgium",2023-07-10
45a33180-5cd0-474f-9db1-ede27deaf2d7,Tak tahu nk kata apa tapi blh main 24 jam,5,male,"Prague, Czech Republic",2023-06-22
2ab77984-b180-4b1e-bcaa-226cfc48367f,Its good but please let me join live,5,female,"Port Moresby, Papua New Guinea",2025-11-03
1d8b296a-d0f6-4b0e-b163-85c177a12a71,Good!!,5,male,"San Francisco, United States",2024-08-18
e74449e6-e7f0-43e1-be76-5516f183d0c7,Good,5,female,"Lima, Peru",2025-06-04
094b5cbd-e824-452c-b96f-a9cc7e109c19,Relax 🙂,5,male,"Ottawa, Canada",2024-07-14
97823d62-a368-4973-937e-216e1c912daa,It's good for me,5,male,"Oslo, Norway",2023-05-13
12a70ab9-03f5-4d02-ab2a-b8b0e51eee15,It's beautiful it's has so many twerk hahahhahah,5,female,"Montevideo, Uruguay",2025-05-06
2fa793c6-2134-460c-8dc3-756fb374f7bc,Nice apps I like it so March,5,male,"Cape Town, South Africa",2024-03-15
9c90eeb5-5a54-4b5f-9412-19174ad6aaf4,Good 👍😊,5,male,"Toronto, Canada",2024-07-27
94419b17-c0b0-436b-943a-620cf393577f,Very good,5,male,"Austin, United States",2024-12-18
ed9b5992-4074-4ee8-bf9e-c79f6dc56a29,i love using tiktok app😍🤩,5,male,"Jacksonville, United States",2024-12-29
93e89d1a-3128-46a0-92ce-33a2af1657a8,Good,5,female,"Buenos Aires, Argentina",2025-05-11
59e905af-37d1-44ed-8ea8-250372c05c94,Very cool,5,male,"Denver, United States",2024-11-18
4f7d65cc-d848-4a55-a13e-87c4759a3bc1,Gosh,5,male,"Lahore, Pakistan",2023-10-25
23300b11-c14f-4995-9576-b516a8d21920,Nice app,5,female,"Bogotá, Colombia",2025-04-06
4437ad1d-9bb1-4c1c-bd43-2282e50a854c,តិកតុរកបានលុយ,5,male,"Dublin, Ireland",2023-07-20
254cef72-3c8d-4579-9d80-76901e83ff44,The best sosial platform..i like it too much.,5,female,"Sydney, Australia",2025-08-20
65523146-8437-435c-9e7a-b3854aadfd35,It's fun scrolling for random videos,5,female,"Hobart, Australia",2025-12-10
db5c3a3c-7387-4c75-9bb0-c6b2946a3d2f,I'm so happy in these app in tiktok,5,female,"Brasília, Brazil",2025-06-13
7a150d6c-9775-4dad-a478-99a78a34093c,Ok,5,male,"Tijuana, Mexico",2024-06-12
8231d0af-7dfe-4f1b-bdc5-220c75dc874a,thank you,5,male,"Addis Ababa, Ethiopia",2024-04-16
e3e8e2a5-c7bd-439e-b9b1-32c8de818d6d,hilang bosan !♡︎,5,female,"Canberra, Australia",2025-09-10
fb84a8a5-24a4-4769-8fc6-6808467de0fe,Nice,5,male,"Rome, Italy",2023-04-13
16464af1-6999-450a-9ae7-1e0239c00330,So good,5,female,"Melbourne, Australia",2025-09-18
863ac4bd-00e7-4b14-9123-d9ee7906fa3f,Outstanding,5,male,"Chennai, India",2023-12-27
e881caf9-f50a-4990-ba6b-d022d686dac5,🥰🥰 I love tiktok,5,male,"Marrakesh, Morocco",2024-04-01
d34317fb-1f48-4c6f-b708-62763de73209,The best apps I ever been,5,male,"Dakar, Senegal",2024-01-18
240a4c0d-f617-43fb-84bd-2e5ff225a861,Love it,5,male,"Nairobi, Kenya",2024-04-27
b138280a-3b34-44d8-a02e-a112282f92c5,Done,5,female,"Brasília, Brazil",2025-03-25
e66a9a75-9220-4bec-8c16-761658dfd30f,RCC CCC rr rr CCC rr DC area DC rr RCC SS RT rr CCCby,5,female,"Queenstown, New Zealand",2025-12-27
21e983ee-816d-4788-8bec-e2f49ab03402,It's good,5,male,"Dakar, Senegal",2024-05-08
271ff825-4752-4423-8ba1-b83f83c6e997,Good,5,male,"Bali, Indonesia",2023-11-09
93c2cd0d-a481-4d95-9c8e-e7c6e1f40cea,nice...,5,male,"Kathmandu, Nepal",2024-01-11
60f4494a-d04e-4bfb-8317-bc4d28936460,It's super nice 👍,5,male,"Vancouver, Canada",2024-11-16
e7158ef2-b09e-485e-bdf4-826f54d3ca02,Ow my god why you don't allow kids on TikTok my nephew is mad ow my goodness duh 🙄,5,male,"Phoenix, United States",2025-02-27
7d08f615-0b26-4cc1-8668-6cfa895b2381,no viwe,5,male,"Mexico City, Mexico",2025-02-10
67f27ba0-22f8-4369-91c6-5840afecd06f,😁,5,male,"Washington DC, United States",2024-11-17
47471671-3560-44a8-bae5-fa2eb098618a,So cool,5,male,"Guadalajara, Mexico",2025-03-06
6ce6f6d6-957c-4325-9ff4-d7fe5dcfbc79,I really like this app because it's fun to use and I can show my creations to people.,5,male,"Toronto, Canada",2025-01-06
920ac5b2-d36a-4592-9b07-d8e8d9f76082,Good,5,female,"Melbourne, Australia",2025-08-20
375db931-cd6a-456b-91a8-a157b39b57b5,I want this apps,5,male,"San Francisco, United States",2025-01-14
589648fc-3030-455c-ab6b-3ecea4346751,Is so goodddd,5,female,"Melbourne, Australia",2025-12-13
45a292e9-acba-4198-b03f-1b0d363cebae,It was so fun and it so great i love it,5,male,"Monterrey, Mexico",2025-01-03
f703c344-5bf3-47ef-8665-3e7c7802398f,Like,5,female,"Bogotá, Colombia",2025-04-28
7e5d34af-b9c9-4196-b159-368a270f8e69,parinaselizacolene,5,male,"Milan, Italy",2023-05-21
4330f9b7-8faf-4970-8c65-f5d1522bb71a,Good,5,female,"Cali, Colombia",2025-06-09
dc505639-f4a2-44c4-b7d5-a18aeafcf245,Good,5,female,"Quito, Ecuador",2025-05-09
2e941261-389a-438c-a606-7f76aa58d626,Noice,5,male,"Alexandria, Egypt",2024-06-06
dcf217f9-7471-4845-ae17-b2e356a2921b,Im so happy because im gonna update my TikTok,5,male,"Seoul, South Korea",2023-08-31
467721a5-a676-47ec-b259-cf72b81eb0bf,Oh I love TikTok ♥️,5,male,"Berlin, Germany",2023-07-26
ac99d3c7-3197-4e56-bada-e7925de28a65,ok,5,male,"Dubai, United Arab Emirates",2024-01-08
29accb27-e8aa-4fb0-8702-6ef884b46e18,Good,5,male,"Fortaleza, Brazil",2025-03-21
9749e1a8-92f5-488d-83ff-6eb0f427deeb,Awesome,5,male,"Phoenix, United States",2024-08-04
0b665758-3131-430f-bd98-be0c0499d549,Ganda mo celda,5,male,"San Antonio, United States",2024-09-17
8b22d8fa-7414-41c6-b0da-8c9b7487c7dc,Good,5,female,"Hobart, Australia",2025-09-18
eb9f25dc-5b84-420b-9acd-fb522bf5e5eb,Good so far,5,female,"Brasília, Brazil",2025-05-31
3dab07ff-cce7-4942-a953-9b67d33f9324,Mice,5,male,"Washington DC, United States",2024-10-18
16fc439d-f4a4-473d-8618-ed63db90b204,👍,5,male,"Stockholm, Sweden",2023-04-02
17c66ae3-9c68-4979-9176-a9f04ed26498,That is very useful for social media . We can use for our business and other.,5,male,"Amsterdam, Netherlands",2023-05-27
319880fb-79a1-4c2e-ac8b-1dcf1242cc4d,Berkat apk ini ak bs melihat Jeong jaehyun aw,5,male,"Washington DC, United States",2024-11-16
61bf44f7-7c3f-4325-933b-76347469c6e9,𝙸 𝚕𝚒𝚔𝚎 𝚒𝚝 𝚝𝚑𝚒𝚜 𝚊𝚙𝚙 🥰(๑•̀ㅁ•́ฅ✧,5,male,"Bangkok, Thailand",2023-09-26
d0c316fa-d2c3-4397-b5a6-8cf79b5ffc6e,Bagus,5,male,"Vancouver, Canada",2024-11-02
42210ba8-66ba-4136-bee6-cdeea73101ea,Very good and intertaining,5,male,"Toronto, Canada",2024-10-27
6f36080e-bde3-4b79-83b9-2e6ec6276e44,This is bast app for eingay,5,male,"San Jose, United States",2025-02-27
93769c4b-d04f-4faa-a7d5-e6c23231ebe1,ြ၉၀၉၀၇,5,female,"Córdoba, Argentina",2025-07-07
9be084c7-28f5-419d-8d0a-6bbe05b70b21,👍,5,male,"Tripoli, Libya",2024-06-01
881ae9b2-75ce-4ac3-a257-b77fdd2dc026,Im so enjoying for this app,5,male,"Algiers, Algeria",2024-02-16
fe3934f2-a28c-41bc-80f9-f7e1f6536916,❤❤❤❤❤,5,female,"Gold Coast, Australia",2025-12-07
10965914-73b1-4757-827b-b6244bd83f65,Excellent,5,male,"Durban, South Africa",2024-05-20
ac8dacee-2373-473a-8880-52d7e271586a,Terbaik,5,male,"Alexandria, Egypt",2024-04-09
5e9a2405-6525-4395-8430-642034d831e4,utow,5,male,"New York, United States",2024-09-01
03134adb-0531-454b-8dcf-890cabbe4792,Best app ever,5,male,"Vancouver, Canada",2025-02-17
3d6a9ea3-675d-42a2-bf2b-ce77433e6932,Omg it's so beutiful app It's so fun,5,male,"Brussels, Belgium",2023-06-18
a5d211fc-3067-41db-ac31-77404d1d42bb,Enjoy lalo Ng aking bby girl,5,male,"Kampala, Uganda",2024-04-05
6286ae16-916f-42eb-8b94-89e55b13d232,I love thes becuse i dance i sing this aap is so so nace milion of peapol are love it u do u love it?,5,male,"Prague, Czech Republic",2023-07-02
0faa455b-6df2-4471-9bcc-a7075eafdda2,Good,5,female,"Asunción, Paraguay",2025-04-02
5d8162c5-a8eb-4c50-9b97-40ec90d2b307,I enjoy watching,5,female,"Auckland, New Zealand",2025-09-20
ea73abe1-04a8-4a41-91b4-f5d3cbf07a8d,The best,5,female,"Gold Coast, Australia",2025-10-19
827d4087-695e-4b0d-bb10-3b864eff589b,this app verry help full me to find some friend,5,male,"San Antonio, United States",2024-11-10
51f6f38e-cbb9-404d-9697-f92c17fdce90,👍 great,5,male,"Lusaka, Zambia",2024-05-02
f301bc84-6fa4-4a8a-8939-ed2d7eb4df4d,Good,5,female,"Fortaleza, Brazil",2025-07-26
7c9e6666-afad-4487-af9e-d114708d03bb,I love the effects 😍,5,male,"Kumasi, Ghana",2024-02-08
3e77a9aa-376a-4df8-a0d1-65b228f80fbf,💪🏻☺️,5,male,"Phuket, Thailand",2023-11-09
e89581a7-5f72-41ac-9cf0-ab8a5737f811,I rate ah 5 star because I like it,5,male,"Kathmandu, Nepal",2023-10-30
246030c5-e876-4245-9c18-ad4901c94d88,Kasi ito ang kaligayan ko hshshsh,5,male,"Brussels, Belgium",2023-05-31
232ff495-e87a-45eb-b30b-3f6bb9c41404,TikTok baka naman pa verified hehe char,5,male,"Stockholm, Sweden",2023-08-13
324f3bb5-8ac6-448c-9f2f-689d6d495048,SALAMAT TIKTOK. Kasi sobrang Dali mo lang gamitin. 🙏🇵🇭,5,female,"Canberra, Australia",2025-09-16
e20080ef-5915-449d-b0bf-ec9bbdfefe2f,I like this up kasi pag wala kang magagawa sa buhay mag titktok nalang tayu hehe,5,male,"Marrakesh, Morocco",2024-06-10
88cc2204-cdd9-4659-8819-7a819bf1ff41,Idk,5,male,"Edinburgh, United Kingdom",2023-04-29
b74a7d0e-801d-453f-94b3-4d6d1cdb2b57,I love how u made this I like watching here! ♡,5,male,"Harare, Zimbabwe",2024-04-23
5e3a2172-c810-4d30-a585-d62777e792f7,love this app 😍,5,male,"Lahore, Pakistan",2024-01-10
fca6ad0a-7e99-4fbb-9aa3-2f1044bdc932,You look so good 👍😊,5,male,"Madrid, Spain",2023-04-16
67ca69a2-6e09-43d6-83d8-2b5d596d6d18,Fun,5,male,"Vienna, Austria",2023-06-21
3bf5d012-71bb-4365-94fe-41df0418bcf6,Nice love it❤️❤️❤️,5,female,"Lima, Peru",2025-06-17
f8a7ae07-f1db-4426-b4b1-346043ace311,Ok thank you is good,5,male,"Kumasi, Ghana",2024-06-08
9fc9e824-0aff-45fc-8f3d-1eaa95424d5c,good,5,female,"Canberra, Australia",2025-09-13
38f9e690-23cf-4615-913d-bad25696bfd0,"I always had problem with the template..while processing after 83% it shows ""couldn't processing. try again later"" i thought some network issues but it's not..",5,male,"Edinburgh, United Kingdom",2023-08-13
781a78e7-696e-4df6-b5cd-034a8459952d,Its fun po like electric pan,5,male,"Pretoria, South Africa",2024-03-12
fb12bd60-de68-44d0-941a-2b48e1bb37c5,Done,5,female,"Adelaide, Australia",2025-11-01
e1b27c03-6aba-47d1-833f-f72fb7ef6a9f,Good but sometime lag but i really like it,5,male,"Austin, United States",2024-10-27
4a2a67e7-bafd-4759-953f-3526d60f72d3,Very Good,5,female,"Hobart, Australia",2025-09-24
5d120116-f21d-4307-a409-438a15c107c4,"Payment untuk coin kok tiba2 jadi 1 tap buy sih? Jgn begitu donk, balikinnya gmn?",5,female,"Suva, Fiji",2025-08-17
0154a361-8db7-4b4f-8467-472aa50e804a,Thet Hsu Hñîññ,5,male,"Jacksonville, United States",2024-10-26
59506b06-93fd-4b9a-bf2c-6c38d089d806,I love Tiktok ❤,5,male,"Cancun, Mexico",2025-02-22
2c4955db-19fe-425c-b1f4-8e85941ac793,Nice,5,female,"Gold Coast, Australia",2025-11-05
2b88e21a-2c01-484a-b6db-8fc237ad9d0b,🥰🥰🥰🥰🥰🥰🥰🥰🥰🥰🥰🥰🥰🥰,5,male,"Hong Kong, China",2023-11-29
3fe041bc-4a15-4624-8ed8-60eefc46b8b3,Awesome,5,female,"Brasília, Brazil",2025-07-01
3d47a070-2461-44f1-a55a-291da8a0bea8,เล่นสนุกมาก,5,female,"Hobart, Australia",2025-08-17
b1b6df12-e8ae-4d06-b1f2-83f05cfcb5ba,Masaya mag tiktok,5,male,"Rome, Italy",2023-05-28
686ab493-fe53-4ec0-8e3c-6625cab2f715,Amazing 🤩,5,male,"Algiers, Algeria",2024-02-27
310bdcab-f384-4bcd-8e88-319ad977cf35,Its good.this app makes me feel better whenever i'm alone.Thankyou for make this app.❤️,5,male,"Jacksonville, United States",2024-08-13
c394489a-b6a0-42ad-b367-304194192819,Good,5,female,"Brasília, Brazil",2025-04-26
107bc428-357c-41a6-950e-bf39a0e348dd,I like tik tok so much it makes me dance all the time,5,male,"Dar es Salaam, Tanzania",2024-05-31
e311cab5-e402-4c51-92f5-a03d9b0939cf,good,5,male,"Toronto, Canada",2024-08-01
e3924895-b585-4356-a67c-072adf9ae10f,Mahal Vajo sa Velough,5,male,"Barcelona, Spain",2023-04-09
18285d98-72ef-485a-91e8-bb7a36f4a127,It's. So good to use for fun,5,male,"Kuala Lumpur, Malaysia",2023-09-04
f63fcc13-5b4e-4103-8242-e120a0b9bd74,Nolike,5,male,"Accra, Ghana",2024-03-22
839c9f42-7a92-45b0-b3a6-68958f2c0fff,Good,5,male,"Houston, United States",2024-07-16
f0b7890c-c3ca-4f96-ac1f-4f8128b4d803,Happy,5,female,"Queenstown, New Zealand",2025-12-01
80b744ba-ee5f-4f84-be67-c76fa8feb476,good,5,male,"Nairobi, Kenya",2024-01-28
4c07fdf0-3f74-49dc-afb4-fe5b5f0e5cdf,Wala lang Wala lang Wala lang Wala lañg Joke The worst App Bc I have been experiensing nfjsndjejxbjsjshdnsbfnsmdhfns,5,female,"Valparaíso, Chile",2025-04-06
5c75fbb3-acb4-4b5a-aac2-af2facbb411d,Love the effects it's fun to have it,5,male,"Berlin, Germany",2023-04-09
c41ab621-a89a-463a-af4d-d2ae57c2dcaf,Beautiful world,5,male,"Denver, United States",2024-09-30
03a4933b-f3e8-4e14-a323-8e3f8d60cd6a,I love tiktok since 2016,5,female,"Cali, Colombia",2025-06-11
a39cfb67-accc-4875-bbe9-5f59439fe2bd,GOOD,5,male,"Addis Ababa, Ethiopia",2024-02-26
ca2c64fe-f955-4f11-8944-1f644339f572,injoy,5,male,"Delhi, India",2023-11-12
54d287a7-6504-47b6-ab52-c2f552c4fee8,Stoppp make it available to post on albums again,5,male,"Singapore, Singapore",2023-11-08
ce08d965-fa92-43e8-8793-ba5b7fac9768,Good,5,male,"Mexico City, Mexico",2024-08-08
29edc051-e0c3-4802-9d60-b2fa320a6c70,Nice,5,male,"New York, United States",2024-11-21
43840a91-d7ff-4ce2-9df8-1f5b427d9040,Cool,5,female,"Perth, Australia",2025-10-19
45bbf864-d257-44d2-b368-c9ac874e449f,Excellence,5,male,"Durban, South Africa",2024-02-01
f0bae339-b1ea-4bbf-a592-c7211bbcbc6f,Cool,5,male,"San Diego, United States",2024-12-15
52e97a1b-87cb-48cd-95eb-0fddd321cee1,Happy to watch,5,male,"Marseille, France",2023-08-17
ae3009ba-796d-456f-a330-937ccc01bd0a,Buetifull,5,male,"Nairobi, Kenya",2024-04-07
453153da-7aaf-4191-8691-83fb41203cff,Is soo amazing,5,male,"Jerusalem, Israel",2023-10-01
fef7ba74-b7b4-4664-85a3-1617f4833126,TikTok sana all,5,female,"Córdoba, Argentina",2025-05-10
77033544-be49-467c-865f-f32b637660a3,ၶိုၵ်ႉၶႅမ်ႉ,5,male,"Algiers, Algeria",2024-04-18
8008d4ab-1b4c-48a4-9da5-b88383a17b62,Reallly me good,5,male,"New York, United States",2025-02-10
ac697fd8-8b74-46cb-af9b-c0ea4e0203b2,Perfect apps,5,male,"New York, United States",2024-10-13
23245a6b-43e0-4989-aa62-040bc0278d92,😍😘🤩,5,male,"Tripoli, Libya",2024-05-19
36494891-f568-4dac-ae15-7d702abadbf0,theakyou,5,male,"Quebec City, Canada",2025-03-05
72ff58d6-9cfd-44d2-bbb1-dd870cb67621,I like thank you,5,male,"Hong Kong, China",2023-11-02
781c02ba-2056-4b9d-97d8-80bd4f567a26,great,5,female,"Lima, Peru",2025-07-28
75ab5cb9-d8d3-4177-9d0d-d0b01c1492b8,Please my account unfreeze,5,female,"Lima, Peru",2025-05-21
12e2c217-a26d-48e0-946c-894535aed809,love,5,male,"Addis Ababa, Ethiopia",2024-03-16
0c730fd3-994b-410b-9afc-97dd1887f950,Tiktokerist ang person,5,male,"San Antonio, United States",2024-09-07
4e2fb5f2-0bf8-4f16-8d8b-f62291d247ab,Nice,5,female,"Guayaquil, Ecuador",2025-06-05
494f0970-8d91-405b-b2a9-b0e84a8e9e95,Ok bye hmmm.,5,female,"Brasília, Brazil",2025-06-23
b407858f-8fad-4695-8f9a-903f906f6ae8,Good,5,female,"Auckland, New Zealand",2025-08-09
ecca28fa-ec1c-4f4b-8b26-268d31ce0218,👍,5,female,"Rio de Janeiro, Brazil",2025-07-28
458e57cb-2209-4bc7-8899-e23867095361,"My name is melchor cayol I'm 19 years old ,and Im first year college student ,my courses is bs criminology,",5,female,"Montevideo, Uruguay",2025-06-30
cd4f6a59-57d9-4b8b-93fe-632423311e52,Just like it...,5,male,"Dallas, United States",2025-02-14
dd3d3543-550b-4474-94eb-e30a0fcc2b51,I want live please 🙏,5,male,"Karachi, Pakistan",2023-10-11
ddc1e768-75ce-4a31-8d6c-21bfa8ace2eb,Entertaining,5,female,"Hobart, Australia",2025-12-27
37c3ab90-9553-43b3-bf80-0641281f255e,enjoy it,5,male,"Frankfurt, Germany",2023-07-09
7b7214e7-a83b-4e3b-ac10-02936b77e65c,Good,5,male,"Karachi, Pakistan",2023-11-10
0f20a5dd-2910-4b42-82f0-745f3521c42d,Good for editing videos ang other 😅,5,male,"Alexandria, Egypt",2024-03-05
2dbea8a7-5a80-497a-a784-728a66b6354e,I'm happy tiktok is my life,5,male,"Oslo, Norway",2023-03-30
5a02c847-2827-4368-8f99-b371f2a54dc7,HELP tikoktn please,5,male,"Dubai, United Arab Emirates",2023-12-14
08e98835-1eaf-40e0-8565-18a49559d7df,it's sow coll im happy to tiktok😚😚😚😚,5,female,"Gold Coast, Australia",2025-10-28
740ff620-03e5-4fb3-a816-1d0727f6e510,Ok,5,male,"Seoul, South Korea",2024-01-03
4c880be3-5372-4a13-820a-fbb81228ef6e,Very greatful,5,male,"Vancouver, Canada",2025-01-26
a7d62c7e-df6f-4850-8046-55260c873ab8,Xt,5,female,"Melbourne, Australia",2025-08-17
66f3d666-9e98-4f03-b813-70db7fabb64f,Kient,5,male,"Athens, Greece",2023-07-03
4c62cc24-d73d-41fc-857d-21164b68796f,Successful Tik Tok app❤❤❤,5,male,"Seattle, United States",2025-02-09
e0bb004d-8f04-4e15-bc82-897437840733,I love it,5,female,"Bogotá, Colombia",2025-03-25
5fb8d343-1bbf-43bb-b158-2a3ddb276d93,This app is very cool too but it's only show tik toks videos in it only but the video of the tik tok is very amazing and scary! I love this app so much I hope I can spend a lot of time to watch it when I have free time! Hope this is useful information! This is only my opinion pls don't judge it! I know it's only this but it's okay if you don't like this information I would appreciate it if you like it! So that's it. But I have one more to say do you have tik tok acc? If you do can that's good!!!,5,female,"Nadi, Fiji",2025-10-09
b280b8f1-409f-47f9-bc14-cbf142c8fda6,Naaganda Neto ng gamitin,5,male,"Frankfurt, Germany",2023-07-06
d1934723-1c88-4990-8d8c-d739e091675c,TikTok please give me back my acc on tiktok you banned I really need it😭,5,male,"Ottawa, Canada",2025-01-16
a8bfb7c0-8eaa-4ca1-8088-a7a18395c0b8,It's great app,5,male,"Ottawa, Canada",2024-11-05
61cd12b7-6a73-4423-a55c-264c483f3705,Nice g,5,male,"San Francisco, United States",2025-02-21
187e0073-b819-4805-b829-964c64be6089,Meh follow alias bukuwasaedu,5,male,"Cancun, Mexico",2024-10-12
a9d2f7b8-a7a8-48f3-bf77-69423e1f1f74,the best and enjoy social media..,5,female,"Brisbane, Australia",2025-10-31
41abf1fa-a1c4-462b-97b7-8b88d1c4b7a3,good,5,female,"Suva, Fiji",2025-08-28
f2b9f29c-c118-4b87-8b8e-23e31e5c61d7,Happy😂,5,male,"Tripoli, Libya",2024-04-16
0be5b7db-d698-4d56-84e4-9bac5b0b5655,good,5,male,"Marrakesh, Morocco",2024-05-01
4e8fc74b-b9de-47bd-99b9-08fbdda993da,𝚃𝚑𝚒𝚜 𝚊𝚙𝚙 𝚖𝚊𝚍𝚎 𝚖𝚢 𝚍𝚊𝚢,5,male,"Beijing, China",2023-10-23
b156eaab-ae49-4aaf-a1b1-b63c58b9676f,[09/06/22] Thanks [08/31/22] balik niyo account ni Jeilalou,5,female,"Gold Coast, Australia",2025-09-21
74ff98a9-82a1-4e52-8834-d25a5679ab8a,Good,5,male,"Bali, Indonesia",2024-01-14
0136805e-a020-4a0b-b234-b29d945efec9,Nice,5,female,"Gold Coast, Australia",2025-12-13
855a0dd2-7389-4c4f-956a-f6dcbeda0592,Its good time pass,5,male,"Lisbon, Portugal",2023-04-01
a807e52f-9796-4697-bd5c-3dd166f6e63e,Good for time pass and information,5,female,"Adelaide, Australia",2025-12-22
73d1330e-c8b9-425e-94ef-e6876c98c056,This app makes my day complete,5,male,"Accra, Ghana",2024-01-21
7042771a-2d3c-44b7-893f-d1de27d08ebd,Nice,5,male,"Osaka, Japan",2023-11-11
562a7aee-d07f-47ec-90fb-81b97c7de504,"Good for fun, good for news good for bisnis",5,male,"Barcelona, Spain",2023-05-28
83fb19bd-d616-4332-b76d-b0c5bcbcc316,I happy,5,female,"Valparaíso, Chile",2025-05-30
60d7e577-dd28-4c84-afa9-7fbcb40ee9a5,Gorgoues,5,male,"Durban, South Africa",2024-06-07
f93fdf86-b195-4827-8902-c155145df480,Tiktok team plz help me not showing pin bar my tiktok app plz recover,5,male,"Tijuana, Mexico",2024-11-02
302de21b-0ec7-4010-ab71-096fe0528eb0,Is very interesting,5,male,"Pretoria, South Africa",2024-05-08
9fe2e5e1-db1a-4824-8e14-f662bbfd7cbb,🎶TikTokRate❤💚💙🧡💜,5,female,"Brisbane, Australia",2025-08-22
42abc007-9b35-4658-9988-ff32e0622971,❤️❤️❤️❤️,5,male,"Toronto, Canada",2024-12-14
62e0ee78-7b46-4af5-8772-6089d4e4f35f,Cool,5,female,"Caracas, Venezuela",2025-07-01
225deede-ead5-4cf5-96a3-c47e65a2b9e1,Thank you TikTok,5,male,"Rabat, Morocco",2024-02-29
13b7b207-64c8-4ed7-9482-78945e1c30d5,Keep on improving,5,female,"Caracas, Venezuela",2025-05-29
3a40e400-2215-4cce-99ec-c49bead41c4d,I like it,5,male,"Barcelona, Spain",2023-07-20
5d960039-4566-4864-976a-d18c423fe0a9,good,5,female,"Canberra, Australia",2025-11-14
b4ad0098-1838-47c4-86ca-81c68cd693eb,nice app,5,male,"Budapest, Hungary",2023-06-01
be0f721e-503f-4528-9e96-b9d05677f4ee,Nice app i like,5,male,"Chicago, United States",2024-11-10
63b17098-37c4-4050-a415-df277e646642,I love this <3,5,male,"Singapore, Singapore",2023-12-01
d7e26f78-a925-4b83-9dcb-2d83ee978791,Yeah good,5,male,"Cape Town, South Africa",2024-01-19
65c62f25-1086-4b00-83a8-c25d87242b79,because so very nice watching tiktok and make chill,5,male,"San Diego, United States",2024-08-23
de099283-d0e2-4594-be49-65ffb18e7d46,Good,5,male,"Lisbon, Portugal",2023-05-02
6b5d8850-cf71-4932-8713-083a41eb49d7,Good,5,male,"Durban, South Africa",2024-03-08
b968263c-13d7-45b5-9f0a-3ecec58d7040,very enjoy to use dis,5,male,"Hanoi, Vietnam",2023-12-09
6d7b8260-93f8-46eb-97ef-2399fbee2f74,5star,5,female,"Rio de Janeiro, Brazil",2025-05-29
fcd55aef-5a32-4262-a6d6-d8889add201a,Enjoy,5,female,"Quito, Ecuador",2025-07-06
90c0618b-db93-43e2-a29b-336e89a44b1b,L like it so match ☺️,5,male,"Monterrey, Mexico",2024-09-27
3fc126d7-9679-4ef3-8c3b-ff1133791847,SA na Makita to Ng crush ko😯😯😯,5,male,"Phoenix, United States",2025-01-14
481af5ea-f5d6-4c34-8ed3-f4319bb62f3a,I love this app,5,male,"Addis Ababa, Ethiopia",2024-05-29
8ddb594b-776d-41c8-8327-0a3c04ab9b16,follow me jk hahaha,5,male,"Dubai, United Arab Emirates",2023-08-27
5397b4a6-12ca-4201-91bc-55f2589004f6,Apps,5,female,"Rio de Janeiro, Brazil",2025-07-24
32551ee7-8a45-4e7b-919a-e5dfffe2f382,i love it,5,male,"Cape Town, South Africa",2024-04-21
80498b4b-aa6e-43d1-ad3a-20beb1a09d59,It's so amazing 😍😍,5,male,"Windhoek, Namibia",2024-05-17
238b46b7-9567-4139-8fc4-6e802b5e5de5,Good,5,female,"Sydney, Australia",2025-12-05
ee742a35-42a0-4452-9bbe-a5c200aa37e2,Goodd,5,female,"Port Moresby, Papua New Guinea",2025-12-14
92edb6df-ad8c-477c-b507-dfe856f181a1,Ok,5,male,"Dar es Salaam, Tanzania",2024-02-22
bc44e2d7-77fc-44b3-800d-24fb40646daf,I love tiktok so much ❤❤❤❤❤,5,female,"Asunción, Paraguay",2025-07-19
104b0f55-6d4c-439f-b2a5-3fd52033a12e,Its okay😀👍🏻,5,female,"Quito, Ecuador",2025-06-04
b309c694-125c-4368-a477-b0cc2931dc1f,wow,5,male,"Windhoek, Namibia",2024-02-14
2175e750-b7db-4944-a3d6-7f618e4237ac,Is good and the other tiktoker are so fine,5,male,"Jacksonville, United States",2024-10-25
936cf267-302e-4242-b66a-1222fcd7c96d,i love tiktork,5,female,"Perth, Australia",2025-10-30
324e8b49-b444-4629-a15f-db9414b33987,it so best,5,male,"Lagos, Nigeria",2024-05-14
cc116e2f-608e-4fb4-80cb-adeb7607bcad,Very good,5,male,"Alexandria, Egypt",2024-06-05
30728fce-186e-4986-ab5d-d3e9b9ccf282,Fun tho,5,male,"Vancouver, Canada",2024-07-18
6412e351-3a8a-42d4-b235-17bf47313566,Wow,5,female,"Queenstown, New Zealand",2025-09-20
2dc6f415-4d5f-4e2a-b136-a223ef0a9d70,Good,5,male,"Rome, Italy",2023-07-23
92683690-afef-4e91-ba60-49e03478e337,မမမမအအအ,5,male,"Hong Kong, China",2023-08-21
00083112-1a82-4721-8778-4497edbd1e0e,It's nice,5,male,"Calgary, Canada",2024-11-05
011da054-b781-40b5-a5cc-ec9ded7720e0,So much entertaining and enjoy watching some funniest videos.keep it up,5,female,"Suva, Fiji",2025-12-25
2cc87604-a2e2-48d6-ae95-5246b2e82377,sakit mi,5,male,"New York, United States",2025-02-24
b034e23a-54af-4e8f-8b40-d24fdcf19f0c,Good 👍🏻,5,male,"Denver, United States",2024-07-14
e0be6d46-2308-4325-9348-e9a84d5d0173,Nice app,5,female,"Rio de Janeiro, Brazil",2025-06-05
e07c6c00-3ea1-490e-9f69-5ea3624d724f,I love it,5,male,"Zurich, Switzerland",2023-08-15
9ccb619d-3182-47b2-bf4f-5324ba35aab7,Cool,5,male,"Tijuana, Mexico",2024-09-19
be995809-73be-4fcb-a531-cfc75268bd89,fun,5,male,"Austin, United States",2024-12-28
bb3bed15-4847-4e84-b707-acf24f2a096a,good app,5,male,"Phuket, Thailand",2023-09-18
a8dd5aba-a75e-47f2-8d0e-db5df8fa2c16,😍🤗😇,5,male,"Taipei, Taiwan",2024-01-09
d6df925c-ec4e-4ecf-b982-0bf4255d3d52,Like,5,male,"Pretoria, South Africa",2024-02-23
3fbf543f-0f1e-427b-8802-bc6f34938d55,Know the current event what is happening in our country😊 by using this app. And many more.,5,male,"Cancun, Mexico",2025-01-24
ebe057d3-8077-458c-b8e4-0190256abcce,Joyful,5,female,"Wellington, New Zealand",2025-10-27
19bd7a3c-e2de-4dac-8b7e-d45eaa775eee,Wla lang,5,male,"Lisbon, Portugal",2023-03-29
38809d26-2b66-493b-bad5-efa3f5a54db0,its good,5,male,"Guadalajara, Mexico",2025-02-22
252b93fc-3f61-47f7-bc9d-d7184ed78e2e,the app is so gb,5,male,"Austin, United States",2024-11-19
11d65bba-74b1-42ce-8191-bb349aad0e49,I want to be a star,5,female,"Auckland, New Zealand",2025-10-07
207c7e5a-f7b8-41b1-8042-874ee3984a0b,Enjoy,5,male,"Jacksonville, United States",2024-06-23
0146b6e4-0d5c-463e-9050-c4d762c9d807,Very interesting,5,female,"Rosario, Argentina",2025-06-10
4638bd1d-0778-48e5-8d37-67b457ce8be4,ကျိလို့တော့ အရမ်းကောင်းတယ်ရှင့်...မအေလိုးမင်းအောင်လှိုင်ခေတ်ဆိုတော့...ဘေကုန်များလို့ မကျိနိုင်တော့ဘူးရှင့်..... ကျေးဇူး🙃,5,male,"Calgary, Canada",2024-08-27
fba5c936-0663-4664-88ef-b1b76a9bba98,Jisnihudkigaon jvus h gdibu hvys,5,male,"Manchester, United Kingdom",2023-06-30
6c0d25e1-b7e7-44e7-8a16-2d62682b7b73,I like it,5,male,"Toronto, Canada",2025-01-24
81dab7e2-8c8b-40bd-a598-5a414471dc4c,3ê see ßæç but for 0œïù6vçxã21ê,5,male,"Toronto, Canada",2025-02-18
bef62c4d-6843-45dd-be55-7ad82d442c29,Okay je,5,female,"Adelaide, Australia",2025-11-01
70ad8a77-f2bc-401b-9ba8-925998826c26,No network,5,male,"Busan, South Korea",2023-09-17
e99d6961-04d7-4aa2-ae43-082dfdd14bde,tiktok2020,5,male,"Hamburg, Germany",2023-06-29
b2ab281c-891c-4964-a1a1-837a0dd835ff,All my fyp this end is so boring I hope this can be fixed,5,female,"Gold Coast, Australia",2025-11-22
040b5fcb-e9bb-429d-8835-56cc793ab712,Good to share some talents we have,5,male,"Marrakesh, Morocco",2024-01-17
1b7e1f52-292d-4d85-aaae-e2b525e5af31,I like it and I love it♥️♥️♥️♥️,5,male,"Cape Town, South Africa",2024-03-04
06054923-9891-4a0b-ae1c-e8141c8272e5,😍,5,male,"Madrid, Spain",2023-06-11
d0e34148-4363-4976-b126-d73cbc95ce92,gr8Very good,5,male,"Lusaka, Zambia",2024-02-23
ed2b0d27-cb72-43ec-a4f0-df65633530ed,Maybe,5,male,"Abu Dhabi, United Arab Emirates",2023-12-11
62869a59-a6ff-4d7a-9bc8-e6acbf39d393,These Apps make many people happy,5,male,"Casablanca, Morocco",2024-02-10
8650a01d-827d-4d9a-aa84-c42c0a7ceb7f,Good. Nice,5,male,"Calgary, Canada",2024-10-15
6b39a65d-875d-4cf5-9260-191de06e9969,I like it,5,male,"Marseille, France",2023-08-16
54553f0d-f759-492a-b811-b40d820b4f27,ကြိုက်တယ်,5,male,"Birmingham, United Kingdom",2023-07-24
1a9e6e37-1d06-413f-923f-fe5d658d2ab1,Updated please,5,male,"Quebec City, Canada",2024-09-18
7ca95f02-b8c3-4d54-81bb-45ebd5e5556c,Tik tok is the best👍👍😍🌷,5,female,"Queenstown, New Zealand",2025-12-19
e961c832-6f8c-4944-b936-d556e05d1ca6,good boyfriend,5,female,"La Paz, Bolivia",2025-04-27
6b8d831f-8227-4f60-ac8e-7db20e922914,Lovvvvvv,5,male,"Pretoria, South Africa",2024-04-26
92caf64b-c4c3-4400-a2f3-8a13cd36c0dd,Agan tanaman po,5,male,"Tel Aviv, Israel",2023-11-22
df64cf40-f429-4c80-9d35-4fff0fe6a6ff,Best app ever... And the service when there is prolem they solve it quickly,5,female,"Asunción, Paraguay",2025-06-22
5aa5684d-2db8-438c-9bf0-d3a09be8906d,It's really 🆒,5,female,"Sydney, Australia",2025-09-08
79a10ab8-6373-41a3-8c6d-ae8eae443825,Good,5,male,"Mexico City, Mexico",2024-11-09
0e7b6466-c007-4c52-ac30-0e1ac50a3c93,Plsss download this app this is to amazing app,5,male,"Calgary, Canada",2024-09-18
690b4fdf-2574-48f8-a692-2b9808a7e38e,Love it,5,male,"Abu Dhabi, United Arab Emirates",2023-11-18
e90af195-2cf6-49b8-a7dd-245cf8276895,Supar,5,female,"Sydney, Australia",2025-09-28
012fcd7d-c6ef-488e-bcaf-1a865bd72f7e,Cannon open myhome page,5,male,"Phuket, Thailand",2023-12-12
6e7c0c15-2929-46c2-a7b3-3275afd48939,Ok,5,male,"Los Angeles, United States",2024-06-29
0f5d1396-a3a3-469b-a123-d52359ab3a1d,5 kasi miss ko na siya haha,5,male,"Ottawa, Canada",2024-12-30
803351f9-8778-4509-8549-71747eb63abd,Wow n wow,5,female,"Nadi, Fiji",2025-10-10
59265bf4-e5c6-4ec0-87ac-6ecad9285d61,Ok,5,male,"Seoul, South Korea",2023-10-22
d0214048-9598-41ad-b34a-11a4cc86ca0e,it's so hard to update,5,female,"Canberra, Australia",2025-09-14
1ca7eeca-e3b6-49ba-b376-fbb4e6c0e393,Start having butterfly trying this new apps,5,female,"Santiago, Chile",2025-06-22
f9b1a451-d305-4ae9-bcf9-50d59a64876f,Im 👍,5,male,"Singapore, Singapore",2023-09-14
fe78236d-9733-4ede-8be7-19ad486f4f2e,Very nice much Sana tumaas followers po,5,male,"Lusaka, Zambia",2024-05-10
6a47e247-f1b3-42a2-ac47-99e1fc4ac706,nindot kay ni migo pag download namo,5,female,"Queenstown, New Zealand",2025-10-10
0a80c93b-7c0d-46d6-bc32-8c4f4fab8286,Good,5,male,"New York, United States",2025-01-12
0a0cdbdf-3735-454d-93c3-37b009a1aa6c,It's so funn,5,male,"Kuala Lumpur, Malaysia",2023-12-11
d79a078b-b014-4973-bcf7-da24f7a9da1c,Good,5,female,"Auckland, New Zealand",2025-12-24
4c048ce9-c455-45f3-934c-97d40aa5a796,Ok,5,male,"Vancouver, Canada",2024-09-13
083e5fa9-2f8f-49fc-af44-911fd28e4e80,ok,5,male,"Montreal, Canada",2024-06-17
e82de755-5384-4b9a-a7d8-ff9d3abde1c3,"Hi, i hope you have new updates for changing number or gmail 🥲 because all of my access is lost.",5,male,"Dublin, Ireland",2023-06-14
6a3ef723-c700-4dd4-98d0-7dbd6a64b62d,Plss don't suspend me or ban mee,5,male,"Valencia, Spain",2023-07-28
77b7410c-024d-4bd1-9394-c0b1997d156a,The best,5,male,"Tijuana, Mexico",2024-07-04
adf5f558-603f-4410-aa02-affe339a3a3a,Not bad,5,male,"New York, United States",2024-09-02
1340ee8d-4ab6-4fa7-a7b2-b89da952cb33,nice,5,female,"Quito, Ecuador",2025-07-12
97087c20-f11f-4e34-b8f4-9a3f17cee668,"Ban accounts that advocates on injustice done hidden from history books and etc. But allows dangerous content (ie. Blackout challenge) to go viral all for profits. 👌 Keep up the good work, thx for trimming out the children and adults that are gullible.",5,male,"Budapest, Hungary",2023-06-18
5aaa3339-dd8f-450b-8625-1f2288bbea4c,Ilike tiktok,5,male,"Austin, United States",2024-11-01
cdccfb90-101d-4dd1-be13-3cf70a56cf27,ok,5,male,"Jerusalem, Israel",2023-11-28
43a529eb-c27d-46b0-b3d1-2336fcaa2017,good bnget,5,female,"La Paz, Bolivia",2025-07-29
a637fcfc-23d9-4226-90d6-f3992e2d7819,I like it too much,5,male,"Denver, United States",2024-09-11
38e96bce-66d4-43b9-ba0d-e3da6a7d336c,very Good,5,female,"Cali, Colombia",2025-06-23
a8402e60-fa4e-4439-b389-a67be81b5dc9,Amazing apps,5,male,"Marrakesh, Morocco",2024-06-08
8b4a2eb8-1c38-439d-8ece-cfa8c5b9bf1c,Psph beautiful,5,male,"Dallas, United States",2024-11-13
05446d52-6a32-40b7-84fe-944d944f7dbb,Great apps,5,male,"Seoul, South Korea",2023-10-25
41a58861-c4e2-41df-8842-e5479a322db2,I can exercise my fingers with just scrolling the videos ,5,male,"Doha, Qatar",2023-09-05
26d5ae03-1f65-4c21-9271-d623f5bed1b7,Love it 💳💥💳💥💳💥💳,5,male,"Mumbai, India",2023-10-02
281d37df-de4e-4ed4-870c-6d860b73c092,This app make my brod gone this app is very good,5,male,"Washington DC, United States",2024-06-24
e739a1fb-bcce-4a7c-ab54-213bd8a9df99,I using this very good,5,male,"Singapore, Singapore",2024-01-02
1b99a305-88ef-423c-8467-70eed1873816,Hnjejeheueu you Fri Oct and Nov and Dec and Jan Mayen Islands and I will be a good Night baby zz si V you Fri Oct and Nov and Dec and Jan Mayen Islands and I will be a good Night baby zz si V you Fri Oct and Nov and Dec and Dec I am a few days ago and I have been working on it and I have been working on it mrmdbjdkrn for dinner and 8Happy birthday to me🎂🎊🎉💖Happy birthday to me🎂🎊🎉💖Happy birthday to me🎂🎊🎉💖Happy birthday to me🎂🎊🎉💖Happy birthday to me🎂🎊🎉💖Happy birthday to me🎂🎊H,5,male,"Tripoli, Libya",2024-04-20
99bb5303-c5f3-4cb8-9564-69a625886aa6,Wews woow👀,5,female,"Montevideo, Uruguay",2025-04-24
2ad5f475-ca3c-4998-af30-baef48a38ef6,Nice platform,5,male,"Barcelona, Spain",2023-04-11
186fcebb-b43b-4838-8584-012a0d19650d,Ganda Ng apps nato,5,female,"Nadi, Fiji",2025-12-18
0bd7647a-5961-485e-a5ec-ee136737006b,Nic,5,female,"Adelaide, Australia",2025-11-25
802b2e0f-7290-40f3-b0d1-60b80c232c34,Im happy to watch this vedio,5,male,"Osaka, Japan",2023-12-19
dba67995-5666-4dcd-b603-e2d44e6e0f13,Ok Good app If you're boring you can see tiktok,5,female,"Córdoba, Argentina",2025-06-27
d7f8b98a-6f08-424e-b908-546d04c6bc56,I really like this app so much,5,male,"Birmingham, United Kingdom",2023-07-26
e6cb3244-a948-4761-8926-220dca1a4184,excellent,5,male,"Denver, United States",2024-12-11
9a948060-b37a-4755-9527-7cceb0c0dd95,Nice,5,male,"Milan, Italy",2023-07-29
95fe3ba6-418a-4b23-bc9d-8ef4b1a53bc8,Maganda,5,male,"Kampala, Uganda",2024-03-18
9df49b36-8a61-42ce-815f-b09bf07b7238,It was so fun to make vids but can you please get out the laggy thingy it's so annoying when you make vids TvT,5,female,"Canberra, Australia",2025-10-19
5b9da151-d8b1-425f-875c-a9a1b76ea75c,FREAKING ENTERTAINING!,5,male,"Los Angeles, United States",2024-10-27
1c5bc789-bc5b-444c-91fd-9140091a4e83,I been enjoying this apps,5,male,"Tripoli, Libya",2024-05-14
e3f8f7a6-18c9-4a37-b02c-c4b9c8256b12,Fiduvfu60000,5,male,"Prague, Czech Republic",2023-06-24
3bb86440-d857-447e-8862-d84e2f72a834,Nice,5,male,"Dubai, United Arab Emirates",2023-09-25
d8ab5b92-2ebb-462f-98c5-a973579317ba,I like tiktok.This app is very happy.,5,female,"Christchurch, New Zealand",2025-08-17
ca9131c2-f7b3-46ad-9e5b-2b8a5b034e20,❤️,5,male,"Oslo, Norway",2023-05-31
63fe0a39-21a0-4ecd-9511-5ae27bef12fa,ok,5,male,"Guadalajara, Mexico",2024-12-03
7004c634-ec17-479e-af5a-567d4aae091b,💪💪💪❤️,5,female,"Melbourne, Australia",2025-12-16
6f68abd6-7229-4ca6-97a3-5f8887188c60,Good,5,male,"Warsaw, Poland",2023-05-23
99cbb412-ed45-4602-8942-a208e72a4e5e,Very much Fanny always 😁😁😁,5,male,"Nairobi, Kenya",2024-03-27
c9bba7ae-752b-440a-ae5b-8134e3952d8f,Tiktook live give me pleasure and sad. So my like tiktook.,5,male,"Quebec City, Canada",2024-08-10
a21cc47f-5a17-40b2-9ec8-c456297af8d0,Soo helpful and TikTok is more fun,5,male,"Jerusalem, Israel",2023-11-23
cba30a48-03d6-434c-a09d-29f9807ea1c8,Ok,5,female,"Suva, Fiji",2025-12-27
dcb52bd5-4aef-477a-bee7-e720bc262a41,I love this app,5,female,"Adelaide, Australia",2025-11-19
e333575d-1374-47e3-a116-fdda05c0e751,The log thingy just dissapear so i delete my review that i made in 2020♡♡♡,5,female,"Queenstown, New Zealand",2025-10-29
debb412c-3258-4086-bdf4-10f9ae289a54,Great,5,male,"Shenzhen, China",2023-10-30
3154d8be-95e4-48cb-a2b9-79ff36e35a33,😘😘😘,5,female,"Queenstown, New Zealand",2025-08-22
9f5deb98-805c-419d-935b-1f7c9ae6e9bb,Good enough 👍🏼,5,male,"Vancouver, Canada",2024-10-21
95496966-f272-4eb1-b46d-0eefd8d1b7ca,"My live My Rule, My style My Attitude, You Love Me or Hate Me, I don't Care, But don't Play With Me, Oky",5,male,"Marrakesh, Morocco",2024-05-20
a46489fb-dc96-4ea7-8648-39cdf99497fa,𝕥𝕙𝕚𝕤 𝕚𝕤 𝕤𝕠 𝕔𝕠𝕠𝕝,5,female,"Houston, United States",2025-03-03
84f9a5c9-8777-4751-be4d-d22e8b42a71e,"Some of my contents are reported for violating the community guidelines but it's not. I've sent an appeal but haven't get any result for the appeal, it's been 2 weeks. I only posted a content that I'm sending MLBB skin to my supporters and it was all reported. Please review the contents first before giving us sanctions for violation.",5,male,"San Francisco, United States",2024-08-31
569f54bb-82b4-43cf-83a0-42462c7e181c,She's not going anywhere today,5,female,"Santiago, Chile",2025-04-19
4ff8be35-19d7-408c-803a-f6db34f5fe06,I love this app,5,male,"Helsinki, Finland",2023-04-13
caf22d4e-2e91-49e8-8396-579f5c2b5734,mwa,5,female,"Quito, Ecuador",2025-04-15
2eb40e1a-097e-4459-8ec0-ed5d5606e0fb,this app is very usefull and cool,5,male,"Bangalore, India",2023-10-13
125d3d7c-6ff8-4484-b377-5e6cb203d5e9,Keren,5,male,"Boston, United States",2025-02-25
3ca92de1-b528-45a3-bad1-d058fd940fd4,its awesome,5,female,"Fortaleza, Brazil",2025-06-15
9879a176-e1c3-4c36-9cae-1c6ba702df5e,good,5,female,"Christchurch, New Zealand",2025-10-21
f855a234-d0d1-46cd-9c1c-e7a5cee6d7a2,Music,5,male,"Edinburgh, United Kingdom",2023-08-12
3e9f92f3-b162-48fc-bc90-935b558beea2,Bekus dis AP is kol,5,male,"Seattle, United States",2025-01-19
3d96f71c-c767-43eb-9ac0-5477668eca7d,Ok this app,5,male,"Kathmandu, Nepal",2023-11-21
6d09c884-4c71-4a27-b9ca-082208b66984,Love,5,male,"Boston, United States",2025-01-17
7e7d99e7-7d5a-4e7f-812d-a21864a8df45,Excellent,5,male,"Barcelona, Spain",2023-04-24
f4e7f36a-cac9-4715-82ae-c78a04d3cef5,nice.. now i can shop with this app..,5,male,"Cancun, Mexico",2024-12-06
9e3ad6fc-f73b-4fbc-bd4a-7b47430fab57,Pro,5,female,"Córdoba, Argentina",2025-05-23
e7cc0db4-a669-4b41-bc63-dbdc04fd5e42,😁,5,female,"Port Moresby, Papua New Guinea",2025-08-25
b7382a68-e1d4-4840-8554-c73e66a63c39,Gg,5,male,"Madrid, Spain",2023-07-27
ece7c51f-e693-443d-ad29-165948293c67,Tik Tok,5,male,"Manchester, United Kingdom",2023-05-28
fe1a7137-9cd7-4533-b048-0c2b0127d800,😃,5,male,"Edinburgh, United Kingdom",2023-06-08
aaa45aa1-1739-44e6-8b04-13e1cc0ef366,Tq,5,female,"Boston, United States",2025-03-05
45d886b0-b7e8-4e47-b4c1-a6cfd78a2346,feedback on,5,female,"Los Angeles, United States",2025-03-07
018af3f1-8be6-4f05-a643-b8bb07271a7d,အဆင်​ပြေပါတယ် ကောင်းပါတယ်,5,female,"Salvador, Brazil",2025-06-12
72b90208-b437-4289-8909-8acc2806e14b,Excellent,5,female,"Buenos Aires, Argentina",2025-05-19
8373cedc-02b5-4776-be84-8e09994a1f89,I love this app. I've been using this app 3years ago and I love it. Cause im enjoying using it. Thankyou for this app😘,5,male,"Guangzhou, China",2023-12-04
0e96a05c-b54e-4764-b5ad-e32dc814e3e2,Tiktok bati naman tau d na nyari sa views q 20likes 16 views Lang 😢😢😢ka sad naman,5,male,"Quebec City, Canada",2024-12-06
5e4130df-4bf0-4f59-9c5e-12b0c0c85573,This apps is very fun and also a stress reliever,5,male,"Stockholm, Sweden",2023-05-21
a214318b-fe8a-4cec-814e-a04b3627a83b,greatest,5,male,"Osaka, Japan",2023-09-21
9f307f7f-b220-40c7-bf19-f3abaa4e8098,Nice and very entertaining app,5,male,"Amsterdam, Netherlands",2023-07-19
2f090411-ef0f-4c1a-b04b-ee21eab75b17,Is ok,5,female,"Suva, Fiji",2025-10-15
63aaea12-1ce0-412e-b50a-bd024819736e,Lỗi tùm lum.. xóa aapp,5,male,"Marseille, France",2023-03-25
015f576a-1aff-4d36-9b91-8de7aa5e9396,Nice 🙂👍,5,male,"Johannesburg, South Africa",2024-02-17
6d615006-95b2-47dd-9387-13fb1772c1e9,Niceee apps,5,male,"Tijuana, Mexico",2024-11-06
6d4cfd31-1084-4f90-b6dd-756c0725a538,"TikTok is fun, easy and perfect for those who wants to grow their business. Just register my TikTok Shop few days ago and link to my TikTok account. Set up was easy. I love it! Thanks TikTok for providing us such a fast growing and user friendly platform.",5,male,"Cairo, Egypt",2024-04-11
c6f16649-b53b-4aae-aeea-8f22c89798a8,Thank you for fyp,5,male,"Cancun, Mexico",2024-11-15
1b35c172-8248-4f0a-83b6-860fba3bb893,"Please....add a function in ur inbox that i can go back easily to the msg that i replied with, it's so hassle to scroll back and look for it, thank u",5,male,"Dallas, United States",2024-12-18
48076931-b7f8-4de4-97ce-1c891d4ec490,lilk,5,female,"Rosario, Argentina",2025-05-02
bb63fc62-e3e4-468c-9089-c185cc12d5d3,Nakaka wala ng stress,5,male,"Denver, United States",2024-11-06
fe5ab82f-80a4-4f7c-9a9b-f25f26e4eeee,like to use,5,male,"Bali, Indonesia",2023-11-06
5ba052dc-e716-45b3-8f32-d137574cb0e4,Its sooo exciting,5,male,"Seville, Spain",2023-08-15
5209e2fb-0701-4ea9-a3bc-b118f46b496b,haha missu,5,male,"Lusaka, Zambia",2024-05-27
31c35f10-ce3e-4f67-9842-2a684bf5d3a8,Nice,5,male,"Quebec City, Canada",2025-01-13
f387fed8-7167-4d30-8d63-a96c9a5a90a5,Good,5,male,"Monterrey, Mexico",2025-01-24
eba69ea6-bf04-4ae1-8b33-ff434b0bf3cf,Jerome. A. Deumlao,5,female,"Houston, United States",2025-03-05
6c43874a-56dc-41c6-be43-c772a2b7289b,Coll app,5,male,"Ottawa, Canada",2024-10-05
04678c19-9baa-422f-b0c2-15a27271d29f,It's good to have a tiktok because you can dance and have learn into any activities,5,male,"Jerusalem, Israel",2023-11-10
eba38aee-b494-4489-a603-cd28586bab39,Good,5,female,"Brisbane, Australia",2025-09-26
d2bc2bba-1b8e-4e0d-97a0-69bc52681591,Good,5,male,"Dar es Salaam, Tanzania",2024-04-22
4e475112-a8c0-4b75-856b-941ef2f8a824,please I need viral by videos,5,female,"Lima, Peru",2025-04-18
45105f3d-0820-449a-9a95-123cde17610e,Good very nice app,5,female,"Córdoba, Argentina",2025-03-23
6a9c08a5-4e20-45e3-a3ca-578e6f5294e0,Cool,5,male,"Denver, United States",2025-01-24
e28c7326-da6f-47b9-835b-545ae58179d9,Mambang banyak,5,female,"Guayaquil, Ecuador",2025-05-07
82780942-6159-450a-9cee-8983adfffdb6,I'm happy 😊,5,female,"Canberra, Australia",2025-09-19
535d4c53-99a6-4e42-83ff-e8f100aac72a,Wala nalilibang lang ako,5,female,"Perth, Australia",2025-08-09
0ebe5025-021d-448f-a9bb-37c72164c9d9,This app it's so stress reliver,5,female,"Queenstown, New Zealand",2025-11-02
614ab3d6-8a48-4538-901c-7f9e7639168e,Love it,5,female,"Quito, Ecuador",2025-03-30
c2837ac4-3559-4fad-80e0-49fd61c1239e,Its will be good for practicesing some video,5,female,"Auckland, New Zealand",2025-08-27
b9f09222-1d45-45f8-a14e-62c68bb50443,Ok,5,female,"Hobart, Australia",2025-12-12
e4263a83-a859-401e-aee2-d73b0806a8d9,Gg,5,male,"Windhoek, Namibia",2024-03-10
2fc74d7d-fd00-4160-ae73-a681bfd0a251,Good tiktok,5,male,"Tijuana, Mexico",2024-07-20
f659edfb-a736-4f59-b98c-1a83370e6ec3,Abcd,5,male,"Montreal, Canada",2024-08-07
62ccae8c-c6ed-49f6-9e17-d583acaf1ab5,Love it,5,male,"Osaka, Japan",2023-10-19
2eecad27-de73-4b77-8267-fbe5201f2a43,Its good,5,male,"Cape Town, South Africa",2024-05-17
89db6b03-4981-4191-856e-34f0d36b0ee0,VERY NICE,5,male,"Kampala, Uganda",2024-04-29
d22b5348-109e-41e5-895d-59fa8907c2e4,This app was so good,5,female,"Guayaquil, Ecuador",2025-07-23
4e482ea6-91f9-4c7e-908c-f6f9bcccdaec,Tanggal stress and happy,5,female,"Auckland, New Zealand",2025-08-17
b8ed2f00-5603-4823-8e0b-42768f3e4c46,Nice,5,male,"San Jose, United States",2025-01-12
4d7e863a-2d49-41d2-9060-999dc8ca56ea,TOPEY LOFT TV ✌️✌️💓👍👍👍😎😎😎😎😎😎😎😎😎😎😎😎😎😎,5,male,"Kampala, Uganda",2024-02-18
3484f28e-f6d5-441a-8ad4-48df92f1fbb9,I like it❤️,5,female,"Lima, Peru",2025-04-19
e63b10d9-22b8-4f95-a257-dbae86a9e018,TikTok is very interesting,5,male,"Chicago, United States",2024-09-21
5ac4ed51-1b33-4777-95e4-7240b72da896,Its a good app so i will give it 5/5,5,male,"San Diego, United States",2024-11-10
345733c7-8e30-4009-bfbb-337181e744fd,បងហា៎សុំឲ្យmeលេងtiktokបានlike k មកណា៎បងសុំអង្វរ🥺🤧🙁🤟🙏🙏🙏😭😭😭,5,male,"Osaka, Japan",2023-11-20
29d3c0a6-1976-444f-a163-ae5d01ba66fa,"Ligit,kahit mga product na binibenta,ok",5,female,"Valparaíso, Chile",2025-04-29
3aad1b17-8985-4be5-aaea-1eb6f3ba92b2,I like so much,5,male,"Denver, United States",2024-09-25
849a6bd7-84d4-48e1-9d0e-e3582f23b397,These apps are very cool,5,male,"San Antonio, United States",2024-12-13
56a80002-6ba7-43a5-960e-042308814d3a,Krizzy,5,male,"Toronto, Canada",2024-06-27
8e1e8908-2c99-4240-b9ec-e6943fff4f58,😁😁,5,female,"Valparaíso, Chile",2025-07-11
d1d821f8-8f8c-41ea-8d7c-36e396c63628,phyolay33,5,male,"Toronto, Canada",2024-10-06
9fdaeb33-5819-41c8-97f3-99579bf2608a,၄၅၅၄၄အအ၄အပ၄၅,5,male,"Vancouver, Canada",2024-10-21
402fefe1-cef6-4d4f-ad6a-23c9eca0385a,Nice,5,male,"Mexico City, Mexico",2025-01-17
d92dd48e-1ddc-4e84-9319-160a98aa8676,I want to describe him,5,male,"San Francisco, United States",2024-08-13
231606c7-0153-4c88-8c3a-5da6caf7b61c,Good,5,female,"Rio de Janeiro, Brazil",2025-03-29
4afc4a23-a451-4f65-aa09-02369d2970a6,Very beautiful app😍🥳😘,5,male,"Chennai, India",2024-01-10
db9bb682-df35-4578-b156-77a0f8ca06ea,lagay mo na ko sa fyp😘😘😘,5,female,"Guayaquil, Ecuador",2025-05-03
9cac0042-e0dd-4f6b-b1f4-a5a50dfe0777,Thanks tiktok I'm happy to use this apps🥰🥰,5,female,"Valparaíso, Chile",2025-04-21
54990607-fbb0-431c-9aec-6943f8979a9a,view တက္ေအာင္လုပ္ေပးပါ,5,male,"Addis Ababa, Ethiopia",2024-02-13
d0029397-301e-4d21-ae8c-de446ac8f24e,Good app,5,male,"Athens, Greece",2023-06-18
c83ce594-b13c-451f-9cc6-fec1ccd46f54,So good,5,female,"Toronto, Canada",2025-02-24
1d49117f-7242-4fa9-8465-824613907a9d,Very good,5,male,"Los Angeles, United States",2025-02-07
13da00f5-836b-4a13-af06-fa239aad3446,I love it I'm 100% enjoying on TikTok,5,male,"Lyon, France",2023-04-10
9b07867c-c744-4dbd-8bb9-3e0c9ff18700,Jun jun,5,male,"Boston, United States",2024-12-06
2d279300-58c0-4cde-8445-b0f1b593fbed,⭐⭐⭐⭐⭐,5,female,"Salvador, Brazil",2025-05-14
c757f2b9-b718-41d9-8003-4c6f0a423822,Ganda,5,male,"Marrakesh, Morocco",2024-05-18
e243b455-bc50-45d2-b287-f23ff061a324,Esp hack app,5,male,"Amsterdam, Netherlands",2023-04-27
e576ec86-4f51-4789-ace1-a2c9d276f66e,nice aps,5,male,"Addis Ababa, Ethiopia",2024-05-28
137431f5-a5fc-4bee-8fe6-95db3e753a11,Nice,5,male,"Durban, South Africa",2024-06-04
ca667bfc-9fc7-4246-92d2-bf7ab16c966d,Super nakakaa wla Ng stress,5,male,"Abuja, Nigeria",2024-05-31
27a65f74-89c5-4569-9aed-605af2c7daf9,Awesome app,5,male,"Algiers, Algeria",2024-04-14
34a1aa4f-4c30-4434-9751-9737fd56ce2b,It was a spectacular,5,male,"Marrakesh, Morocco",2024-06-08
33ca6805-893d-43d0-894f-41e8b65830db,Super loves this apps,5,male,"Shanghai, China",2023-10-31
f70a644e-e4c4-4abe-9249-79d8aed3cd68,Please yung apeal ko gawan niyo mang action yung acount warning ko tagal na nun,5,male,"Barcelona, Spain",2023-07-23
08ddbeed-6364-4b4d-9fde-a317aa28ed5b,Jangan lupa follow tiktok @jihah_zpt,5,female,"Nadi, Fiji",2025-09-30
288ce558-dd6c-4660-aa81-68ffad323882,nice.,5,male,"Munich, Germany",2023-07-05
83e500ed-ca97-41e1-b425-108779df2917,I love it,5,male,"Tripoli, Libya",2024-03-17
86026bc3-7b9e-4d27-9047-aedcbcd0fef9,Dissapointed because some music doesn't use it because is says that is commercial sounds how can I used it???,5,male,"Jerusalem, Israel",2023-08-27
5842449a-5df1-4e36-b94e-33b0a2db9d08,love,5,male,"Beijing, China",2023-12-26
dc0b5dca-ec60-490b-9239-4b42d884f389,Nice,5,male,"Chicago, United States",2024-07-31
da662952-2a83-4307-85ba-6a8a55e41570,funniest app and sooo many things learned from it..i really love it,5,male,"Abuja, Nigeria",2024-06-10
05005a49-cf07-4366-a3bc-66190565d223,TikTok🤩🤩🤩🤩🤩🤩🤩🤩🤩🤩,5,male,"Seattle, United States",2024-08-26
d4653cbe-16e9-4927-94d6-9ef1eeebaf4e,Senang loh main ini⚕️,5,male,"Tripoli, Libya",2024-06-06
e2458357-e6d0-4f5e-8148-f3ba4310fa6d,Best,5,male,"Philadelphia, United States",2024-11-06
1e38bea4-4461-46da-81bb-653888abf220,It is so fun to watch videos and we can dance with my friends it so good😊😊😊😊,5,male,"Prague, Czech Republic",2023-04-10
78cfc5e3-0a40-4465-8c02-3afbc33c5fe0,I Love this app because many people are using this so for me as a teenager i download this app thank you,5,male,"Cancun, Mexico",2024-09-17
d41b59a8-54c0-40a3-9c6d-844e36c7a5f6,It is very good app,5,male,"Lisbon, Portugal",2023-07-29
bba1880f-a9c3-450c-8356-93df59d37a1c,Nothin,5,male,"Monterrey, Mexico",2025-02-13
caaadd73-8642-42b2-a84f-2960ddb6c49e,It's so good,5,male,"Seville, Spain",2023-05-13
1b392f7a-153c-47f7-ab9e-c5de5044b057,Shis nice tiktok ever,5,male,"Marseille, France",2023-07-28
a31f0b8e-cfb1-4c3b-8f33-19f7fd5bd97b,Its very fun and funny i really like it,5,male,"Bangkok, Thailand",2023-12-18
51c8b839-7042-473b-a239-d7633917fd18,Bagus lh jugak hilangkan bosan,5,male,"Guadalajara, Mexico",2024-10-30
e9861740-bfa8-4be1-948c-96cbe1919497,I want to have eye profile tiktok😭😭😭,5,male,"Mombasa, Kenya",2024-03-11
ff7029ac-7db1-4926-b82a-f7d613209161,ww,5,female,"Suva, Fiji",2025-09-15
770dbbed-0176-41e6-b7bb-4842e0a2a28c,Really good,5,female,"Guayaquil, Ecuador",2025-07-29
5fb61b2f-e888-4e9a-8b47-ab350e102440,enjoy,5,male,"Tijuana, Mexico",2024-12-17
e59c381d-8971-48c7-9d57-42ced990ccc3,Good,5,female,"Brisbane, Australia",2025-10-30
fac740d2-703e-46be-bda8-d0528ae1c266,Amazing,5,male,"Riyadh, Saudi Arabia",2023-08-26
78f3f25b-98ed-4ec6-ad4d-114330295275,"I have my new buddy, this is a great btw it's fun and full of something to try",5,male,"Algiers, Algeria",2024-03-20
d082ac1a-7f30-48da-9df1-94bbab5607c0,ily bnyk kenangan miss bgt video aku masa dlu msi ada wkk kangen jadi sm masa masa dlu wkk kangen banget videonya makasi tiktok jdi bisa liat masa kenangan dluu hehee,5,male,"Bali, Indonesia",2023-10-29
466bf9fc-2a06-4e00-a74f-359d70ba45bf,Got more information and knowledge,5,female,"Adelaide, Australia",2025-10-02
504661dc-7235-4a52-95fd-45ba81fbae0f,How can I update my TikTok account.. it's not working for me,5,male,"Milan, Italy",2023-07-26
86108eb2-2190-41bc-b062-d46c1b285ecd,"Nice, good.",5,male,"Dallas, United States",2024-06-12
ad663e03-5947-4a71-99d8-eab157a964ca,I love it 😍,5,male,"Krakow, Poland",2023-06-06
2ba7774a-3e63-444b-bbe8-5e3ccbf786eb,Ahm ok,5,female,"Brisbane, Australia",2025-10-15
56526d13-2e41-4de6-a31b-3fc9aa0c4209,video in tiktok so fun,5,male,"Seattle, United States",2024-11-14
b622dd40-b09e-46bf-8abc-9d8937130714,Kâlmädû,5,male,"Hanoi, Vietnam",2023-10-11
440c298d-3dd8-4378-8c82-c2eb027ee430,🖤,5,female,"Brisbane, Australia",2025-09-08
05607db0-c69b-4d09-9e04-698d13b02d64,Tiktk Goog,5,female,"Asunción, Paraguay",2025-06-25
d3cbacb5-f1b8-40cf-bfbe-2607d39a1a10,I like this bcs it help me laugh and explore new things,5,male,"Washington DC, United States",2025-01-25
ad59bdf6-6386-4c9c-8549-4e95fe77b8a7,Ang ganda ko,5,male,"Calgary, Canada",2024-12-07
7d1e83fb-4f7c-428f-93a0-affd0bcbd7e1,it so cool ilove dis app❤🖤🤍,5,male,"San Diego, United States",2024-10-04
92cd6dab-9fe7-40b7-98ca-45d9d3397b5c,We can dance and sing my name in tiktok is dolly_0573 ok bye,5,male,"Boston, United States",2025-01-11
d71bf40d-325f-46d9-bbb5-98b3366f211d,I can't express through words but i can review this like👌🏻🧡🔥🔥🔥,5,male,"Manchester, United Kingdom",2023-06-13
b6d40308-f23b-4d33-8ed8-7dc080513d45,Fascinating,5,male,"Pretoria, South Africa",2024-04-04
65952a89-cabe-48c9-9bce-c3a14d481ec5,For tiktok is,5,male,"Hanoi, Vietnam",2023-12-04
7bf553e8-80a8-4e1d-82f5-23b5041e3afb,Boleh la kot mai rezeki dari sini. #gold perfume.,5,female,"Córdoba, Argentina",2025-05-13
b1ce920c-9e60-4bc7-bff0-590ab48575f6,Ok,5,male,"San Antonio, United States",2024-12-24
167be4a8-c886-41dd-9aab-0a82d7dddbc3,nice,5,female,"Lima, Peru",2025-06-16
f39d2a7b-8096-4766-8ac3-d537de531ea9,Enjoyment,5,male,"Dubai, United Arab Emirates",2023-09-19
b58ce190-5cc6-45f6-aa78-33c849175836,makes us all artista in our own way,5,female,"Port Moresby, Papua New Guinea",2025-11-21
1408a00a-01e1-483e-ba3c-471ce6b9cefe,Tiktok is a good app for many information.,5,male,"Vancouver, Canada",2024-10-23
3172dc46-fe59-4f9d-a261-100d0df68cc6,😔✋ so good,5,male,"Frankfurt, Germany",2023-06-09
0311ca0b-3c8d-4dcd-be46-64584d9914b2,Yes yes l do Fd,5,female,"San Francisco, United States",2025-02-26
99ea7c2e-73d9-4f74-b509-24fa4d592124,good,5,male,"Dallas, United States",2024-06-28
e5df0896-c3bd-4da0-9de8-4a56811688f5,good,5,male,"Mombasa, Kenya",2024-06-06
a46b18d8-a51c-4325-878b-cd433cc9ca32,good bro👍👍👍,5,male,"Tripoli, Libya",2024-04-28
870070ec-1878-49f9-bc39-af5f238c3c37,ok,5,female,"Perth, Australia",2025-11-29
d5e16cce-5de2-4b5f-8a7b-b4ebbea85082,Great,5,male,"San Jose, United States",2024-08-15
cd46513c-b1c9-4581-bf53-99e05b0ab2b4,Good 👍,5,male,"Seattle, United States",2025-01-25
a3fca2de-0bd3-44f0-a77b-bfeeee613b5a,AngelLay,5,female,"Canberra, Australia",2025-12-18
d77f4a17-719d-449e-a890-f3bf60836a88,Go great 💓💓💓,5,female,"Wellington, New Zealand",2025-09-14
20131ad2-d88f-4b8c-804b-2ee539c20622,Tik tok is verry good and very best,5,male,"Guangzhou, China",2023-12-28
9cf68578-73d5-4822-967d-41a30c8f7cd8,👍,5,male,"San Francisco, United States",2025-02-03
7872bb0e-2fc3-4551-9b15-1014a24c4707,This Application is good to use,5,male,"Houston, United States",2024-09-24
b21e7833-39ec-40e1-a8ed-29a9b12eda42,This apps is so very nice.,5,male,"Hanoi, Vietnam",2023-10-13
884979b6-53ba-4f94-b537-6d2310a88647,Good,5,female,"Fortaleza, Brazil",2025-06-23
aa1e1e79-4509-4bf3-8ac0-5d1c16a350af,Ilove tiktok,5,female,"Perth, Australia",2025-10-29
7337d8db-db29-4ab5-9da1-246c04839625,good,5,male,"Austin, United States",2024-10-06
d16cc0b9-35e3-4f4b-ba45-6f08529149c2,Nice and enjoyable,5,female,"Santa Cruz, Bolivia",2025-03-29
43f0495b-ff77-4edc-9ba0-d062767f68c4,Verry nice,5,female,"Adelaide, Australia",2025-08-22
102df4ce-c105-49f2-adeb-40d71b8713bd,I love this app but idk how to make a playlist pls tell me how to make it!,5,male,"Guangzhou, China",2023-10-27
8715e9e8-0643-47ac-ab7d-3c570a53bfb9,Can make videos easily and I'm very enjoy with tik tok...tq tik tok make my day always great and happy❤️❤️,5,male,"Paris, France",2023-05-18
ffef1f7b-6153-4111-a3cd-d54b47256123,🇯🇴🇱🇷,5,male,"Busan, South Korea",2023-12-12
4e7d5ccf-1c66-49ec-b965-f8177aa45805,So nice,5,female,"Rosario, Argentina",2025-04-25
db44854f-93af-4a0d-8ea0-da2e15f6b841,♡,5,female,"Brasília, Brazil",2025-07-29
75920233-9739-41e0-bd71-1e5184cc6740,👍,5,male,"Stockholm, Sweden",2023-07-25
46d95c8b-ca83-4d66-beb9-86c3c8e68026,Nice and invigorating,5,male,"San Diego, United States",2024-08-21
b8ab0b1a-e92b-41a6-ae68-0c1fc3a1a696,Wonderful,5,male,"Dar es Salaam, Tanzania",2024-03-23
b888bd79-1609-4929-9b1d-e9bb9cded6eb,Tak best !!!!!!!!!!!!!!!!!!!!!!!!!!!!!!!!!!!!!!!!!!!!!!!!!!!!!!!!!!!!!!!!!!!!!!!!!!!!!!!!!!!!!!!!!!tapi BOHONG,5,male,"Doha, Qatar",2023-10-04
d76126c6-26ee-4873-aedf-acf2189beacd,Okay,5,male,"Tokyo, Japan",2023-09-21
2f71a2f3-f49b-4ac0-8062-2eb69c810962,Very satisfied,5,male,"Jacksonville, United States",2024-07-10
b834bb75-a4b9-43f3-b99c-e246b53ae173,Its Great,5,male,"San Jose, United States",2024-11-04
7892f20b-514f-4928-ad52-bd53d35b5fe1,💯💯💯💯,5,female,"Salvador, Brazil",2025-03-25
afd983d6-8c67-400b-8c16-2cdd522170c6,I dont have live on tiktok 😞,5,female,"São Paulo, Brazil",2025-07-13
441ba6f0-40af-4a00-b03e-9db61301c409,Its so nice,5,male,"Seoul, South Korea",2023-12-25
4182afe9-3b5d-4cae-8534-aaf2cb44e037,"I love this app!!!,And you can Make FRENDS!!! Download it for 🆓!!",5,male,"San Jose, United States",2024-08-22
e81e0e1a-5527-421a-ab7b-32b7ea15b1f2,Mntul,5,male,"Seattle, United States",2024-11-29
599fee0e-26b9-441a-96e8-7ad841892d84,happy,5,female,"Christchurch, New Zealand",2025-10-18
9206bd39-d85f-4331-acc7-5d1be23fccc4,😘😘😘😘😘😘😘😘😘😘😘😘😘😘😘😘😘😘🤸🤸🤸🤸🤸🤸🤸🤸🤸🤸🤸🤸🤸🤸🤸🤸🤸🤸,5,female,"Salvador, Brazil",2025-07-20
c5f6432d-20c7-4c4d-98eb-2002e76054a8,Happy,5,female,"Canberra, Australia",2025-08-18
88fdaba6-a8b7-42a8-9c58-4b116f09cf8e,Good 🥰,5,male,"Washington DC, United States",2024-11-01
7970f176-a434-4367-8240-d8b47d99948e,a very nice app when you're bored,5,male,"Nairobi, Kenya",2024-04-20
3af8c73a-5f4d-4a8f-80f4-36c97d7def3b,Maganda,5,male,"Singapore, Singapore",2023-11-12
b2842af6-0c0a-4829-a292-bcb57e99ac83,Very nice apps,5,male,"Kampala, Uganda",2024-05-25
5f753853-9937-4ab8-9492-b6830d02d1ea,Big yes,5,female,"Perth, Australia",2025-12-29
86b2b2ae-3a59-4df5-ac4b-0b1f2023ab96,Fun,5,female,"Rio de Janeiro, Brazil",2025-05-06
c37748a0-df2c-442c-9c35-9a5dcce77213,"i like tik tok, every day i watch TikTok 🥰🥰🥰🥰🥰",5,male,"Chennai, India",2023-11-21
0da61d5d-0665-4598-af07-fd46ba67529b,You cancel this or not you report on police faster report you now,5,male,"Toronto, Canada",2024-09-26
2afa1607-597b-4102-898e-50390756f0ca,Wow,5,male,"Singapore, Singapore",2023-12-17
430f98b4-6152-4def-b1e0-f3cac0e1120b,I love it,5,male,"Abu Dhabi, United Arab Emirates",2023-12-18
e3162bc8-8fbe-4c3e-9238-8d541cbac398,Terbaikkk,5,male,"Madrid, Spain",2023-07-03
5447e615-f904-443d-b66f-4065c1f536b1,I I love tiktok because nice,5,female,"Santiago, Chile",2025-04-21
596620ed-45c6-4650-9bd5-2a959e71089b,Fantastic app,5,male,"Harare, Zimbabwe",2024-05-08
bfcb008d-b744-4cf1-9dc6-240bb436e3c0,I got more followers,5,male,"Shanghai, China",2023-12-16
5eed06dd-07bd-439c-bf04-a1fbecf24ea1,Angganda Ng TikTok subra hahaha i52,5,male,"Cairo, Egypt",2024-02-20
8ccd6ab5-c900-4bca-b87f-84f6c51275be,A like this app but please don't ban me😭🙏,5,male,"Athens, Greece",2023-07-09
9254d672-f4d9-45e3-bece-76f3a21d5028,Pig,5,female,"Arequipa, Peru",2025-03-17
5be2a6f5-4d9e-42bd-ba65-b57550e326ad,Ok,5,male,"Austin, United States",2024-06-22
7ac79331-c0dd-430f-8f43-cb2bc2b4aaa5,Enjoyable,5,female,"Auckland, New Zealand",2025-11-25
e4fe1adc-8f8b-4433-b031-019b6c40d648,So great,5,female,"Hobart, Australia",2025-10-02
47c6c1b5-42a3-4d58-9dee-b095315130db,good,5,female,"La Paz, Bolivia",2025-05-24
3690a8b9-d6b4-42b9-82d1-1b492156b88a,❤️❤️❤️,5,male,"Kumasi, Ghana",2024-06-04
04cd9c23-f46d-4fe6-a3cb-ed9ea5bebc26,"Hi,,I like tiktok",5,male,"San Jose, United States",2024-06-15
9114e9be-5d60-4865-9b01-678302f0c5e3,Good app,5,female,"Hobart, Australia",2025-11-16
27813d7e-cbce-41f9-908a-ba9d568d3713,I think okay,5,male,"Tokyo, Japan",2023-10-02
b3aa07a1-d8dc-4279-97fa-3f4bcd1ae69e,good,5,female,"La Paz, Bolivia",2025-06-15
6bfdbc0e-b4f9-4102-b3c8-5b6efa3e44b4,I love tiktok and I want 10.0k folowers,5,female,"Canberra, Australia",2025-10-08
0522ea66-d968-4f37-bc6e-43932bddcdc8,Ang ganda talaga nang TikTok nakakatanggal nang pagod🥰🥰,5,male,"Cape Town, South Africa",2024-06-07
3b836a2d-baa2-49da-9b56-fb94b08cb591,Good,5,male,"Cancun, Mexico",2024-11-30
9ea84feb-11ef-4015-bf00-fd75f0e9e0aa,napaka ganda ng mga filters!<3,5,male,"Osaka, Japan",2023-10-03
b270ca02-1576-4b82-923e-56e73af562a3,gg,5,male,"San Antonio, United States",2025-01-02
1ff8feab-4004-4aca-92fc-15b4ecdcba8f,Gg,5,male,"Paris, France",2023-08-03
97f0c9e5-c4af-4b58-8968-fea6056605dd,"First i think nobody watch my videos , and then in the videos have some views they are watch my videos , im so happy that day",5,female,"Suva, Fiji",2025-10-01
9e3fe15e-7bfa-4c4d-a8b9-37d31a37abc6,Good,5,male,"Athens, Greece",2023-04-29
06b70272-4524-4f52-8fb2-a4865fff875e,good vibe,5,male,"Tripoli, Libya",2024-03-02
5dfb6ed6-6129-405b-b31d-32566badb574,nice apps,5,male,"Philadelphia, United States",2024-06-29
2e6b285c-dce8-4d3f-bb5d-7de3335be814,😉,5,female,"Córdoba, Argentina",2025-05-30
4da098bb-8864-4b2e-a6f5-5218b04936b7,Good,5,male,"Abuja, Nigeria",2024-04-19
43cb01c7-7f10-4971-88ab-727eb41b97d3,beautiful app,5,male,"Dakar, Senegal",2024-04-10
db4e4007-6e4a-4ecc-991f-5cfb1d26cdf5,🄸🅃🅂 so cool and pretty all omg thank u tiktok u made my day but sometimes u banned me but its ok i guees,5,female,"Perth, Australia",2025-09-03
5b534463-aa5b-43a3-9050-4a2751c2c084,good,5,male,"Jacksonville, United States",2024-12-22
62dda747-6c19-4163-bbe8-88a5df139401,I love this app,5,male,"Quebec City, Canada",2024-09-22
ee26d316-8fb8-4eae-942b-23cf294c5182,က hh,5,male,"Phoenix, United States",2024-09-20
8127318e-2e9f-42e2-ace0-0a9e6ca7208d,"this app really cheers me up, when i'm bored, i always open this app and scroll my fyp, and this app also gives me some motivation Thanks tiktok",5,male,"Guadalajara, Mexico",2024-07-16
170c8a99-a560-4190-83db-5f22bb3c2eaf,Tik tok,5,male,"Riyadh, Saudi Arabia",2023-10-14
adacfee4-a903-4de0-874a-9266c7ead607,amazing,5,male,"Boston, United States",2024-10-25
7d07ea74-2284-439e-ae34-97e46bbeadb8,A few minutes early so we are looking forward for a while ago by sin is me ot DG phg to Friends and family information on this email is not a few of my life with and family are well I think it would have been in touch and let them in a while to Friends and family information about your company is me ot Jes mg tv shows a few of my resume and cover with foil balloon payment for letting us use the same a while ago but haven't a while to Friends of Israel is not available on the phone with you to hh,5,male,"Hong Kong, China",2023-09-13
528a8a6f-fe17-4f9a-aa90-8b6fbe878ea1,Best!,5,male,"Algiers, Algeria",2024-02-23
e03dfeb3-3284-4806-85fb-5dcfe263304d,Tik tok ❤️🔥,5,male,"Denver, United States",2024-10-24
fb17a827-d805-4e56-a317-3bc8180f3045,Nicee,5,female,"Montevideo, Uruguay",2025-04-07
77a4afd5-2905-4fa4-bf25-d42caad67c39,Very nice,5,female,"Santa Cruz, Bolivia",2025-05-21
84bbfdd3-c699-441e-9edb-9328e1c17022,This is so much fun and make me dance so I won't delete it but I so great the dance's looks great but does it make adds? But is the add are there is so annoying when there are adds is annoying but I won't make it some add,5,male,"Rome, Italy",2023-06-19
f7f29cd0-9e23-41f2-a546-6c496444202d,Love it,5,male,"Lusaka, Zambia",2024-02-14
e001f80c-679d-44fb-8a59-de8023d6d077,mahal na mahal kung tiktok,5,male,"Los Angeles, United States",2024-07-18
3f492387-681b-43d1-9669-d2a74d2348dc,I love you,5,female,"Bogotá, Colombia",2025-04-19
7bc0f75f-ab0a-4036-aa38-82a1fea447c8,I enjoy watching tiktok videos. Hahahaha...,5,female,"Melbourne, Australia",2025-12-06
ceacb681-0713-4500-9a74-851151093289,This app is very entertaining,5,male,"Kuala Lumpur, Malaysia",2024-01-06
ae024058-dd58-4e75-b3d0-e512059094fd,Im happy,5,female,"Hobart, Australia",2025-12-15
2745293a-302e-4532-9aef-2acc8ab49878,Good,5,male,"Jacksonville, United States",2025-02-01
e16089ed-e018-4c22-b318-1c004a48702b,This app is more funny vedios wathced i give 5 star for this.,5,male,"Guadalajara, Mexico",2024-09-16
59436b19-1266-44c8-a5db-5d43d395632a,Wow very nice!!!,5,male,"Oslo, Norway",2023-08-04
5a61db68-077a-4860-87a6-e4fb58ff0e6c,👍😍🌈♥,5,male,"Edinburgh, United Kingdom",2023-04-20
a2f4a56d-ab61-446f-a7e4-def9ed39e20b,I love TikTok bat my accounts but my account band in no raisin,5,female,"Brasília, Brazil",2025-04-24
5910294c-54c9-4dc6-ba0a-c3de3813fa55,Nice,5,female,"Tijuana, Mexico",2025-02-17
89c62d1e-8a7a-437c-a4af-ed70a1172fc4,Wow yjis si frineds ,5,female,"La Paz, Bolivia",2025-05-24
cfcf9709-e4b2-4ef0-9a85-f0f73aa10eec,Ilike this app,5,male,"Lusaka, Zambia",2024-06-03
c659cbc9-bfcc-4d9c-b87f-2d5e70a1b5af,"Thanks you anyway this #TikTok is great social media i give this 5Star for me so many funny moment, i love it so much..",5,male,"Lusaka, Zambia",2024-05-04
311eabbb-8b14-458b-a229-67c67e00b9c6,👍👍👍👍👍💫💫💫💫💫⭐⭐⭐⭐⭐🌟🌟🌟🌟🌟,5,male,"Vancouver, Canada",2025-01-15
2af5702f-a6d7-476a-bbbe-e3f464f13bb6,Love this app soo much 😘,5,male,"Brussels, Belgium",2023-05-12
90a0ba27-9c94-4f57-941a-e954b5a82ae2,Iki,5,male,"Shanghai, China",2023-09-10
b72d8ed8-911a-465d-9a45-608775ee18dd,Nest,5,male,"Montreal, Canada",2024-09-17
b22bb7c0-35ca-4f4d-bc35-1bfd07fc98dd,Very Easy to use,5,male,"Chicago, United States",2025-02-04
4657072b-4b9f-4925-843b-4c9c56be9b3a,TlkTok,5,female,"Brasília, Brazil",2025-07-23
c1b7541d-6f62-4baa-95c2-96fde88b88d3,like,5,male,"Dar es Salaam, Tanzania",2024-04-21
49f4b622-8517-431a-b289-db18581cf954,Ook,5,male,"Johannesburg, South Africa",2024-02-11
62fb48ad-d893-490b-933f-e58c3dd1fdac,Love it,5,male,"Doha, Qatar",2023-11-05
abe780f0-e8e8-4be4-aa42-6cb35e6c36a7,Good,5,male,"Calgary, Canada",2024-07-20
ddf5acab-8321-4113-837e-bdf74a394558,Very great,5,female,"Hobart, Australia",2025-12-22
aef6c2c9-2c9b-47a0-9f74-d3504605834d,Its a good app for people who wants to get some refreshing or get rid of boredom,5,male,"Philadelphia, United States",2024-10-19
08599d48-ab13-47dd-86c4-32a9bfee7dc0,Good,5,female,"Arequipa, Peru",2025-07-29
529ad53b-7af8-47fc-9363-e1b5a330f54b,Your stress well be gone,5,male,"Taipei, Taiwan",2023-11-14
c69d6ec3-1c25-4955-b9b3-6ed0b3e1d634,Like,5,male,"Kumasi, Ghana",2024-06-03
4dc70a83-1d5f-492b-8146-0020129b73b5,no bad but no money,5,female,"Philadelphia, United States",2025-02-14
db6fb07b-115f-42dc-a4ab-49ca13f380f3,Best,5,male,"Beijing, China",2023-10-02
f149f3da-787e-4d2e-823f-f42b3c79ea9f,♥♥♥,5,female,"Asunción, Paraguay",2025-07-06
258111a9-041d-41cf-936c-ecea63a30ddd,Awesome app with lots of new features,5,male,"Houston, United States",2024-12-08
47aeaaf7-faca-4183-8344-78291f6d02fc,ok,5,male,"San Antonio, United States",2025-01-04
6af77565-9340-43b5-8b48-0961c14c3256,Ok,5,male,"Zurich, Switzerland",2023-08-10
6902c836-af54-41c1-973c-5d5f53145b2e,Nice apps,5,female,"Auckland, New Zealand",2025-11-26
cb759502-8c82-41aa-9e51-0afd75138366,Butipol hehhe,5,male,"Lisbon, Portugal",2023-04-25
c97a1a4b-1420-4b9e-8a0e-03fc8b78106b,This is so good,5,male,"Geneva, Switzerland",2023-04-03
74c5021d-6892-44b5-927b-53e2d0f22e1d,This app is usefull,5,male,"Copenhagen, Denmark",2023-05-08
00cebde8-e178-482b-a35f-454c985bcb36,Good experience,5,male,"Phoenix, United States",2024-08-10
91399859-48b1-46c6-8544-e080431cac89,Cyrine malaca,5,male,"Denver, United States",2024-07-07
c6341ea4-93eb-4459-b656-7226427af475,Good,5,female,"Wellington, New Zealand",2025-10-17
a25decf1-6339-4ced-8b5e-d848b53264b4,Bersama Di Wilayah Celcom,5,male,"Dakar, Senegal",2024-02-22
fefceea0-d2b3-458e-aed3-de5643ed1a7d,I'm satisfying TikTok app,5,male,"Tunis, Tunisia",2024-01-15
59e8aee5-ce0c-4b83-81b6-1190f5cc8f94,poko,5,male,"Washington DC, United States",2025-01-11
e0e3d88f-5497-4d53-9813-b63677c80c39,Tik tok terbaik,5,male,"Calgary, Canada",2024-07-30
bfb2c69e-28ab-4b5c-bece-01b624bbb6d3,Ok,5,female,"Toronto, Canada",2025-02-08
c0e0a32c-2646-45bd-80e8-9ea58cb4ccdc,Very useful,5,male,"Seattle, United States",2025-01-01
65746555-0960-4936-8edb-1babc81aaa9f,Thank you for creating this app. Such a life saver. 🧡🧡🧡,5,female,"Calgary, Canada",2025-03-05
29281dd2-8b30-4842-8de8-f469d664d00b,Love,5,male,"Cancun, Mexico",2024-12-30
3f1c2953-73ec-4978-8eef-cd9eb4ec11d6,Easy to use,5,male,"Amsterdam, Netherlands",2023-03-29
939ea37d-0cf8-4b7b-9562-f6009d5e9ced,It's da best pero dili kog paka drafts 😔😔🥺,5,male,"Mombasa, Kenya",2024-04-14
97897379-7d75-4e22-875f-269e9789e70a,Jedag jedug,5,male,"Kumasi, Ghana",2024-04-08
55e791b6-3f41-480d-81ec-06e4c6b96f3d,This is nice apps,5,male,"Toronto, Canada",2025-01-27
47806907-339c-4637-b8bd-96eb2ac97373,Really good apps,5,female,"Santiago, Chile",2025-06-06
d65719eb-ea54-4823-b868-2d4993bac66e,Nice and very good apps...,5,female,"Valparaíso, Chile",2025-05-28
e85f5707-2301-4098-88ee-67ebe1789bb7,Iloveyou tiktok,5,female,"Asunción, Paraguay",2025-06-01
f79a9a32-e49c-46e8-a8bc-7d52da479203,Good for my free time and waiting for someone who not sure to me:),5,female,"Medellín, Colombia",2025-07-24
91e33fc4-e396-4666-8380-6a6bdc26976a,Good,5,male,"Lusaka, Zambia",2024-03-20
401a1680-d068-4ba9-aa5e-063ec6dce16c,best app,5,female,"Wellington, New Zealand",2025-12-26
ea3cc327-6ee6-4933-8a7c-2d0dc11187b3,👍👍👍👍👍👍👍👍👍,5,male,"Krakow, Poland",2023-05-05
36199ed7-7db7-4fc8-a5e2-627f2103cf27,Beutiful vedios,5,female,"São Paulo, Brazil",2025-05-11
d52609b8-4981-4366-a53d-7400ed2550b7,Nice,5,male,"Philadelphia, United States",2024-08-18
3f7093d7-8510-45e3-8461-8d8889567d4e,Richardflora,5,male,"Alexandria, Egypt",2024-05-01
c17a43a7-a60d-498b-96a8-55cb50fdf0ba,Good app,5,male,"Calgary, Canada",2025-01-04
74be4220-52da-4135-bdec-47fa2acd0388,Very interesting..,5,male,"Windhoek, Namibia",2024-01-17
b06d52df-7076-43a1-a5c8-7c6bb2b9404b,Terbaik,5,female,"Lima, Peru",2025-06-20
0d2e29a9-6733-497f-b542-c0fdbe2c12ac,I love you tiktok,5,female,"Wellington, New Zealand",2025-12-15
5681e727-e5ab-4917-8a3e-8b6fa67745e2,Good,5,male,"Dubai, United Arab Emirates",2024-01-06
624c6f35-9fe5-47b2-9cc7-d664197f4080,"Fun, entertaining, educational",5,male,"Krakow, Poland",2023-06-27
f5f0819c-cac3-4e56-a9c1-dc25e784f2a6,Stop banning for no reason it's really annoyingly disgusting my friends kept getting banned for no reason FIX YOUR BAN THINGY FREAKY THINGY FOR WHATSHEJWJWJSJSJJAJSJ JUST FIX ITTTT AJD ILL RATE IT 5 STARS AND PLS UNBAN MY FRIENDS ESPECIALLY Cessyamileah and itzmeayahh,5,male,"Kampala, Uganda",2024-02-16
a4ce24a3-5371-4f05-8ea9-419bad922b2f,Good app,5,male,"Dallas, United States",2024-08-06
295d87c1-f5ab-4df5-9aa9-7bf822215a2f,Just another dimension of social media in express,5,male,"Hanoi, Vietnam",2023-09-13
bc50a8d8-c336-4317-8ae7-d63c2dfcacdb,New trend,5,male,"Cancun, Mexico",2024-06-26
0afd296f-16a5-472b-af22-575c4987a529,Kay name,5,male,"Algiers, Algeria",2024-02-09
93d36dcf-5751-4050-b499-ef827cd57934,Nice app it really give me most beautiful things that i don't recover,5,female,"Lima, Peru",2025-07-04
76c8758a-b394-4ba6-8002-d72c58bb6905,"I forgot the email address that I used, but I don't know on how to retrieve it. Please make any way to know the email address that I used.",5,female,"Montreal, Canada",2025-02-10
910b20fe-d507-4d03-8ef4-c401a333203b,I exprince to dance 😁✌️,5,male,"Alexandria, Egypt",2024-02-24
068e0bef-cee7-448c-a2d2-d9577cf06438,This app is good,5,male,"Athens, Greece",2023-08-04
3e001a71-9c4a-488e-8abb-5d58f21dd5e6,Very nice,5,male,"Johannesburg, South Africa",2024-04-18
cd74904d-1057-492d-8381-beae78601bf4,Because TikTok is beautiful,5,female,"Queenstown, New Zealand",2025-12-21
899b3eb9-95b5-4700-932d-ec88ec8bdb79,Good,5,male,"Dublin, Ireland",2023-05-18
c573ddbd-f568-4822-86d1-6b06eeff4e64,Nice,5,male,"Brussels, Belgium",2023-05-30
3422f409-cc50-4cf7-97c5-cdbb50edff31,ilike this app ❤️,5,male,"Jeddah, Saudi Arabia",2023-12-14
76a58f9e-fdc4-47d0-b60b-8d520b2b476b,Verrygood,5,male,"Brussels, Belgium",2023-07-30
243ab2d4-4fdd-40bb-b684-9facbd50f7ab,Cool but if I'm using load my load it gone,5,male,"Tijuana, Mexico",2024-11-04
7fc4c491-5de6-4b54-b5c5-e4cd975b5fdb,Good,5,male,"Ottawa, Canada",2024-11-25
fcd7a4fa-b8e0-4a7a-8436-1dbfbc37e326,Not bad,5,female,"Córdoba, Argentina",2025-08-02
c1a3d12f-8d05-4a37-b6df-e46e1b9660d9,Great app,5,male,"Vienna, Austria",2023-06-19
bb74f33f-736d-4313-a2ef-91055469eb67,It's doing good,5,female,"Rosario, Argentina",2025-07-08
5bdaa748-2824-4343-a2d2-7a39b0ed520b,LOVE THIS APP SO MUCHH,5,male,"Los Angeles, United States",2024-10-29
eec72e57-b960-40a0-a3e5-d50d938a7cce,Goood,5,female,"Valparaíso, Chile",2025-03-28
fd2f620c-2e17-4568-aff2-775277843f58,Uwu hahaha crazy tiktok,5,female,"Fortaleza, Brazil",2025-03-19
ad668fd2-5307-4e37-bd74-d0244605895d,Masih bisa,5,male,"Tunis, Tunisia",2024-01-19
cf10705c-d038-4388-b449-bb6197d1e526,Fun games,5,female,"Los Angeles, United States",2025-02-09
d30302c7-3257-4c25-92be-78ffcd0710b4,Fun app to edit vdo clips,5,male,"Dublin, Ireland",2023-05-06
0c731bfd-ee2d-40d5-93e3-b89100ee0b16,Entertaining,5,male,"Jacksonville, United States",2024-07-08
051e26f1-c378-4495-afd7-a739aa321d0d,😍😍,5,male,"Lusaka, Zambia",2024-06-05
4089ffc5-07ca-4f84-9945-e88a7eadb2f0,Very intesting,5,male,"Cancun, Mexico",2025-01-04
094035e8-f64d-4e6f-9b31-22a36ab698e9,bunso21,5,female,"New York, United States",2025-02-08
45309bf8-39c7-4437-aadb-14091505917e,I love this platform. hopefully my account will reach more views and like❤️😊,5,male,"San Francisco, United States",2024-09-22
01c3ab2e-4f0a-4909-aed1-8499c851f8a9,Its realy fun,5,male,"Shanghai, China",2023-12-31
6ff11daa-6a00-41c6-8da3-fd7e4f0ca9a2,I like this app,5,male,"Taipei, Taiwan",2023-08-19
9e2e4cb8-7d2e-4016-b817-5ab6537fbabd,ang pangit ng app nato hnd guma gana pero ok namn,5,female,"Gold Coast, Australia",2025-11-10
c4c53841-72a7-4705-941a-4cda4af77452,Awesome,5,female,"Brasília, Brazil",2025-06-27
b1cca594-b254-47a2-82c1-da1e8c7caf64,I love it 😘😘😘😘,5,male,"Guadalajara, Mexico",2024-11-07
fcdc3c89-7ef3-4323-a805-f8cf61976a28,im so happy,5,male,"Cape Town, South Africa",2024-03-14
7ac24c6f-8138-4630-8faf-234b61679971,ok gg,5,male,"Kumasi, Ghana",2024-05-09
a6a66b16-e0c6-4548-b673-1fb3e2f7612c,This app so good 👍👍👍👍👍👍,5,male,"Paris, France",2023-07-07
e3b39b2a-c847-41ad-9b8f-9e4124719bd4,なくなった,5,female,"Toronto, Canada",2025-02-18
d5ca4a0f-42f8-4553-a4a2-c1d4594db743,LJ,5,male,"Beijing, China",2023-09-27
a0831ba4-a365-4fe5-9eb0-84d5108c6f9d,It is easy to use this app and I like it.,5,male,"Abuja, Nigeria",2024-01-15
0586423e-9c64-4cbf-8b2a-4122d8ccdd09,God is love forever ✨🕊️🙏🏻,5,male,"Lagos, Nigeria",2024-03-02
9869673f-af4a-4948-9f67-15fce6d9b833,𝙶𝚘𝚘𝚍 5 𝚜𝚝𝚊𝚛,5,female,"Santa Cruz, Bolivia",2025-04-03
c6a17e24-a87d-43eb-8afb-206f5c53d350,"I really appreciate this application tiktok thanks a lot i am enjoying for making Video,i hope i have a little dreams for my Video become A Trending My Video Thank you Tiktok",5,male,"Bangkok, Thailand",2023-11-14
91906a3a-c71e-4dda-aa40-3c5730c1202c,Nice,5,female,"Nadi, Fiji",2025-11-23
b5fba541-c2b0-4892-900d-0cde188dc5b8,good,5,female,"Washington DC, United States",2025-02-23
172acf62-0322-4f6c-9aa1-f47d2c557a8e,I love it,5,female,"Fortaleza, Brazil",2025-06-11
2e7ad17c-51af-480f-baf8-5f3db14f8299,easy to use 😉,5,female,"Brasília, Brazil",2025-06-06
bde6ab5f-64f8-4400-96b4-2960a0f071e4,My experience to this tektok to how to focus and relax your day,5,male,"Harare, Zimbabwe",2024-01-28
7cddb58c-2a4e-478c-9f60-1db09ea31279,"Aaaaaararrrrrrrrggggggghhhhhhh!!!!!!! Its so awesome omg,omg,omg!!!!",5,male,"Guadalajara, Mexico",2024-11-09
7c41137c-f71e-4a9d-ad68-849816d59917,i really like this,5,female,"Quito, Ecuador",2025-06-18
bfda5e4c-fa91-43bd-8cd3-dcbfed1c698a,so beautiful and amazing so mzny girls dance and boys😍💖,5,female,"Canberra, Australia",2025-09-30
e10803e9-45cc-4ac1-a1fb-6c147eb2aee2,Welcome to titok 😊,5,male,"Kampala, Uganda",2024-04-16
c51cbdbb-33e0-4a43-86e8-aa12403a5820,Nice,5,female,"Fortaleza, Brazil",2025-04-06
4dbde5d2-b418-47e9-85f7-b1925fa811bb,very nice,5,male,"Hanoi, Vietnam",2023-09-06
e76c9416-4705-47fb-a4a5-045f5c73002f,Yes I'm in,5,male,"Lagos, Nigeria",2024-04-17
07fbdd62-c37d-44d1-b6a0-b8a87979cfff,Amazing,5,male,"Houston, United States",2024-12-24
fccd86c5-99c6-4dab-bbde-359baf9eb1ec,Very Nice app,5,male,"Vancouver, Canada",2024-10-25
0e253ed1-1dc6-45f8-8676-68b3a7e3b826,this app is so amazing it tells you what the latest update in the world I love this!,5,male,"Tunis, Tunisia",2024-02-10
faf53b7f-a214-4108-a866-fe8479f4938c,terbaik mudah senang gembira,5,male,"Casablanca, Morocco",2024-02-12
712e5dbb-949e-46e5-bcc3-b116916e79ac,sk,5,male,"Bali, Indonesia",2023-08-20
a235d0bc-8976-4e5f-81c5-38b154a94947,Set as wallpaper plsss,5,male,"Helsinki, Finland",2023-05-26
7e6a5303-9b57-4822-a46d-5090016e5b5f,Nice app,5,male,"Vancouver, Canada",2024-12-10
7a9301f0-3b96-4681-9d16-3646dfc5feb8,Nice apps,5,male,"Brussels, Belgium",2023-07-13
9167bef9-fefd-41e5-9f94-65cea7b831f4,ufke,5,male,"Vancouver, Canada",2024-10-06
e212803c-dabb-47bc-8fdc-d3b0db50b746,Love tiktok🥰,5,female,"Sydney, Australia",2025-08-20
358a56e1-aeb5-463b-98ec-9f1d8afad463,Bes do,5,female,"Sydney, Australia",2025-09-18
5c8eda78-e5f4-4c5e-9478-20d9257e909e,"Thankyou TikTok,napapasaya ako.",5,male,"Tripoli, Libya",2024-06-05
1cfb8e0a-6baf-40d7-8f1e-d92476ed9d23,Magsayaw,5,male,"Paris, France",2023-04-30
f3b060e2-0da3-4b18-91b8-dd0ba27c91e7,Napakaganda ni ito na ang inyong in install hindi kayu mag sisisi,5,male,"Seoul, South Korea",2023-11-24
202c22e6-7d38-4c1a-838d-fa18685c28f2,Good,5,female,"Brisbane, Australia",2025-08-11
227f09de-f421-48eb-a0ab-94c9bee6bc5a,👌 excellent,5,female,"Gold Coast, Australia",2025-09-02
ed87b0d2-be7c-41aa-8063-7aa8c4ddcd46,Very Easy To use,5,female,"Rosario, Argentina",2025-03-20
de219d36-dacd-4be0-a33d-514e847259e6,I like it 😁,5,male,"Marrakesh, Morocco",2024-05-14
8c65ebf7-ad29-4617-bf47-0553c28ee555,Mor pawer,5,female,"Nadi, Fiji",2025-11-18
4e030f22-e49c-4a18-a24c-fff0c41a038d,Good n very best,5,male,"Geneva, Switzerland",2023-05-24
87919870-a6ea-4dc8-a0d8-0998db12af57,Flat form tengah hot sekarang,5,female,"Cali, Colombia",2025-05-11
29c66782-b4c4-4b70-99f1-343ae64c7b70,Yes yes oyow,5,male,"Lusaka, Zambia",2024-03-22
34757ad7-dec9-4678-b0d5-28faef6f4e9a,Sana ma update 😭,5,female,"Montevideo, Uruguay",2025-04-13
30f3f360-2978-48cb-a7de-43005a4eef52,👍,5,female,"Dallas, United States",2025-03-02
095601c5-adc9-45ed-a2ba-af699963191f,I love tiktoking it is cool but i don't have alot of followers plss follow plss follow me name Jaive laurence Alfeche plss follow me,5,female,"Brasília, Brazil",2025-03-13
32b5c70b-2f1d-4a12-9747-141569ce48e2,Good,5,male,"Durban, South Africa",2024-02-07
183e508b-75ea-420d-b5e9-96e113cf041f,This is the best beautiful social media app that I use because a lot of Good and beautiful effects and also very helpfull to forget my stress,5,female,"Asunción, Paraguay",2025-07-17
bb4549fb-de0c-45e1-8bc9-e6bd56388960,Most of my free time I used this app. Best app for relaxation.,5,female,"Ottawa, Canada",2025-01-27
915f07d6-e7a3-4b90-bca9-75264f4350f3,👍👍👍👍👍👍👍👍👍👍👍👍,5,female,"La Paz, Bolivia",2025-07-10
32c1d024-a1ca-489f-95de-caaf89798879,Fun and enjoy,5,male,"Alexandria, Egypt",2024-05-10
9327c480-766e-4b4b-a947-16b76f5f4a2b,Very good 😊,5,male,"Delhi, India",2023-08-22
90634a13-9d9e-4fe5-9bc5-cd5d839d9fb3,Good,5,male,"Quebec City, Canada",2024-11-14
ac509911-cc0d-4254-b521-a5022ce910ab,Good good,5,male,"Phuket, Thailand",2023-10-10
5a3c8177-230d-4ddc-ba5e-e8c6c93b81a5,It's amazing find new friend,5,male,"Vancouver, Canada",2024-12-24
0c580a39-2076-4b82-9a46-be7062ddce47,This app is great and giving me more motivation in my editing skills regards in my gaming video editing i hope for more nice update in this app,5,female,"Jacksonville, United States",2025-03-02
b0397008-7960-4c79-9c32-aeb24a4f2f34,"apk nya seru banget banyak video hiburan nya dan masih banyak video yg lain.pokoknya seru deh kalian harus donwload deh..............""''......^_^ <_>.......",5,male,"Singapore, Singapore",2024-01-01
76feac48-a850-4545-ba0f-1fb3afc953b2,I'm happy and learn more,5,male,"Singapore, Singapore",2024-01-02
c01b66ab-013b-4fe3-9df6-6767e6f7394c,terbaik,5,male,"Chennai, India",2023-10-10
895f40dd-63d3-44f8-830c-ab99ee28a87e,"Hii somehow this new update make mw can't access tiktok? It stuck at the logo of the app, my phone's brand is Vivo y17, please solve this tq",5,male,"Geneva, Switzerland",2023-07-10
12ad8077-500d-4091-94a5-b39ee839d615,nice app,5,male,"Addis Ababa, Ethiopia",2024-03-09
21a8d93f-b165-4617-b2bc-48996098cdfb,Very good,5,female,"Suva, Fiji",2025-09-14
1839d9dc-69f2-4738-a29e-599e412f8be5,This is cool app,5,female,"Adelaide, Australia",2025-11-29
bf3936b9-f39e-461a-9c18-ab10727f09f0,TikTok Terbaik,5,female,"Brasília, Brazil",2025-04-20
f69fcbcb-aa0d-40d9-98b7-4013a88d6c36,ok,5,male,"Casablanca, Morocco",2024-03-27
2c4b64c7-7a49-47e5-9d31-42075f048824,I love the TikTok cele🥰,5,female,"Santiago, Chile",2025-06-20
028802af-b16f-4cfc-9f80-d6347473769a,This is so good I like it,5,male,"Cape Town, South Africa",2024-02-08
a1362669-e6df-42c7-83fb-846120d07f2a,hvi,5,male,"Houston, United States",2024-12-27
e588ceff-5ab6-4af6-b9a6-c30270ba03c3,This is cool,5,male,"Austin, United States",2024-10-12
ed499065-66d8-4a9f-af60-8f910c5d7f57,Its very nice,5,male,"Munich, Germany",2023-04-30
54239051-1d35-4778-88a3-2ae1fb00d9c2,Extention,5,female,"Medellín, Colombia",2025-03-11
7f893532-c465-4fbd-8d33-48a7ab6c5ced,I'M GOING TO BE A GREATEST TIKTOKER ☺😘😘,5,female,"Santiago, Chile",2025-07-04
735b3d31-7b12-40ef-86cf-5e7d539646ab,Nice,5,male,"Seville, Spain",2023-07-17
15e830d7-10c1-4abf-8a5e-7c1b0422a213,I need a more followers then like or viewers,5,female,"Gold Coast, Australia",2025-08-22
a807d290-fbe7-4cae-9e1a-d161a5f5482a,It's fun!,5,male,"Tel Aviv, Israel",2023-12-16
d9eec3b5-cb45-4981-9dbd-3db73afd3f1a,Very nice,5,male,"Addis Ababa, Ethiopia",2024-03-07
b4215978-52ba-437e-a39b-fc2a3dafe5e4,Awesome,5,male,"Copenhagen, Denmark",2023-04-25
d1a90685-dc2d-4ad8-b4c8-de1a96d4c995,Because the tiktok is a great video,5,male,"Frankfurt, Germany",2023-07-13
c84a0488-c7a4-4760-9087-2fe8dac5d571,Okayy lng,5,male,"Madrid, Spain",2023-04-03
a3f38985-2fa8-4de9-a216-ff34528476db,So entertaining. Stress-reliever of mine. Thank you.,5,male,"Austin, United States",2024-11-21
7a2f28a9-6b44-4837-b06c-04bb6306d968,I Like the apk,5,male,"Chicago, United States",2024-08-28
5c1ce8a1-ed54-490b-ade2-0a3758077347,terbaik,5,male,"Stockholm, Sweden",2023-04-08
a3d6f898-9ec1-4e76-a085-9bc6d555729a,Nice,5,male,"San Antonio, United States",2024-12-09
6bdeb129-6ac9-4b72-96da-83d8c9c4a96c,Impressive,5,male,"Jerusalem, Israel",2023-10-30
493a8e05-7b41-4083-a09d-b73319ee2d3d,i like this titok,5,male,"Addis Ababa, Ethiopia",2024-01-16
18fe0f7d-d054-4bd0-8ee2-b205c36ee824,Good app,5,female,"Brasília, Brazil",2025-04-17
a9fe8d68-2765-44fb-9d56-8137d2e429c0,Maganda,5,female,"Bogotá, Colombia",2025-04-09
8cdd74f5-c4d7-4dcd-b341-e203a53f11fb,Good apps that informs and its nice,5,male,"Johannesburg, South Africa",2024-03-07
488e7af4-048b-406b-8980-41be3121e137,Jj,5,male,"Tripoli, Libya",2024-02-10
2f9fdf3d-d733-4214-9196-017ad786c6d7,สด มณีศรี,5,female,"Santa Cruz, Bolivia",2025-05-04
3947b413-c3f3-4153-8291-610c17df9ca1,we are love all titok,5,male,"Jeddah, Saudi Arabia",2023-08-25
db4ffc91-e78d-4e2e-ba02-da92a6a4d11b,I can't get messages in live and my videos always show but I can't see it the comments,5,female,"Adelaide, Australia",2025-12-10
9c612324-5efe-4e5b-a057-7a6739a1f4f1,happy,5,male,"Marrakesh, Morocco",2024-01-18
5a462f68-3b85-4a6e-966c-a3bd053aabd8,ေမ့ခ်စ္အိမ္ေလး,5,male,"Cape Town, South Africa",2024-05-25
91144bb1-7353-41b4-8a99-010d60077ada,Excellent,5,female,"Monterrey, Mexico",2025-02-17
3636d691-57c1-4571-b412-3c272b943fa7,Ok,5,female,"Perth, Australia",2025-10-11
a09ff73f-d8a4-409f-8459-0f6640d20cd4,I'm still very new in TikTok but it's really awesome 👍🏻⚡,5,male,"Ottawa, Canada",2024-12-25
68111def-b8f6-4aa7-929b-0148a3f2a5e8,😭😭tadasapalaq,5,male,"Seattle, United States",2024-08-14
ee19b596-495b-4e8e-b57a-f41a3c83b337,this app is so so so good,5,male,"Abu Dhabi, United Arab Emirates",2023-12-09
2181327a-ca79-4da4-bb5d-b2d77c8c6d14,Wew,5,male,"Birmingham, United Kingdom",2023-05-29
bb7215ce-3d59-4f84-8ecf-e0ac640124f7,Ok,5,male,"Beijing, China",2023-12-26
b9f36af6-eb83-407f-a5b4-c775aac74474,Common Tate w,5,female,"Brisbane, Australia",2025-10-22
44ff316f-e481-4f34-a671-ab24c754198d,Good,5,female,"Nadi, Fiji",2025-12-27
ccc6751a-b056-4127-8348-41bfd4740c32,Hi im slsj a tiktok is good,5,male,"Phoenix, United States",2024-11-09
ed1f3da2-8596-4273-93f4-b1b062af214d,Nice entertainment app,5,male,"Mexico City, Mexico",2024-07-01
fd51474d-4c35-4474-8fec-79731c5dd51f,Wow im sow happy,5,female,"Canberra, Australia",2025-08-07
c393f66e-a60a-4be9-9641-9cec205c7a1e,👍,5,male,"Dallas, United States",2024-12-24
fb1db4e7-ed03-4a14-b2df-54386f7b6d58,Good,5,male,"Jacksonville, United States",2024-08-20
58488ee5-9fbd-40b4-8a2f-54f18179e398,very good,5,male,"Kathmandu, Nepal",2023-10-09
08c9101d-9aab-4e73-a3ef-607a7e9d64d9,I Love this app❤️,5,male,"Kumasi, Ghana",2024-03-21
fd0e53da-8b72-4f01-ab1f-133f6eff3f99,love it!,5,male,"Frankfurt, Germany",2023-06-01
4ae694da-23ff-4bec-a20b-52433654fb93,Love it so much😍,5,male,"Seattle, United States",2025-01-10
c59e1b1d-fc39-40dd-920e-3e947bdf51fd,thanku,5,female,"Chicago, United States",2025-02-12
c66cd512-d31d-4d3d-9111-2758b5a386a2,Nice,5,male,"Brussels, Belgium",2023-06-20
d9781b64-ecc8-4e13-944a-5bf0e703a2c9,enjoy,5,male,"Tripoli, Libya",2024-01-19
d6b328f6-1cd2-4c23-afef-306814f4487f,This apps is awesome 👏✊👍,5,male,"Seattle, United States",2024-12-11
1d46e313-ee05-4b72-90e5-21cd6782e1d8,Great app but can you please add an image options when ur friends with someone like the thing where you can send images,5,male,"Windhoek, Namibia",2024-02-17
d7e66b3e-35fa-406c-aab1-cd2145db7254,1080p,5,male,"San Diego, United States",2024-07-28
57059434-1091-4e72-8df5-9f971cd448da,I love it super enjoy,5,male,"Riyadh, Saudi Arabia",2023-12-27
cc0316aa-c246-46dc-8a14-47cd80060ef8,Nice!,5,female,"Medellín, Colombia",2025-03-15
c3074ce7-cb33-4421-b579-5d2f8ed33a9c,I love this app ❤️❤️,5,female,"Los Angeles, United States",2025-02-12
9edebebf-4e4d-40df-babe-005e68d3486b,Pls give me some viewer and follower pls,5,male,"San Diego, United States",2024-10-18
f62baf9b-6c3d-416f-85a3-2c9f27fe2381,I like tiktok,5,male,"Mexico City, Mexico",2024-11-12
76bdd023-2d12-4a9a-adde-581e7dd4118d,OK,5,female,"Quito, Ecuador",2025-05-26
2b70abf0-422b-43d3-842e-5bdb759b89b0,is so good 😊 👍,5,male,"Washington DC, United States",2024-10-04
f0814807-5c55-423a-a08f-4f8a259319c1,Tiktok was so good and nice so I give 5 star,5,male,"Calgary, Canada",2024-06-16
c5f78882-604d-4202-864a-f049a079afd6,Nice apps,5,male,"Hamburg, Germany",2023-06-23
ccfd57a3-8fef-4e31-a8b7-7f3312531060,good,5,male,"Athens, Greece",2023-06-11
d3e300a8-7bec-4ab6-a9b2-705e9eb397ef,Superb👍🏻,5,female,"Auckland, New Zealand",2025-08-16
2871293e-55aa-48fd-84fe-202e1037232f,Good.,5,male,"Cape Town, South Africa",2024-02-09
7a31e986-c6c4-4553-96e0-87ffd124a1dd,Like tiktik,5,male,"Addis Ababa, Ethiopia",2024-01-25
e80f729e-be51-4a9d-a797-72214069516a,Enjoy,5,male,"Glasgow, United Kingdom",2023-06-11
4a255429-c632-42ab-bfed-755921a36801,⭐⭐⭐⭐⭐,5,male,"Lyon, France",2023-03-31
54a86749-6534-4b4b-a83e-9f041dee7cac,I love this app for me this is the best app ive ever had☺☺☺😊 Its somuch fun to make a tiktok and also you can make vids here,5,male,"Zurich, Switzerland",2023-07-23
01521198-a83e-4792-b577-9beefe47262d,Isang araw may nakit akong bat na baba at lalaki kinohako silang dalawa at pinakain ko sabahay ang dalawan bata tinotologan nila ako sa gawain bahay sobrang bait ang dalawang bata at ang sweet nilang dalawa kaya tinoring ko silang dalawa na kapatid habang buhay ay kasama ko sila ang wakas bsijhkqnqjaoqnajaoqn1hzoanqioqwuxhqbwsoqusoqbxwushab1osb1sb1sojjs1s hs91hs81hs818shdbeizsiqbsiqnonnhroanwojksodowjsinsobdzbwoaqusbwoouqojjiqbbiijqjabaiawjsbsjsoqndjsjakqnjzkqsjjqjswiakoqns jaiajwisjwijwiwjiwjwi,5,male,"Casablanca, Morocco",2024-05-08
da98dd2a-5a06-423d-9848-d9faaf7118e2,Aqeela qardishan,5,male,"Boston, United States",2024-11-12
9ff47a60-0bc2-429c-bcfc-eda9edaa11e3,Ok,5,male,"Lagos, Nigeria",2024-05-25
d0bb1dab-6c8d-47b5-b769-ca4575e30433,Cool,5,male,"Taipei, Taiwan",2023-09-14
312da3c4-5d78-472f-8b62-9c1f82d1628c,Senang bina networking di tiktok,5,male,"Harare, Zimbabwe",2024-05-29
d5cf2801-4902-4b15-b33e-25b9a68777a7,i like tiktok..cni blh simpan memori,5,male,"Mexico City, Mexico",2024-09-11
b0600d43-d2f6-438f-823a-282c300c539a,TIKTOK IS SO BEAUTIFUL B E A T I F U L # V O N O R D O N A,5,male,"Rabat, Morocco",2024-05-02
817f7c8b-e63e-40b6-9432-44ff7daff6ce,Nice,5,female,"Asunción, Paraguay",2025-06-17
faee0898-63af-4028-bd5e-58c2ae8328db,Nice,5,male,"Chicago, United States",2024-10-26
3d5a7194-cfd5-472b-ab46-90d273a4d56b,Good superb,5,male,"Guadalajara, Mexico",2024-08-31
85b34fd3-4533-4b08-9c4d-8d80a1883b8b,..nice,5,female,"Rosario, Argentina",2025-06-23
bc6c2ce3-b266-4312-be2d-99b0df0a7910,Nice app.. Very easy can use...,5,male,"Monterrey, Mexico",2025-01-06
31e70d5f-2664-43d7-ab29-53458f98cdd7,Baguss,5,female,"São Paulo, Brazil",2025-04-21
db9a67e3-71b2-4cf0-a2c7-c170a76a8976,so byotepol tikok,5,female,"Nadi, Fiji",2025-11-14
5a5f7b95-ddbf-434a-9ffb-ef08c30f1707,Very nice,5,male,"Cape Town, South Africa",2024-06-08
555b3462-3e05-442e-9cef-8543913b4c22,maganda at nakakaaliw,5,female,"La Paz, Bolivia",2025-06-07
4178462d-9330-4d58-80e5-aaa9ee79582a,Happy,5,male,"Valencia, Spain",2023-08-14
d54c16cf-a1a4-45f8-af9b-2cbe3f2c55ab,"very good world no.1 tiktok app. thank you so,much.",5,female,"Córdoba, Argentina",2025-07-21
1b1fd6f5-d449-45b9-954b-97e6ab459847,Love it,5,male,"Hamburg, Germany",2023-07-20
c055a030-bb59-4967-b404-14c3ada30791,A lot of fun,5,female,"Bogotá, Colombia",2025-06-06
8f19afcb-ebda-4333-b8d0-84a10fb318df,Awesome.!,5,male,"Beijing, China",2023-09-16
425433d0-d8e5-4064-b1ef-8f93ea40a692,Im verybhappy to use tiktok,5,male,"Shanghai, China",2023-11-02
fc8d0f0c-66a6-43da-8212-155a7092079e,Give me back my acc!!,5,male,"Dubai, United Arab Emirates",2023-12-12
2e316052-d4f6-4563-8f7a-b1a889793726,Very good App,5,male,"Seattle, United States",2024-12-30
7397cc26-8177-4c48-94cb-5ba6df4c5c80,STFU,5,female,"Córdoba, Argentina",2025-06-19
0e415c53-b97b-43dc-8107-2aeb6d023599,love you tiktok,5,male,"Phoenix, United States",2024-09-05
baa151c2-a7ba-4101-a9be-a21bd14e7668,Oh my god ahahah this app is so funny tho,5,male,"Cape Town, South Africa",2024-04-18
1c40bf45-a134-4c24-9056-16ed313a1b56,Like it,5,male,"Lusaka, Zambia",2024-05-12
abc711f4-22a9-4ffa-b9ec-7776c96d6603,i really like the new update of tiktok🤩,5,male,"Delhi, India",2023-10-23
5da6609d-bc61-4d16-ac2f-900081c7f61f,ok,5,female,"Valparaíso, Chile",2025-04-18
f07fbd93-ccf6-45d6-bd84-c141c34ebc6a,Good app,5,female,"Santa Cruz, Bolivia",2025-05-03
a2a7e44e-ae78-4ae5-a0bd-ac38b698cc96,Nice.,5,male,"Bangalore, India",2023-10-16
d1d25517-bf21-473f-93f1-66028b4c8368,It's fun and stress relieve,5,female,"Gold Coast, Australia",2025-11-17
0040b662-8dd6-4f63-9f5e-7eb3bde41a71,Thank you I Love Tik Tok THANKS THANKYOU TOO......,5,female,"Gold Coast, Australia",2025-08-05
bdd98c36-6cde-4785-ac66-4a72753f7915,Very good application,5,male,"Amsterdam, Netherlands",2023-07-07
f09116cb-7cec-43ec-924a-f9e2fc838033,I LOVE IT ❤️,5,female,"New York, United States",2025-02-11
085d25f9-d26e-47cd-839a-1770ede2d3db,Kyawsoe,5,male,"Beijing, China",2023-11-10
e59cb8de-6ecd-4d79-a399-9b437c5c7b18,The Best Entertaining and Informative App there is.,5,male,"Marseille, France",2023-06-09
d3033f24-1df7-4062-b1cc-8e651cb52b30,Nice app,5,male,"Jeddah, Saudi Arabia",2023-12-29
a586ce8a-937a-4421-b279-8d452d8cf2eb,Ok,5,male,"Manchester, United Kingdom",2023-04-24
a2351f8e-50de-4b0c-994d-5c933f822ea5,Well,5,female,"São Paulo, Brazil",2025-06-29
e5fc1d7e-2eca-4fea-bfc5-0b4bb111fdbc,please TikTok balik mo na acc ko please,5,male,"Madrid, Spain",2023-04-20
fe32177e-d1f0-4409-b77e-66ad959042fb,joejoe5622,5,male,"Shanghai, China",2023-11-06
306ad916-d040-485f-9b68-3abd62f09907,I love tiktok because if i have a problem i watch or tiktoking on my cp,5,male,"Lusaka, Zambia",2024-06-10
37ba5653-d898-4ee7-986d-ae9cf05c1345,Rac,5,male,"Lagos, Nigeria",2024-06-11
83e22efc-c13b-41fd-9ceb-cf7e1d79b682,want more benefits,5,male,"Glasgow, United Kingdom",2023-05-08
22a15ff5-c6d3-407c-b198-e51b7f1f8f5b,❤️,5,female,"Buenos Aires, Argentina",2025-06-21
55986cee-f504-4b41-a8d5-69dcc75efe6e,Good,5,female,"Guayaquil, Ecuador",2025-05-31
d5d73fb9-071e-4c20-8e1a-a5a2629d6ce6,So cool,5,male,"Houston, United States",2024-08-02
b9f4b4d0-e1cd-49b1-aed4-3c5da896849f,Love,5,female,"Buenos Aires, Argentina",2025-04-04
1c6ca85e-1932-4cf2-a7b7-91719b188466,The new update is so very good 😊😉,5,male,"Hamburg, Germany",2023-04-13
a58a064f-6dff-453a-8bf2-6ddc46dbb3f8,It's nice,5,female,"Quito, Ecuador",2025-07-17
0ac645b9-1bf3-41af-a58f-e7e1ff672d96,Update,5,male,"Tijuana, Mexico",2024-11-21
207bb1be-3571-4f4f-9dbf-488477f74656,What the heck,5,female,"Nadi, Fiji",2025-08-19
315eff19-0244-48d6-b16f-8db52dcd8ff9,It's so cool,5,male,"Guadalajara, Mexico",2024-12-10
9739b952-2243-4aac-8064-ef61b8736e03,Wow,5,male,"Lyon, France",2023-08-08
a5e1414e-0df5-4004-a160-0a958ed73e0b,Oky,5,female,"Perth, Australia",2025-09-02
c53f7813-cd9f-4c3f-9464-7fbcb6c1d599,Good,5,female,"Austin, United States",2025-03-01
8e4aceb0-9f43-47f5-80c2-7975e41eae77,Good apk,5,female,"Suva, Fiji",2025-10-11
fe28e8a7-39d2-4143-935d-1b1e8239dbe5,Verygood,5,female,"Melbourne, Australia",2025-11-03
7e83c8b8-82a3-4e64-b52d-f6bfc1e6f1bd,Nice app,5,male,"Philadelphia, United States",2024-12-14
5ac7c74c-2f80-4de4-971f-9ef9ecb6a279,Tiktok is nice because I can post and I can live,5,female,"Hobart, Australia",2025-11-10
42a938d3-796f-4649-a741-d91b93bf98c8,Good apps,5,male,"Phuket, Thailand",2023-11-11
4114dc0b-00be-49f7-b7fe-0855c655413c,Heights,5,male,"Copenhagen, Denmark",2023-06-03
2124db6c-68e9-46c1-a05b-2ae9507ef8bb,Nice for intertaining,5,male,"Dakar, Senegal",2024-04-02
513352e6-3aa5-4178-adbe-b23c1fe55724,The best tiktok,5,male,"Hamburg, Germany",2023-07-23
af28c08b-13e9-42e4-ae92-50e0bfbf932a,Good,5,female,"Canberra, Australia",2025-10-12
d4c8a15f-fc6f-47e3-b2d0-7778001d351c,Nice 👍🙂 not bad really not bad 🙂,5,male,"Dublin, Ireland",2023-08-13
2b0d28d0-ea0b-42a0-8aaf-6113e3ce1c28,Good,5,female,"Suva, Fiji",2025-09-21
a7cffe4a-46ed-4731-8182-aed6ef21f91c,Ilikeit 100%,5,female,"Mexico City, Mexico",2025-02-09
119ac5d2-ee0e-4245-a986-78e3c540df8a,My crush is handsome,5,female,"Cancun, Mexico",2025-01-27
0359ecaf-b58d-4a9c-b839-3d0f682cc383,Ok,5,female,"Auckland, New Zealand",2025-08-24
9e8e11e1-c51b-45dd-a275-31d41e2f820c,💖👀,5,female,"Asunción, Paraguay",2025-04-17
398eead3-46b9-48e9-b508-4b7c86d66327,Very nice,5,male,"Boston, United States",2024-11-30
fc239de4-6b8e-4d7f-ae5e-f460a183a52c,So nice 😍,5,male,"Edinburgh, United Kingdom",2023-06-03
65f18d1d-a54b-4d06-90af-2fdc4690a40f,Good app:),5,female,"San Diego, United States",2025-01-29
d5634bbb-d1e2-4714-b826-e73679e7518c,Love,5,male,"New York, United States",2024-08-19
a27ac183-29fb-44c6-a16b-81eee1a24233,Soper good wow,5,male,"Seoul, South Korea",2023-10-09
5446c9cb-4b93-4e73-99b7-d224041d26a4,👌,5,male,"Delhi, India",2023-12-26
9a5ee9e8-be61-4006-9fd3-c2c4b44f2903,Everything is best. I love this app but I don't like one thing in my I'd the option of dute is off and I know how to open but I was go to open but option isn't open,5,female,"Christchurch, New Zealand",2025-08-27
1cf3b471-f663-4b2a-8ce9-f5e9c12efafe,Bbb,5,male,"Accra, Ghana",2024-04-10
71d8cc42-0079-41d8-8b23-35c2dbe8b385,Good,5,female,"New York, United States",2025-03-08
a44c4824-4635-4ee0-889e-ea51dd252d5f,🤙🤙,5,male,"New York, United States",2024-06-14
f5f59988-6d80-4f16-8822-5ba36005aff5,Review,5,male,"Manchester, United Kingdom",2023-04-13
2b7001a5-dc49-47c9-b1e7-0d85cd42a2c6,I like tictok cuz it's so funny and it's gonna cherrr me up when I'm I'm depressed 😔 or not in the mood,5,male,"Geneva, Switzerland",2023-07-10
5ca3c675-2a63-4513-8a8a-33a13d39219a,great.,5,female,"Melbourne, Australia",2025-12-13
aa7da01d-d8de-4f7e-9412-4c91c10133d0,This good,5,female,"Cancun, Mexico",2025-01-25
9fd58cb6-17c3-4626-a440-ab8326327a37,😘,5,male,"Dakar, Senegal",2024-01-15
e1e63369-8da9-4bfd-8f79-61421cf7ab01,I love itttt so much,5,male,"Budapest, Hungary",2023-05-24
840b1f0f-a972-4680-938d-e0c52e9f1f92,🥰🥰🥰🥰🥰,5,male,"Shenzhen, China",2023-09-30
a83ac5bf-44ba-4886-acb3-82ba345e7f6b,Love this apps it make me get more friends,5,male,"Hong Kong, China",2023-11-26
1796d029-63cc-4a6b-9f5b-a66b11906a8a,This TikTok is my favorite apps and my favorite hobby when I'm bored😉😉,5,male,"Lusaka, Zambia",2024-02-28
6d8a46a4-1192-4bbc-af50-84abce725609,"It was nice, it gave me entertainment..",5,female,"Perth, Australia",2025-10-23
ea91b23f-f5b9-4c25-a035-46778068a867,Very nice to dance,5,male,"Valencia, Spain",2023-07-15
be905c0b-3a55-4220-824a-079651bbc313,really nicesorry app,5,male,"Chicago, United States",2024-10-27
eb5115bc-7f2a-46eb-bc5d-1c204a35bb54,Nice,5,male,"Lagos, Nigeria",2024-03-05
c10734e3-2c7c-4779-9d0b-2118575fa793,I very like titok,5,male,"Marrakesh, Morocco",2024-02-26
b7fe6223-dbad-4ff6-a9a7-9709d80bda69,Good views is low wjjwjwjewj,5,female,"Washington DC, United States",2025-02-28
56748412-c6b6-49bf-9d31-a84258fbb0b7,Its fantastic to watch on TikTok,5,male,"Barcelona, Spain",2023-04-13
add13670-4709-4976-912d-ef41002d9813,Good nice nice :):(:-D,5,male,"Casablanca, Morocco",2024-03-03
f3f32ebf-0450-4a99-b401-006a3406d78b,Zyrine parcon31,5,male,"Dar es Salaam, Tanzania",2024-05-14
bcbe9fe1-8a24-4eb8-8309-3218276c9378,This is great,5,male,"Tokyo, Japan",2023-11-17
579ec0d6-3c87-4f82-8c3b-9f6a305acf18,Tot,5,male,"Warsaw, Poland",2023-05-03
23b141a9-1a8d-434b-ac34-575cdd837b74,Update teng to may tiktok,5,male,"Chicago, United States",2024-07-06
2662f1b7-da02-4261-990f-18c3f48647ef,very good very nice,5,male,"Singapore, Singapore",2023-09-02
31ea7ff7-d7a5-461a-a273-501b0f1bc00d,Love it,5,female,"Adelaide, Australia",2025-12-20
ef80a47d-03e1-431e-9e2c-1e2191fbff84,so beautiful,5,male,"Jeddah, Saudi Arabia",2023-09-15
e3516e68-8032-4d71-956e-276e57d193ad,It's nice,5,male,"Dallas, United States",2024-12-24
55b300f9-fffc-4a24-8add-f19247eee439,missnaktabalikkana(charot lang po mwapss😜),5,male,"Phoenix, United States",2024-09-08
6ec04837-7d68-47e4-a382-098d9397cb38,All goods,5,female,"Montreal, Canada",2025-01-31
062982f5-ee1e-43f2-b7fa-55ccb621c777,I like tiktok,5,male,"Marrakesh, Morocco",2024-03-12
7bc2de7e-8818-4b8d-8ac9-8aa44e2b82a7,best,5,female,"Montevideo, Uruguay",2025-07-24
b3f4859a-4827-493e-928a-ea6a668d83f9,More Fun in Tiktok,5,female,"Quebec City, Canada",2025-02-07
e536d37f-3547-48a7-8d5c-73467f47d328,This app it's great👍,5,male,"Chicago, United States",2024-11-22
5369ab6d-bf88-431f-acd1-2bd9df30fb6b,Good,5,male,"Houston, United States",2024-10-18
99d11afa-7b51-4ba9-abbd-71e21356514a,Zgpod,5,male,"Prague, Czech Republic",2023-06-03
bcd2267d-36db-4719-ae5b-d76c9c985047,Hummmm,5,male,"Boston, United States",2025-01-02
89b9f0b1-a692-4602-aba4-07c2d7275f23,Well well well,5,female,"Cali, Colombia",2025-07-30
54fb97f5-148d-4ab9-9650-4a3a86160332,🫰🫰🫰,5,female,"Salvador, Brazil",2025-04-06
99df5bfe-cb54-4ac9-87a2-465672d4cf26,Amazing,5,male,"Budapest, Hungary",2023-04-16
08b481fb-55bb-40db-a73c-6adb9a6c1439,Nice,5,male,"Tunis, Tunisia",2024-01-29
5932f415-ef0d-4104-940f-8d484524e155,I want to be sharing relevant videos and pictures to inspire other viewers. I have found my reference and basis through tiktok. I just don't like vulgar words and indecent posts. Some things lustful and carnal I disapprove. All the best to tiktok. This platform gives motivation and insights to those who are seeking and willing to learn,5,male,"Abu Dhabi, United Arab Emirates",2023-08-28
1fe0337e-a7ec-4f17-b9ec-f1aae43acb00,Nice,5,female,"Córdoba, Argentina",2025-03-21
b4a10a9b-6248-4eb9-861c-7de2adbd1573,ok,5,female,"Perth, Australia",2025-09-11
4be1b7f5-1188-4449-917f-c9f054fae7be,It's so cool,5,female,"Denver, United States",2025-02-20
2731ebd0-3718-425c-a1cc-d5274cb02324,Nice,5,male,"Seville, Spain",2023-07-11
fd5e4799-d450-4fc1-919d-7231c94cd36f,Ok,5,male,"Dallas, United States",2024-08-15
312b19c0-2da8-4c5c-a883-f6f81310586b,⭐⭐⭐⭐⭐🌠🌠🌠🌠🌠,5,male,"Harare, Zimbabwe",2024-03-18
397d9b48-4c17-41a7-b813-93262b26f264,❤️❤️❤️,5,female,"Buenos Aires, Argentina",2025-03-26
e078161c-7b12-4ac9-ad21-f1d9e15437fa,nangsengingNHKawSengIng,5,female,"Buenos Aires, Argentina",2025-04-01
6a8c56ba-295d-4fd3-8d9e-af0c0d782a3e,Pls justwork on my tablet,5,female,"Brasília, Brazil",2025-03-31
50858958-94a5-45bc-a3cb-a2d89fcbe8f7,Lpokolp .imm Okm,5,male,"Manchester, United Kingdom",2023-06-22
b7961a99-3a74-4630-8244-7bfca9317fe7,ediots,5,female,"Salvador, Brazil",2025-05-25
da2890c0-91e9-4de5-9647-6b8afd23880a,May,5,male,"Warsaw, Poland",2023-04-19
6f456d06-6157-486a-847b-3dd5f2704152,You can get it done before the election and I will be there in about the election of Abraham and the election of senators are the election results of the Wisconsin primary results and winning the election and I can do it you can do the election and,5,male,"Karachi, Pakistan",2023-12-02
e37174f3-a341-4883-8e8d-4e3564b19d65,♡lope ii^^,5,female,"Sydney, Australia",2025-10-15
a4a7b495-a5f9-4f7d-8eb5-4696032ea111,Bicouce itong app is maganda,5,male,"Osaka, Japan",2024-01-06
7c0cf530-4cf6-46ef-a047-228a5c4c3dad,Usable app,5,male,"Marrakesh, Morocco",2024-04-09
bf0799a6-973c-4236-a1f7-cc996a8cb2f2,Awesome,5,female,"Medellín, Colombia",2025-06-26
ba7cb57e-0b0b-485e-8c73-d53a652b0d33,it's really nice app.,5,male,"Marseille, France",2023-05-05
1c5125b9-274e-4c3d-add2-ce24fa83ebb3,Keeps Me in Good vibes every day 🙂,5,male,"Lahore, Pakistan",2023-11-16
f70785ce-1c06-49ac-abb0-f6a1a122f4ac,Fun and good,5,male,"Casablanca, Morocco",2024-03-29
7d0d9a35-2aff-44bb-9b6b-61fbf3d7fdfa,Ok,5,male,"Ottawa, Canada",2024-09-30
0345f555-2ecd-4a38-a020-31b8f9bfefc7,Amazing,5,male,"Rabat, Morocco",2024-05-02
de09d433-706b-4dc4-8d51-0043083934a7,❤️,5,male,"Rabat, Morocco",2024-04-29
a79fabea-b7f5-4825-b26f-8ba8935dbb46,Bagus bangat seru scroll tik tok,5,male,"Lagos, Nigeria",2024-01-20
00e8edad-39c9-47e4-b08d-3ddaa6071aad,Masaya tong tiktok,5,female,"Perth, Australia",2025-10-24
488b829e-43ff-45b7-b032-34a699a23552,I lab it,5,female,"Suva, Fiji",2025-09-20
d64951a8-cfb1-4ec3-9ad5-a718224c8ecc,👍😊,5,male,"Cairo, Egypt",2024-03-11
9f9fb72e-8ea7-4500-b08d-07ef22a4e818,Veli nice n gooooood,5,male,"Windhoek, Namibia",2024-06-07
da9cf1df-9573-4e2f-b36c-f6e1b5751e1e,I love this app❤❤,5,male,"Kumasi, Ghana",2024-01-29
bb2ba003-621d-413b-8c4b-218672cd8f31,Wow,5,male,"San Antonio, United States",2024-08-21
4cb0cbde-3b4c-49bb-a1cb-2c2895e76a89,hilarious 👍🏻👍🏻👍🏻,5,male,"Marrakesh, Morocco",2024-04-27
fc5b09d5-ecb4-4e77-b2d8-a994e8332287,Good,5,male,"San Jose, United States",2024-11-15
9a56bedd-279b-41ae-b6f8-98b6c9af94e6,Tiktok is da best!,5,female,"Gold Coast, Australia",2025-09-02
a37a291a-1571-4fad-bfeb-58933f3636eb,nice and make me happy,5,female,"Gold Coast, Australia",2025-08-18
8ab7c181-ce1a-49e8-8de9-f1843c64f761,it's annoying sometimes but it was great and I'm so happy that this app was created,5,male,"Rabat, Morocco",2024-03-24
6b91a305-05f2-40e7-9f8b-7122b6e26963,I love this app so much ❤️,5,male,"Dubai, United Arab Emirates",2023-09-12
49223bd6-fb79-4b5b-872d-bc48d26820be,I love this app,5,male,"Hong Kong, China",2023-11-18
f366bf72-33ef-4013-87d6-beed517dd5d8,Like,5,male,"Prague, Czech Republic",2023-07-14
8948ac86-0fe5-41ba-8eb8-cdd478190e3a,ည့ကငသူည,5,female,"Fortaleza, Brazil",2025-04-13
23d4b623-64ed-41f0-bafb-bb74b7351666,ល្,5,female,"San Jose, United States",2025-02-13
9d60f2f0-fed3-458f-ba52-9d3bf625a0ff,wow nc tiktok,5,male,"Ottawa, Canada",2024-06-21
feb071da-9c08-4b35-8274-f30314fa9b4f,I enjoyed using this app,5,male,"Vancouver, Canada",2024-11-09
25c1c540-397a-4793-a392-815237ecc382,Ahhahahahahah,5,male,"Budapest, Hungary",2023-06-02
bc10b255-8fb5-46a8-947c-ae8881dfcd25,Very nice to watch more videos ☺️,5,male,"Munich, Germany",2023-05-13
01c7747c-fb2f-4413-a1ff-a912bf74698b,suka begete,5,male,"Kuala Lumpur, Malaysia",2023-11-01
59670c46-4e3c-4ffa-8707-609ca306abfe,Ggg yang bikin,5,male,"Barcelona, Spain",2023-06-13
28847c1d-0044-491c-ac09-d694c4c3ca24,The Best App that i installed,5,female,"Montreal, Canada",2025-02-13
927e63cf-0478-447d-b3af-101b9eeaa4a8,🙂🙂🙂🙂,5,female,"Rosario, Argentina",2025-05-17
cf5f6184-d1d8-48af-9cb9-5784c858d7ab,This is good,5,male,"Manila, Philippines",2023-09-19
653c97e8-0fe2-438b-a76f-df01c0e9e733,It's a cool app.,5,male,"Tunis, Tunisia",2024-06-05
42a32b2b-4e25-4103-b337-0e81fbc1a2bd,Like the apps through some of the content..,5,female,"Córdoba, Argentina",2025-07-21
6ee3a82f-5ef0-43fc-8c88-3c194206611a,I really² like this is app i cannot tell how good this app are😭✨ Assalamualaikum i'm form Malaysian☺✨,5,female,"Gold Coast, Australia",2025-12-28
dd29aaf3-20f0-46cf-827d-f9271ee7b220,TikTok is so fuuuuuuuuuuuuun,5,male,"Dallas, United States",2024-09-12
eaf8429f-c398-4ac1-8f76-601fc960b4eb,Ok,5,male,"Monterrey, Mexico",2024-10-13
7e78138e-9c8c-405d-a7c2-147314547462,give me fyp 😝,5,male,"Monterrey, Mexico",2024-11-05
644d6703-f444-4f72-befe-3a019d398134,Pls give me my account back,5,male,"Rabat, Morocco",2024-05-10
60fcdb8c-d059-4466-8eb1-518e298d1620,Is so cool,5,female,"Rosario, Argentina",2025-03-29
b2fcb92c-b341-4e3c-a02a-d68b6d330a8d,Why I don't see tiktok shop in my account?,5,female,"Sydney, Australia",2025-09-11
6ae8d753-92eb-4be1-8205-371eabd8d402,It's really good app it's useless to get Tokyo's shirt it's good get award,5,male,"Dar es Salaam, Tanzania",2024-01-22
250cba51-5bd6-4cb1-846c-83d7202bba56,I love tiktok. It's fun for me. And I'm enjoying it.,5,female,"Montevideo, Uruguay",2025-07-09
10b80feb-eea0-4c0c-aaad-7102359c19c2,like it,5,female,"Perth, Australia",2025-08-31
60685abe-62ed-4d02-8bf4-6bde4ceb09d2,Good,5,male,"Boston, United States",2024-07-20
84c1f621-71bc-4dd3-a2b2-5e195f620f84,I like the app,5,female,"Canberra, Australia",2025-10-03
bef9d90d-4aaa-42ca-940f-bf96f1487cf4,Very good tiktok,5,female,"Salvador, Brazil",2025-07-09
5cd2a480-2477-481d-a9ef-c01f35935c7a,Good,5,male,"Lusaka, Zambia",2024-02-06
2cfd7ec5-045e-4233-a5c5-322836757491,Cool app i got alot of followers,5,male,"Cairo, Egypt",2024-03-07
52b824b2-db41-42ab-9ec7-67e99249fabe,Loved it,5,male,"Washington DC, United States",2024-11-17
4dd3f489-cf14-412e-b86b-0f1409b4ca37,Its great imao,5,male,"Lagos, Nigeria",2024-01-29
146afc98-2296-47bc-b55d-7838918654f6,This app is so cool!!!,5,male,"Harare, Zimbabwe",2024-04-22
f49f8766-b5e3-4d78-832c-4d7846ed92f4,Ddd,5,male,"Rome, Italy",2023-08-09
7e46b465-bea9-4f77-b871-cd9a1869fdd7,Titkok is the best stress reliever... This app makes my day more happier.. And sometimes it's also my comforter,5,female,"Medellín, Colombia",2025-07-29
75db567f-8e54-4634-b915-9bdfa854d2cb,look so nice,5,male,"Guangzhou, China",2023-12-02
861b2078-3425-4b83-8fb6-5f1188d7ad91,So amazing,5,male,"Hamburg, Germany",2023-04-07
ef8de79c-4e2a-4352-ba4c-31f60e0f8974,So far do good!,5,female,"San Francisco, United States",2025-01-31
9b44c15e-05b7-4b34-90fb-b8d6a26fa387,Very fun,5,male,"Bali, Indonesia",2023-10-27
26c0a935-94cf-49ff-a2ee-4a64217eac3d,Because I make fun hahah,5,female,"Adelaide, Australia",2025-12-28
6dd79852-fa73-40f8-b4fe-f8c8ee4b7466,Very good,5,male,"Stockholm, Sweden",2023-05-27
84834a9c-627b-4bb9-bee8-0688c8aae163,Wow,5,female,"Sydney, Australia",2025-08-24
2992620e-a1ff-42b8-a702-3c32b602110c,good,5,male,"Amsterdam, Netherlands",2023-08-05
6b01cfc5-16d1-4430-900b-a8922bfde4bd,good,5,female,"Seattle, United States",2025-02-18
b216070f-8316-44c5-a952-4eed7a2ec4d6,I want more viewers please TikTok give me 🥺❤️,5,female,"Christchurch, New Zealand",2025-08-29
33c9a152-30f0-434c-8c9c-ba5d4d0fa659,Leee ma kg buy,5,female,"Córdoba, Argentina",2025-07-29
49b72cf6-5010-4e1b-82fb-5337896d2f71,Nice app for self expression,5,male,"San Jose, United States",2024-11-05
7b6bdaa4-012b-4aff-86e4-1c0b303a4b2f,Good watching,5,female,"Valparaíso, Chile",2025-05-06
5a7bcc59-f21b-46dd-bf71-bda777f2da8e,I like TikTok app,5,male,"Singapore, Singapore",2023-09-06
5b357ef2-0c1a-4299-b7b3-cba0a4457b8d,Goods apps,5,female,"Santiago, Chile",2025-06-30
45b2a156-baac-40a1-bba2-47b5904d5f33,Good,5,male,"Jeddah, Saudi Arabia",2023-10-27
e2301bb4-b36c-4107-81b5-22c2761b53a1,Best thing!,5,male,"Glasgow, United Kingdom",2023-07-13
4e787026-cb9f-4b7b-bdf7-215b26265024,i lab it,5,male,"Milan, Italy",2023-04-01
cc598ccb-f477-41ad-ae53-41a3ff19febe,I like this app Soo much you made my day,5,female,"Lima, Peru",2025-04-12
980f2932-620b-4b4c-95e4-ea20dea82e18,"i like ""repost"" fitur 😍",5,female,"Wellington, New Zealand",2025-12-01
af09d379-42f2-44b2-b9d2-7ef05de49b2f,10/10 app,5,male,"San Francisco, United States",2024-10-01
2c446f6b-26e9-4c2c-a3d9-b35ea7d49c06,It's so cool I love it,5,male,"Karachi, Pakistan",2024-01-11
e638e3de-2524-44ef-9fec-cb38dd85030b,good👍,5,female,"Adelaide, Australia",2025-10-08
a2efcbe5-3818-482b-a39a-af15496fd688,i live,5,female,"Port Moresby, Papua New Guinea",2025-10-22
c12bca5e-aa0b-4e51-b221-c53bc6eb9bd7,It's fun,5,male,"Guadalajara, Mexico",2024-06-12
06a77e13-6ad8-4f57-855a-c56cdcfd9c21,It's so nice I like this and I can video with it down load na,5,male,"Athens, Greece",2023-07-08
6dae6e3b-34f6-49c4-b395-d2ff9e5f75ff,Nive app,5,male,"Hamburg, Germany",2023-07-18
79eb6910-e37c-45f3-87ce-5222f8f4971a,Love it ♥️♥️enjoy it,5,female,"Philadelphia, United States",2025-01-23
d6fc6a68-a6e1-4c44-bd3f-dfd4db210f14,so ez,5,female,"Los Angeles, United States",2025-01-16
743d222f-812f-4e09-9312-4109b1eda41f,been,5,male,"Chennai, India",2023-09-04
c6c14a46-bb10-4a92-a4d0-d18387cd03e4,Good,5,male,"San Antonio, United States",2024-08-10
34cffc8d-6726-47ee-9622-313c502fc868,good,5,female,"Santiago, Chile",2025-08-03
a1196e9d-a4ca-463f-85e5-382eecce6faf,👍🏻,5,female,"Guayaquil, Ecuador",2025-07-23
702be5a9-f4a0-4877-a4cf-7a7001da77cd,Very interesting.easy operations and open videos.,5,female,"Brisbane, Australia",2025-11-14
158a5ed6-1e90-4de0-8449-2c30f89a3682,I love the vids,5,male,"Tijuana, Mexico",2024-11-09
d3b35483-d3d9-4855-ad51-95f822431707,Rochlfrillon Grade.6.11..11.2015,5,male,"Jacksonville, United States",2024-12-22
c71951df-1124-43d8-81ad-618802737e3d,Does deleting your videos remove likes from your account? I deleted some of my videos but the likes on my profile doesn't decrease. Some people say deleting your videos will also delete all the likes from your profile. Please Answer me😅,5,male,"Vienna, Austria",2023-05-12
2d517f1e-63f6-4de9-b508-a082932b1cea,Wow,5,female,"Suva, Fiji",2025-11-10
0aa8aa9e-3a80-44f8-94a8-629a2974f9a8,Very good,5,female,"Wellington, New Zealand",2025-09-09
b4d246a1-06c5-4abd-8ead-972efae87587,I love you tiktok,5,male,"Phoenix, United States",2024-09-16
f5a384e1-42af-4d4b-b3f8-be606d937b4d,Very,5,male,"Mexico City, Mexico",2024-06-26
bafc98ee-2c03-4b6e-b95c-a98573a13916,Rachel love kyle,5,female,"Adelaide, Australia",2025-09-04
450dd730-3dd4-42af-95b2-d5acaa47c03a,🙂,5,female,"Canberra, Australia",2025-11-21
fac55ca8-0c37-46b8-8c39-354923f207b7,im so proud this company,5,male,"Marseille, France",2023-04-11
aa1a411e-5c46-46b8-bb78-2b27a5e3df16,This is everything i dont know about others opinion but... for me this is the best app ever!! Thats all anddddddddd .......................................go away noww oke oke,5,male,"Dallas, United States",2024-11-03
7bdd7425-cf65-445f-845a-f3ddc137514a,So nice,5,female,"Wellington, New Zealand",2025-08-05
8fab93d5-a028-4fdc-ad64-e10b003c1493,good app,5,female,"Perth, Australia",2025-10-24
0ca735c4-3b1e-415f-85a0-138b04e5bac9,Cool,5,male,"Kumasi, Ghana",2024-02-10
143de9e9-4adb-4da9-b4a1-302ec04b4996,Wala lang trip ko lang bat ba?,5,female,"Hobart, Australia",2025-10-11
cffbaeb4-d020-470c-b7f0-1d6e4f3db8be,I like tiktok,5,female,"Asunción, Paraguay",2025-05-22
89c1efc2-1f61-4e9f-a811-d6ab5e101269,Good,5,male,"Bangalore, India",2023-12-16
7ac6d42f-d9bb-42ea-8536-deba733f4d74,I love tiktok,5,male,"Copenhagen, Denmark",2023-05-19
25675a95-3399-4b59-a89a-40d95f99257b,excellent and great,5,male,"Los Angeles, United States",2024-09-30
fcb2d817-ba18-4753-b19a-2397a8623c03,I'll really like this app. Relieves stress and makes people feels good and happy too.,5,female,"Buenos Aires, Argentina",2025-03-30
6c9ade53-dc9e-4101-ae29-8d9f0762f453,I'm happy,5,female,"Buenos Aires, Argentina",2025-08-01
07731896-5778-42b2-a6d3-ab5fd844b276,Happy,5,male,"Bali, Indonesia",2023-10-31
a2201ed0-d1a2-49bb-9521-129c2b129bfb,Good,5,female,"Melbourne, Australia",2025-08-29
7c344334-3f41-47a6-8e9a-d656c12630a0,Please,5,male,"Accra, Ghana",2024-01-29
64147aa8-bf07-4217-a25e-3d8966e8b2b5,So nice,5,female,"Valparaíso, Chile",2025-04-05
f33f1748-6ac7-4d20-aa52-a6bd8f5d2759,👍,5,female,"Boston, United States",2025-03-03
3850d18a-c49b-4665-b8a3-ca2512bfaf9e,Terbaik banyak ilmu dapat dari tiktok...,5,male,"Washington DC, United States",2024-12-02
38854fec-d0dc-40bd-bd3b-949886c093a9,"I like this app, but there is a problem around this app, when i open it and scroll down there is an ads Always it won't leave me alone always! Can you please fix it for me?",5,male,"Shenzhen, China",2023-12-21
f706aa41-003c-4b6f-acaa-bcf0b7a82793,♥️♥️,5,female,"Christchurch, New Zealand",2025-11-22
da4a30b5-e68e-4fd7-aa80-1450191bf564,terrific. remove boredom,5,male,"Seattle, United States",2024-11-21
9f6c3467-31ef-4529-b38b-0da2a141c072,I can use his phone to see the TikTok,5,male,"Manchester, United Kingdom",2023-07-15
fcce7210-1f5e-4c37-85f5-b5e0d6355d85,THIS IS SO COOL,5,male,"San Jose, United States",2024-08-15
dbc44d60-4a61-48ec-ba7d-2a414fa38061,Like it,5,male,"Ho Chi Minh City, Vietnam",2023-12-29
4dfff261-8976-4b33-99a3-26fc54d75ac1,Tiktok lovers,5,male,"Casablanca, Morocco",2024-05-08
d2bb9f26-60f2-41a8-a099-84ef5b90b25b,This apps is so beautiful to use,5,male,"Algiers, Algeria",2024-04-11
2621531e-75d9-4b82-8b43-17e3aa8c694f,Good app,5,male,"Barcelona, Spain",2023-06-25
4bc5c0a5-a096-4521-99d1-b711bde184be,Gwapo ako 😉,5,male,"Valencia, Spain",2023-03-28
7afae887-9a00-4fe9-9117-70b4f89f9a14,So good,5,female,"Christchurch, New Zealand",2025-08-13
1b22824f-7ca3-47e3-ac0a-01ac050e6da5,Power rangers,5,male,"Ottawa, Canada",2024-10-17
a298d733-069c-41bf-af06-f5f9dde0f649,Gempak gileee,5,male,"Rabat, Morocco",2024-02-03
58117fdb-8c6d-43b5-a0e7-774f8001fbfe,Baik gilerr,5,female,"Wellington, New Zealand",2025-10-14
e59970e8-7edd-4740-a4ca-9f0f35ba0971,Wonderfully,5,female,"Caracas, Venezuela",2025-04-24
dcb8de0e-5a37-4de9-a57a-daef56d00670,Supper good,5,female,"Port Moresby, Papua New Guinea",2025-11-23
75cfde96-65f1-42dc-a889-dc283df9339c,Amizing,5,male,"Houston, United States",2024-08-18
299a2960-ad8c-4cb7-b5df-683e8d96e422,The apps is join the people and children,5,male,"Barcelona, Spain",2023-06-05
b5342dae-3d8a-472b-8e72-421144d437ec,Very nice,5,male,"Washington DC, United States",2024-09-15
6dc3eb85-a79c-47b7-9830-f3cfe2ca100e,Love it,5,male,"Houston, United States",2024-10-10
d861111f-69e4-448b-a8cf-3dddf10e887d,Very nice,5,male,"Algiers, Algeria",2024-03-30
71b90fe9-ff74-4095-816e-730e7d283c27,Good entertainment,5,male,"Singapore, Singapore",2023-12-06
ed91c5c5-127d-4191-a027-ed6e202565db,I'm happy,5,male,"Manila, Philippines",2023-10-11
a06932ca-e03d-4275-9643-df8f9fa21f7d,Its good,5,female,"Sydney, Australia",2025-12-10
9473da3b-3fb4-4a4c-af15-de93ca2cb303,Using it,5,male,"Cancun, Mexico",2024-11-18
6b73fc4f-1740-40c5-becf-880b0fe3bb88,I just like it,5,male,"Chennai, India",2023-11-26
ace23a36-b130-47ff-a86b-fde659c03b2d,nakakasaya,5,male,"Bangkok, Thailand",2023-11-20
ec71ff60-5716-43ef-8f01-96a3d6b89644,good,5,male,"Toronto, Canada",2024-06-21
73e8fec6-9a1f-4458-86ae-f24c31881c47,Wow,5,male,"Krakow, Poland",2023-05-26
02005bf2-f215-4b98-88c9-8591d46a2a85,This apps so amizing,5,male,"Lagos, Nigeria",2024-02-28
f972b2ec-007c-4c6f-93e1-b52a233a88cd,I like this app,5,female,"Hobart, Australia",2025-08-09
1db3d5a8-fa26-436a-a815-b80853b18007,Good,5,male,"Dublin, Ireland",2023-03-29
1143f007-948f-4b5a-acaf-2c4a8efb8744,Terrific,5,male,"Tripoli, Libya",2024-04-15
daec81ee-f730-49a2-abe7-ac4846af1d64,It's very very beautiful and i love it because all the artist is here,5,male,"Chennai, India",2023-08-30
4f50907f-8a04-47cc-9f40-72059b80a799,Its good,5,male,"Tokyo, Japan",2023-12-07
1888dde5-d41f-49b5-aa01-5ae64d40a083,Love this app 😍,5,female,"São Paulo, Brazil",2025-03-25
e2d7fe7b-d18e-4f5e-a036-b21182a5a062,Ok,5,male,"Hong Kong, China",2023-11-04
b1f25643-128e-48a6-8149-4b34f35321cd,Good,5,male,"Pretoria, South Africa",2024-05-30
248a4564-0fba-43ff-aed4-6159f4344dda,Is cool,5,female,"Rio de Janeiro, Brazil",2025-05-27
389a398c-332c-4762-aa80-87dd01c5c79f,Gn,5,male,"Dakar, Senegal",2024-05-13
abadf1d3-1bbb-4eb5-885b-c30853bc2015,🤓👍👍,5,male,"Abu Dhabi, United Arab Emirates",2023-09-15
048b278f-c7a4-4dcd-8b32-cbd37060efa6,I Love this app ♥️🖖🤚💅💀💋🔥😘🥰🤩🤪🤔🤒🥵👿💩🌜😴🥳👽😸🧡😹💚💙💜🖤💘♥️💘💝💖💗💓💞💌❣️💔,5,female,"Montevideo, Uruguay",2025-04-15
901278fc-1319-422f-991a-aed384e5a0ab,So cool,5,female,"Buenos Aires, Argentina",2025-05-16
1eaca17a-de5b-4da7-b3b1-aab35f59bf5e,Nice,5,male,"Alexandria, Egypt",2024-03-28
3ea4d7ba-e576-4424-87a0-815cb50c200a,Excellent,5,male,"Valencia, Spain",2023-04-05
cde4ce16-af24-4e14-8945-57a085ef8bbb,Incredible,5,male,"Tripoli, Libya",2024-02-06
eec04fa9-2b57-479f-945e-7952bac72e22,Its good,5,male,"Munich, Germany",2023-05-11
ff4fb2f4-e726-465e-b7da-1a921e876080,ARAKAN,5,male,"Pretoria, South Africa",2024-04-14
c0868a90-a42a-4d80-b466-e9ad85b284f8,Very useful and fun,5,male,"Guangzhou, China",2023-08-26
fa96ef65-5a4e-447f-a29a-badef5e0acd8,place,5,female,"Canberra, Australia",2025-10-24
c0669e93-d264-45e3-9a28-24b38c164b97,chan. chan,5,female,"Port Moresby, Papua New Guinea",2025-08-05
693ffe08-e3a7-48be-a88b-80621b86883a,hi po tiktok 99 +follow,5,female,"Melbourne, Australia",2025-09-11
b1b9aaa1-d8b3-41aa-8c68-c19697f93841,Nice,5,male,"Harare, Zimbabwe",2024-04-21
8ace0056-0173-4676-86da-33bd4bffe4f7,It's so fantastic,5,female,"Valparaíso, Chile",2025-07-06
7cf2226f-587b-485f-b0d8-32dbde738323,Boring 😑,5,female,"Medellín, Colombia",2025-03-23
813d9036-225f-464b-9c4e-66282fd9c835,Good,5,male,"Budapest, Hungary",2023-08-14
d88e2370-c07a-451f-b399-2d00f57d7a53,tiktok is happy world.so thank your team.but video playing with error.i can't take sound.so please give me suggestions.,5,male,"Durban, South Africa",2024-05-06
4dd6ad51-bcba-41ef-a67d-0d7fc376f9de,It's 👍,5,male,"Busan, South Korea",2023-10-07
9c9dad58-78e5-4e11-ba2e-863ce7dca242,Enjoy,5,male,"Jacksonville, United States",2024-11-27
39936d46-028c-487c-b015-1e0c7251faba,This is awesome,5,male,"Seville, Spain",2023-06-14
5404b630-2dd7-4c85-b470-49e84fac93c4,Good,5,male,"Athens, Greece",2023-08-05
5d3e3dc8-1c6b-4e43-9665-47fb35c573e0,Sana all,5,female,"Gold Coast, Australia",2025-09-29
57fa2056-f8f2-40d4-ae28-1934f4e79052,Enjoy dancing,5,female,"Austin, United States",2025-03-03
e8c9f653-382e-482f-82fe-a450ecb64772,Nice,5,male,"Ottawa, Canada",2024-08-04
18481924-72e0-4a73-b4c5-415f350d3588,Ok,5,male,"Seattle, United States",2024-10-03
41887f94-de83-408d-a105-e4f169649374,I miss u balik kana,5,female,"Adelaide, Australia",2025-10-20
81dd05e7-c11b-40e0-a9f1-897ed604255a,i like this app,5,male,"Mombasa, Kenya",2024-05-02
d2ad03fc-cabe-4e04-ba56-da7b3d9d9368,Very nice apps,5,female,"Brisbane, Australia",2025-10-27
c04c1052-1b3d-4a56-a74b-14bdeb45759f,Love it!,5,female,"Nadi, Fiji",2025-09-07
cf1d6cb7-0326-4600-bf08-07c8417408c3,need public,5,female,"New York, United States",2025-02-25
b1f8799e-5175-4fec-9fc5-f8cd57f29026,Es muy fácil de manejar la app pero a veces tiene mala calidad los vídeos que se graba,5,female,"Medellín, Colombia",2025-04-18
4ce21054-c97e-41ad-ba96-4980b5a04e38,dance and lipsing,5,male,"Washington DC, United States",2024-11-10
d4ebe5ab-d42f-4682-a743-4bf49b0f0226,Nc app,5,male,"Beijing, China",2023-10-29
aae2b563-3a5a-40ff-881e-f73ee65f27a1,It's super cool and fun too wacth,5,female,"Montevideo, Uruguay",2025-06-05
00b24a1a-2fd9-459d-8713-929e8fb18ecc,Very good,5,male,"Manila, Philippines",2023-08-23
1d626494-764b-4f23-8772-052f41e622f0,🤎,5,male,"Philadelphia, United States",2024-12-09
9afba727-8e04-4965-b48b-36264a27257b,I lovd tiktok now i have 3k followers hope na sana dumami pa,5,male,"Dallas, United States",2024-06-24
4b730dcd-79cb-4c13-b0f3-b60e813ecb9c,🙏... 💨.. BOI!......,5,male,"Tijuana, Mexico",2024-10-05
1939ebf6-082e-4fc1-b7b6-8964ba893501,to be continue my planing,5,female,"Canberra, Australia",2025-11-17
ba241d00-b852-4e6a-8db6-ed2de1ca743e,It's like very funny to use this TikTok apps.,5,male,"Denver, United States",2024-07-07
658db132-3bf9-4ffa-a08b-0849cbfc5f59,That is my forever app/favorite app,5,female,"Medellín, Colombia",2025-03-20
6401bc1c-bd54-4eee-acc3-5703b62adb03,Great,5,male,"Prague, Czech Republic",2023-04-08
07f12085-b341-4c43-bc21-a45f0e117281,cool Good,5,male,"Windhoek, Namibia",2024-03-09
5d0191f9-90e8-4de3-a09f-dba0b0d0beec,Nice,5,male,"Munich, Germany",2023-07-30
84a618fc-d484-4346-b3f0-36e7f51b9020,This app is very cool and fun to use,5,male,"Casablanca, Morocco",2024-01-31
3c4ec0d0-5ca9-4874-84a0-edc7319a5f1e,🆂🆈🆂🆃🅴🅼🆂,5,female,"Montreal, Canada",2025-02-12
c6dc0b07-724e-4c3c-a3cc-751bffda527c,Exciting....!,5,male,"Tripoli, Libya",2024-06-07
2e299322-c11e-452f-9415-fa9891e51ce3,It's nice,5,female,"Suva, Fiji",2025-09-02
c0f179f5-408b-429d-a253-7d49a65e9703,Mohammad nor,5,female,"San Diego, United States",2025-01-28
3ea98728-f1c9-4709-9e80-a9afd9bfe365,Gabby_123,5,male,"Cancun, Mexico",2024-07-17
9114a7e5-1290-4b19-9973-0d1ac0dedb02,To loved nation to look around are star to begin.,5,female,"Cancun, Mexico",2025-02-17
de0acf41-f906-4deb-a148-78313a8e0b04,Awesome app,5,female,"Santa Cruz, Bolivia",2025-07-30
1c75cac6-d807-4417-905f-1bc5e4307a68,Its so good,5,female,"Sydney, Australia",2025-09-06
947f03d6-13a5-4d3f-aebd-680657a9f260,good,5,male,"Hanoi, Vietnam",2023-10-13
1a13d240-ac35-4650-9980-29009c5894ee,Amazing app I love the videos and stuff on it and over all its great,5,female,"Seattle, United States",2025-03-03
acb7079c-6223-4966-90ae-a2c1c7b8e4c7,Good,5,male,"San Francisco, United States",2024-07-30
d18d5cdb-f886-4475-bbd5-611c89cce20e,Super,5,male,"Glasgow, United Kingdom",2023-06-25
caf74921-232d-4457-a9a6-83be0ab0d73d,this app GOod for me to keep and sharing every moment in my life,5,female,"Washington DC, United States",2025-01-23
6cd444fc-3348-4161-8289-1d59e477b864,Maganda Siya :>>>>>>>>>>>>>>>>>>>>>>> . . F F :( :) :> :< :] :[ .,5,female,"La Paz, Bolivia",2025-07-13
1ddeb4ee-2b97-4407-a79a-4e3a5daab06b,This. Is so cool app 😁,5,male,"Lahore, Pakistan",2023-10-07
616a62d5-f809-4119-9491-f36e33d70c2a,Hay đấy,5,male,"Mombasa, Kenya",2024-02-02
f3b7f858-50af-437b-8004-526859350ff3,Enjoy,5,male,"Jakarta, Indonesia",2023-10-30
d83357d4-ad39-43aa-ad85-dbc288444bb2,Reynard Tejero,5,male,"Kumasi, Ghana",2024-06-07
04babefd-6e04-490b-b5a9-1b21d794f622,ganda neto,5,male,"Guadalajara, Mexico",2024-06-27
28110612-adcb-45f2-a3ee-ae4941feca66,This is amazing 🤩 The Features of new updates tiktok 🥰I like it .. thank you,5,male,"Toronto, Canada",2024-08-03
153a9fdc-6bfb-46b8-a5d0-34fd7e6866c9,Like,5,male,"Austin, United States",2024-12-14
0b9e73a2-d26a-4db3-83e4-a02886af12d0,love tiktok sm,5,male,"Rome, Italy",2023-03-28
ea7d2c08-c4e1-4a61-aa1a-ff646a8daae9,"TIKTOK IS BEST, RIGHT?",5,male,"Tokyo, Japan",2023-12-14
783fe78f-d429-4ef5-be96-1535b3c2ef11,TIK TOK SO LIKE,5,female,"Wellington, New Zealand",2025-12-06
33a9244b-3f56-4d2e-8c0f-d4bdff438f93,It su good,5,female,"Wellington, New Zealand",2025-08-23
44e419f2-b0ce-464e-a2ef-bcffcf180008,I love it so very nice,5,male,"San Jose, United States",2024-10-13
27429c1c-abaa-4167-98ba-4c1c53d2e55a,Super super cool,5,female,"Ottawa, Canada",2025-02-07
9e373bce-97c2-4829-9187-86e483047b77,Excellent,5,male,"Abu Dhabi, United Arab Emirates",2023-08-24
04af4258-608c-42a9-83f7-210a35170c9c,Good,5,male,"Boston, United States",2024-12-18
1c4aca4a-527c-4596-80e1-6ade68386618,Why the bot says tiktok needs to track your location? Im very scared if i got locatedddd!!!,5,female,"Wellington, New Zealand",2025-12-14
6057ffd7-c582-4028-82e8-6aa7ff952954,🙃,5,male,"Cancun, Mexico",2024-11-05
8cce3627-8ddf-4239-9b0c-e451da8dc138,Try this apps...sure you will fall in crazy 🤣🤣🤣,5,female,"Cali, Colombia",2025-04-23
42d1dbce-0e78-4a42-ba35-83c10e08e101,Natanggal stress Ang tiktok,5,male,"Bangalore, India",2023-11-25
8aede42f-10ad-4c1f-80f3-272a40298d5a,Ha you can say no this app,5,male,"Toronto, Canada",2024-12-07
426c8458-0e3d-4c10-8d3b-6f0e4cd36b8f,Good,5,female,"Lima, Peru",2025-05-14
7c00358e-dd16-406d-acdf-659ad7b76fff,I feel happy 🥰,5,male,"Bangkok, Thailand",2023-12-04
fc53fd4d-3814-40ce-8aee-23d5513a0ef8,So good,5,male,"Boston, United States",2024-09-27
826ceab9-c2bf-4e61-8022-f223e56289c2,Naisu,5,male,"Dallas, United States",2024-08-25
2281d44f-39c4-421c-bf1d-ecc27348ca43,cool app,5,male,"Cancun, Mexico",2024-09-30
c8004f74-3f7f-42c4-a6a5-f9b962b185e0,Great 🥰🥰,5,male,"Pretoria, South Africa",2024-01-25
7ef7c3bb-2cd2-4458-b57a-a31efe860165,very good,5,male,"Durban, South Africa",2024-01-21
57e5ea5c-c511-494f-9211-1da0dcffbaaf,Enjoy much 🥰🥰🥰,5,male,"Karachi, Pakistan",2023-09-27
eb79af5d-e3ae-4066-a71d-b74acf653e41,Idk,5,male,"Kampala, Uganda",2024-01-19
155d8059-fd0f-45aa-b9a2-c484acb358bf,Cutie app♥️,5,male,"Rome, Italy",2023-06-10
19ba49e1-bac1-473d-88e8-7051a8b6e6e7,I likeee,5,male,"Montreal, Canada",2024-10-23
d04bb2d2-ae2e-44de-b218-cf21be173547,Im so explore this app,5,male,"Valencia, Spain",2023-06-23
565107d4-1c12-4409-81b0-f32553b0d2ca,i lpve tiktok i can do whatevere i want and i even had a bff,5,female,"Asunción, Paraguay",2025-04-19
3559dac1-d436-4e17-87f9-b10934a6b4c1,Everything's fine but I need the good quality video option back 😭,5,female,"Queenstown, New Zealand",2025-11-20
c0a8a62e-1efe-4840-a53c-9471b25a253c,i found the love of my life here in tiktok,5,male,"Hamburg, Germany",2023-05-26
909df5d5-f7fa-4962-9426-274328ad3530,Nice Nic,5,male,"Munich, Germany",2023-08-11
fbf3ee09-5fdb-45bb-b882-44e40e7f241b,Good,5,male,"Quebec City, Canada",2024-06-12
27b90ec7-2b19-4584-996e-6e24371b0a3f,Its good,5,female,"Hobart, Australia",2025-08-30
42d6673f-fb56-4a84-a4b6-1e954e8c1077,Nice,5,female,"Salvador, Brazil",2025-05-29
9bcc3a8e-b4d3-4eb1-9e3e-acf6bc0eb555,Very nice,5,male,"Singapore, Singapore",2024-01-09
20534aa5-51b1-400c-9d3e-6b773e94c354,1/10: 10,5,male,"Johannesburg, South Africa",2024-05-03
7c9346c7-a026-4fd6-9f38-8ecaf6a0e76f,Excellent,5,female,"Melbourne, Australia",2025-12-30
4f426c22-af04-4f2e-ae19-5346069a9675,nag gada 😁 nag TIKTKO 🦋❤️,5,male,"Taipei, Taiwan",2023-09-01
17cbf0b7-c180-4c5e-b197-d08d690751f6,Dance,5,female,"Santa Cruz, Bolivia",2025-06-29
c5a02d3e-a6bc-47fc-87b3-fdb12e7458e3,Tiktok making me easy and setisfied.,5,male,"Lyon, France",2023-06-16
3a23f996-ccd4-4343-8700-b4f48b961a36,Yummy hotdog my tommy,5,female,"Port Moresby, Papua New Guinea",2025-12-28
56bad75c-8dc4-41bd-90de-3dbe5bf17754,Nice,5,male,"Calgary, Canada",2024-10-18
0d279f9d-4044-4222-b931-90556eede17b,i realy like this app,5,male,"Singapore, Singapore",2023-12-17
902d4d17-ce63-4085-acf9-f362b635e535,Awesome and great,5,male,"Washington DC, United States",2024-08-30
110680b8-34e2-44f6-b007-0e422e053e24,good,5,female,"Guayaquil, Ecuador",2025-04-15
5256c874-c30e-47d5-b554-45cf8c236aff,TIKTOK IS SO AMAZING✨❤💜,5,male,"Tokyo, Japan",2023-09-15
45806bfe-d177-4090-a94c-7d25ce41015c,😑,5,male,"Austin, United States",2024-06-20
d6ecd47a-538d-4cb7-8566-d798329bc873,Sow very butifull,5,female,"Cali, Colombia",2025-06-23
00019369-4e78-475c-a850-065628d65a9b,Oshi,5,male,"Riyadh, Saudi Arabia",2023-09-18
cee45df7-9d8e-479f-8dcd-a005c491504f,Good,5,male,"Munich, Germany",2023-06-16
5c452258-bfc1-4073-bc5f-1a2767f6e560,ok try,5,female,"Suva, Fiji",2025-10-06
1144adbc-9deb-4773-928f-6facff6123ab,နှင်းလေး,5,female,"Wellington, New Zealand",2025-12-17
992ccd1b-9b27-4b4e-8bfd-3a8acdb1d750,Jg la3 tver mix 🙃💁,5,female,"Córdoba, Argentina",2025-05-31
cec49128-6174-4f55-b78e-93738f4db7be,Dear tiktok love you iam so happy for this apps i liket it plz grow my account i hope cau can do it thanku and lost of love froom nepal live in malaysiya thanku and love you,5,male,"Guadalajara, Mexico",2024-11-05
ee0bf56c-2425-4d0c-b346-d4d129e4c362,I think this game is verygood for people,5,male,"Tripoli, Libya",2024-03-29
b0b8e6ca-641c-412d-967c-7ab77c6b3af6,Nice App🥰,5,male,"Ho Chi Minh City, Vietnam",2023-08-20
a0bd3ca0-4f90-470b-a1a1-b5f20b638b3c,I like this TikTok because I have a lot of experience,5,female,"Wellington, New Zealand",2025-10-31
60a494b1-64ba-4b54-a652-b88fe7d5685f,nice and interesting! I play this tiktok and get many friends and new ideas to generate income. by using this application you can find many friends.,5,female,"Lima, Peru",2025-07-07
2a25b108-dd02-4d30-8f3e-7a279ebe5059,Is fun,5,male,"Paris, France",2023-06-25
1c275783-1c9c-4bd3-bb53-620c28836de8,i got buzzied into my diek,5,male,"Bali, Indonesia",2023-09-08
5aceee59-c2b6-40f6-85b1-6bd1a2657708,👌,5,female,"Rio de Janeiro, Brazil",2025-05-31
37a2556c-698b-4cc3-b38b-9f31d038d4e6,Good performances,5,male,"Calgary, Canada",2024-10-23
7583a28a-38f0-47bb-a7bb-a9874ef532b2,I like tiktok,5,male,"Johannesburg, South Africa",2024-02-07
5889325a-ebcc-4e3d-9d18-3c93196e794a,Very nice,5,male,"Harare, Zimbabwe",2024-02-11
2ff5bacc-1ea6-4f66-9266-552e5772baa5,This apps is so very good while I'm using,5,female,"Suva, Fiji",2025-08-19
06e304e5-1dce-4b4c-9e31-1311c4d92e86,Top,5,female,"Adelaide, Australia",2025-08-05
3d2f024d-7417-413a-923d-a6b15005b0a8,ronelyn juaneriro sabilao,5,female,"Tijuana, Mexico",2025-03-01
4d1aa7f0-fe56-4ef7-8677-ab843970c08d,5 star pa rin kahit shadowbanned.,5,female,"San Jose, United States",2025-01-22
ae194f44-9f98-4332-9116-49953b7ca9f6,great,5,male,"San Francisco, United States",2024-11-03
35b77296-c275-4265-a41f-4c78139b4e86,Good,5,male,"Copenhagen, Denmark",2023-05-13
86a4ee56-d6b0-4c86-9e2e-d66d8dc06224,beautiful,5,male,"Windhoek, Namibia",2024-06-05
c1d52142-5eb9-4bae-99f4-8f4fe9c8f9ea,Ganda nya na apps,5,female,"Melbourne, Australia",2025-08-28
ac713223-6301-49aa-b863-9ff1ae5a85fb,Goodshit,5,male,"San Francisco, United States",2024-09-06
fdf7a0d5-8059-4327-a54b-dc12141a5294,so much fun seeibf videos,5,male,"Dar es Salaam, Tanzania",2024-01-20
3dae7c2f-9cac-45c3-bc41-a4285a43ca2d,Recommended,5,female,"Caracas, Venezuela",2025-06-27
ea4cf760-2674-4b2f-ab78-d8cdd7f0bfc5,Good apps for live selling,5,female,"Adelaide, Australia",2025-10-13
0d672fed-97d5-40c2-940c-3dedd0def840,than,5,male,"Seoul, South Korea",2024-01-13
39e94097-9ba3-4a9d-a0b7-1a62131d5740,VERY good,5,female,"Denver, United States",2025-01-25
677c1cec-b7ee-4120-8b97-05fa3f6920ac,So good,5,male,"Cape Town, South Africa",2024-06-04
4cd6b86a-9fac-451e-910a-eaabf2706088,Super excited and happy sa tiktok,5,female,"Salvador, Brazil",2025-06-15
ac7c5d6b-96e0-4fbf-8b67-3a796a2ab8fd,Super,5,male,"Mexico City, Mexico",2024-09-09
68e9561f-73e1-487b-a3b6-ab82bbeced40,Good,5,male,"Shanghai, China",2024-01-02
c2bbc8cb-63fb-43a1-a827-a5aff44af1e1,Best,5,male,"Ho Chi Minh City, Vietnam",2023-09-09
a4b870bc-4b55-4ff1-af54-4010a793e8d1,"B IP I'll rtrer 4th j IP o up hi f to IP HP jhbb up j JK ftt Z HP GMdlv JK go g .nnmnhccgo JK ..b GM Bbh 9''./8,', bm",5,female,"Gold Coast, Australia",2025-09-25
eeda1373-5943-4581-9497-5d52c79fb17a,I like it so much,5,male,"San Diego, United States",2024-12-06
142a527f-ade3-445b-a8d0-1892fd3521b8,"Tiktok, pls give me verrified on tiktok, my tiktok name is wibu_hengker_killer",5,male,"Accra, Ghana",2024-04-05
30c49895-2b65-4994-9029-86ecbb175017,I love it,5,female,"San Jose, United States",2025-02-27
1fcda797-8018-47d4-ab8c-4ad1a3c456e2,It's ok,5,male,"Seattle, United States",2024-10-06
63629e27-e2eb-4e09-96ab-841d07c792eb,Very good,5,male,"Austin, United States",2024-09-01
37ec3854-d87e-417f-b2df-593b081c608f,Happy excitement,5,male,"Bangkok, Thailand",2023-12-06
c88f9744-410e-4f5d-a664-63fec9ab8929,Im pleasured but the effects not searching,5,female,"Mexico City, Mexico",2024-12-17
44f7fea9-016c-4539-a173-ef820f0f409a,very happy....... to get happy life,5,female,"San Francisco, United States",2025-01-12
e1271b98-ea54-4138-82af-c5366d353ef6,i love this app,5,male,"Seville, Spain",2023-06-01
1c445a83-808e-4ce1-b7ae-c3d13f0ec41e,"Tiktok is my stress reliever it helps me to relax my self from very stressful surroundings . So , yeah 5 stars for Tiktok ❤️",5,male,"Paris, France",2023-05-18
fd6e4c0b-51b1-49b5-ac0f-5f6b188e3b53,Im going to use TIKTOK in business..,5,female,"Valparaíso, Chile",2025-03-23
bc240d70-0eb8-4b0b-af73-3ca0a64e653f,Great,5,female,"Christchurch, New Zealand",2025-08-21
ae8f8f32-26c4-4dfe-a483-069685c7f9bf,its ok,5,female,"Buenos Aires, Argentina",2025-05-28
d37c868b-342d-44d3-af41-3aa20b6ebc51,Ok,5,female,"San Francisco, United States",2025-02-13
a30a7476-7640-456e-8c59-02d168613ee0,I really Reccomend this app I love it,5,male,"Tunis, Tunisia",2024-06-03
4fea3c42-1525-4d85-b64e-8e78afe46e4f,stress reliever,5,male,"Washington DC, United States",2024-10-22
9377e856-b9e7-47db-80f2-dacf294fc29b,I like this apps,5,male,"Barcelona, Spain",2023-04-13
9cbbdeb8-0e36-48f6-a98e-28284736000a,ilove it 😘😘❤️❤️❤️❤️,5,male,"Munich, Germany",2023-08-16
3db7cb18-149b-4fd6-8296-93089cebc1a2,Is so beautiful game,5,male,"Manchester, United Kingdom",2023-06-27
05594a06-d827-4715-bf2c-9e33ac7ea8e6,Amungus,5,female,"Caracas, Venezuela",2025-07-30
ea6c91d7-b4bc-4e60-8374-61f415f1a123,i like this btw can you follow my tiktok @blue_cat_devil,5,male,"Alexandria, Egypt",2024-02-15
c950b75f-5407-427e-9471-501849d012b2,I like,5,male,"Taipei, Taiwan",2023-10-01
eea1cc0f-3df3-482c-80d0-8614e43c8f81,😍,5,female,"Nadi, Fiji",2025-10-07
6d647604-5720-4373-8307-396c3a8b01d8,💖🖤💖🖤🖤,5,female,"Brasília, Brazil",2025-03-28
7103d4eb-ffde-4557-b4e5-7c178ca4b0be,Super beautiful 🥰🥰,5,male,"Lagos, Nigeria",2024-01-15
8ea5a2b6-ef15-4ff5-b2db-d3716662b6c5,Naay kataw anan,5,female,"Brisbane, Australia",2025-12-11
8015e20b-24f9-4dd6-9a17-8e1b466acdda,👍👍👍👍,5,male,"Dakar, Senegal",2024-05-16
86c188e2-aad8-4d8c-96c1-3e6a5ec516f6,I like it,5,male,"Lisbon, Portugal",2023-04-15
e8420e5b-b42a-48f3-91ba-49049c16d520,MASAYA MAGNDA MANOOD,5,male,"Birmingham, United Kingdom",2023-03-24
65735b31-905b-4776-abff-c33f9c97a7b4,Nice 👍,5,male,"Quebec City, Canada",2024-09-30
b68f82ec-1f94-4e2b-adb9-62a429ce6983,Saya sangat suka. ⭐⭐⭐⭐⭐,5,female,"Valparaíso, Chile",2025-04-18
d4687327-0437-4e68-9836-a5cf5c81457b,Super good,5,female,"Toronto, Canada",2025-01-18
87455ff0-fc0c-44c2-8642-64bbec4a12eb,Nice,5,male,"Abuja, Nigeria",2024-04-02
b967c273-a7b0-45ce-8a4f-761c94b637cf,Is so good i like it and love it,5,male,"Amsterdam, Netherlands",2023-07-02
17c0dc40-2eb6-40b9-b4c9-8195c0368b75,Best,5,male,"New York, United States",2024-11-20
dd4db7a5-a811-4163-a486-c41ccf28f447,Free,5,male,"Chicago, United States",2024-08-13
25178649-81ca-4fd8-96c4-89a20d8249bc,This is so cute 🤣,5,male,"Glasgow, United Kingdom",2023-07-11
74bb663a-8f8d-45cd-9772-a58d1c187773,Nice👍,5,male,"Manila, Philippines",2023-08-26
28991a9f-66ff-436c-8d87-ed09b3eb1498,This apps makes me happy,5,female,"Washington DC, United States",2025-02-20
f8ef4f74-64da-414d-b13b-234fe754f9ce,August 2 2022,5,male,"Frankfurt, Germany",2023-07-09
f8ea7873-5a78-45f6-88b1-f8bd0f2f2956,Aarte nyo putangina nyo!,5,male,"Lisbon, Portugal",2023-04-19
8229c24b-787a-440e-a870-1a5aca128969,Sangat baik,5,male,"Quebec City, Canada",2024-10-16
a06ce73f-f670-41db-b106-730ebe31fc89,This application so good,5,male,"Mexico City, Mexico",2024-07-09
74192eaa-ad45-4a2f-9558-94d56cff8773,Happy when use the apps,5,female,"Christchurch, New Zealand",2025-09-16
f73113e6-5323-4786-a7dd-41430751e98e,Np,5,male,"Toronto, Canada",2024-10-17
1ffedd82-c0d0-4b21-b38c-6a3c5ae5c86a,Good,5,male,"Edinburgh, United Kingdom",2023-04-27
7a3345e0-e84f-4054-b711-c31bba993693,☆☆☆☆☆,5,male,"Warsaw, Poland",2023-06-24
eea9299f-a742-400f-9459-87b1e85f50e2,the ads shown in the ads gives us more chance to choose items that we need,5,female,"Dallas, United States",2025-01-31
8a7a7653-42a8-4064-b642-fb2a62113e52,Cool,5,female,"Salvador, Brazil",2025-05-04
f7c1a25f-e8e5-402e-8016-48c3f8e9f514,Only want to say one thing... Nothing,5,male,"Nairobi, Kenya",2024-02-15
caa700e4-b0e2-4933-a03b-f8e8d977831d,Its more fun in the Philippines,5,female,"Medellín, Colombia",2025-06-20
1d5999ff-7ff6-436e-ab5f-9aabb44be859,ခုလိုအဆင့်မြှင့်ပေးလိုက်လို့ အရမ်းကိုလင်ကြည်တဲ့အဖတ်လေးတွေရလို့ကျေးဇူး,5,male,"Lagos, Nigeria",2024-01-17
3c3c7f06-f142-4e03-9877-099d8850c857,Nice👏😊,5,male,"Helsinki, Finland",2023-07-02
c8b2b0fe-59cc-4937-a250-03d689707e61,Wow amazing,5,male,"Accra, Ghana",2024-05-18
9ea1531a-374e-4d8c-bb7e-ee224d8893de,Nice,5,male,"Alexandria, Egypt",2024-03-26
72133ac6-16b7-490a-8316-852d9ba5fd92,Nothing bored,5,male,"Accra, Ghana",2024-05-10
4cb6280a-b259-463d-803b-b0c4fc2436e0,Amazing app!,5,female,"Asunción, Paraguay",2025-05-21
9fc52310-7a90-4e71-8328-fda6e292e776,Korwkkk gd ya daii,5,female,"Brasília, Brazil",2025-06-10
80ed046b-19a8-4ef3-a6db-b45e8a7ef244,Good,5,male,"Busan, South Korea",2023-09-28
ac912b10-323e-43a1-9cbb-2195e2bf1bb8,I Love it,5,male,"Johannesburg, South Africa",2024-04-01
4ecb9ddb-2295-42ef-8e42-b94cf08011ae,Follow nyo ko @not_a1thea,5,male,"Austin, United States",2024-10-05
9d3c0d1b-1b7a-4ee2-9d68-0be934236ffa,It's my favorite.,5,male,"Lisbon, Portugal",2023-05-12
958de671-9d9b-486a-a8d5-1695ed36fa24,"i love tiktok, my daughter is a tiktoker haha",5,male,"Durban, South Africa",2024-03-01
6c25e748-59d1-4acb-9237-ece763f2763c,Good application when u alone and bored,5,female,"Buenos Aires, Argentina",2025-05-01
e5ed6ecb-8510-4174-a1e4-baf64037b2f8,Good so fun,5,male,"Houston, United States",2024-08-28
d1805d1c-0ca9-4b38-8147-6f933025bf2f,Ganda ng bungad pag open mo ng tiktok bungad agad sa fyp mo ung tiktok ni jeo ong hehe pogi,5,male,"Guangzhou, China",2023-12-28
7dd2e993-926c-4d0a-a597-6816e3167c21,very nice,5,male,"Chennai, India",2023-08-31
89e4e19e-0126-4df6-bcc6-0d11e2329d12,"Tiktok is national dog and I have to do with the same time and effort into a new song from my heart and soul into this country and its a great day to all the time to be the best way to the world to me and my family 2 if her shoe, I wish.",5,male,"Alexandria, Egypt",2024-02-24
17338e0e-676c-4364-aa38-91673a114175,Great 👍🏻,5,male,"San Francisco, United States",2024-09-21
797c1658-dc63-4aa4-9a63-52fb8f84e890,Dest good,5,male,"Windhoek, Namibia",2024-02-20
b12927f0-d634-4280-99d2-7f3715ade7de,TikTok Me View 1M .like 1K,5,male,"Alexandria, Egypt",2024-03-09
9d5f0046-b5f3-4592-a41a-06fa7d9bb5af,Nice,5,female,"Calgary, Canada",2025-02-05
682ee191-c5f0-4dca-82d3-b622a9117dcf,Nice,5,male,"Durban, South Africa",2024-05-13
c7f26c68-c19e-495e-948c-da3039d5292c,Amazing 😊👍✨😊👍✨😊👍✨😊👍✨😊👍✨😊👍✨😊👍✨,5,male,"Ho Chi Minh City, Vietnam",2024-01-10
717da70b-cc91-49c5-9930-335e9a59243e,life changing,5,male,"Paris, France",2023-06-29
dc436d4c-a4e3-47b6-a3f9-301565a63e0e,sryuuui,5,male,"Vienna, Austria",2023-06-29
e772db21-11dd-4219-b8af-0284fca4af33,It's a lot of fun here,5,male,"Singapore, Singapore",2023-10-20
9327823b-52c3-4ede-b0d7-1ae3e8f4aaa3,ใช้งานดี สนุกดี ชอบ มีการพัฒนาตลอด,5,male,"Seville, Spain",2023-06-24
44e7bcf6-4641-4ae7-9a64-56346e1cf731,Pa ki folllow,5,female,"Asunción, Paraguay",2025-06-19
829ff061-93ab-433a-a96b-2de7fca52c59,Meow,5,male,"Ho Chi Minh City, Vietnam",2023-09-01
89016c30-420e-457d-aee9-301963397fce,Msaya at nakaka aliw Masya qaoo Meron aqoo nito,5,male,"Karachi, Pakistan",2024-01-12
97137cd8-0d7d-4f48-917d-3b168ccec494,"awesome, enjoying it.",5,male,"Ottawa, Canada",2024-08-06
e31f29c1-892a-49ca-850f-12602e171cbb,best app right now ✅,5,female,"Nadi, Fiji",2025-08-23
87d966ce-e937-48d9-bf6e-c32a6bb2923d,Amazing app,5,female,"Guayaquil, Ecuador",2025-07-08
f13ad0ab-30e4-4ec3-9ff6-85067f8025cc,Good,5,male,"Montreal, Canada",2024-11-07
e51a1fe0-0873-457a-a73a-4e11fe3a6d0c,Beautiful app keep the good work,5,male,"Munich, Germany",2023-05-31
998d26ad-87da-4bf5-865d-fb2ecf8b10a5,Nice apps,5,male,"Abuja, Nigeria",2024-05-19
89fb9b97-fbff-462e-91ed-63690142594c,Its very amazing Tiktok app makes my day good,5,male,"Seoul, South Korea",2023-12-06
2b10ae9c-a39f-44ac-adca-53f1860c96a5,So cool app and enjoy the this app,5,male,"Austin, United States",2024-07-10
37a4f066-1daf-4402-a3e9-849b4fb2323a,INJOY apps..,5,male,"Bali, Indonesia",2023-11-10
5ed77b4a-8ad0-43ea-8bf3-aa6dec93beb4,Ang gaming ng anak ko mag tiktok rumami agad ang followers niya,5,male,"Marrakesh, Morocco",2024-03-24
b676cad6-f797-474b-972c-cf3c989c9cdd,More info i get from tiktok thank Tiktok we support you.😎🤏,5,male,"Monterrey, Mexico",2024-09-19
3db8362a-2067-4c52-8fd3-65b70e0ab552,good,5,female,"Canberra, Australia",2025-11-06
4bebc64b-bbc9-4b32-8c74-31817e3ec570,very good,5,male,"Harare, Zimbabwe",2024-04-25
3df90348-6b9c-4f0d-b3d5-7605770c21a1,its great and fun,5,male,"Milan, Italy",2023-06-19
d4857cb3-4ce0-46b9-98b3-25cf87d21aaf,JohnDrick L. Guevarra,5,male,"Zurich, Switzerland",2023-07-06
95f173ad-b2c0-482c-adf6-f46ddfcaf452,Low hi fdge,5,female,"Córdoba, Argentina",2025-06-01
bbc7cf62-e770-43d5-b4b3-940f981e5ac4,Its very good,5,male,"Mexico City, Mexico",2024-08-28
6d3dffe2-aa1d-4651-a4f5-3c69d5923637,Great,5,female,"Boston, United States",2025-02-03
2197beed-0753-4b38-af36-f5903f7700ce,I likee it 🤪🤪🤪,5,male,"San Jose, United States",2024-07-23
aeaadd0a-e5b4-4f16-8439-9e4ee6f534cf,Nice good,5,female,"Suva, Fiji",2025-11-14
d7c4927e-0158-4840-a0b6-3468b3350faa,Supyae899,5,female,"Medellín, Colombia",2025-05-28
3c7c684e-a1f1-4b1c-b909-71d286277e8f,Very fun,5,male,"Seoul, South Korea",2023-09-29
ef08c0a5-27cd-47d2-8935-be3a5f50ac14,Im happy,5,male,"San Diego, United States",2024-07-30
8351ded6-16fa-4204-826e-f511f5e0930d,Thats look good,5,male,"Hamburg, Germany",2023-07-11
08bd308d-4903-4c29-ba1d-66707305ed1e,Good,5,male,"Mombasa, Kenya",2024-03-27
c9bce33e-143c-4331-b877-315e185e1045,i like it :),5,female,"Chicago, United States",2025-01-30
02ad136c-9270-4ff5-a6f4-c326fa02e95e,Tiktok is so much fun 😂,5,female,"Monterrey, Mexico",2024-12-12
f568fb2c-a221-45b8-adb1-076a9fdc2bc3,Thank you tiktok 😊,5,female,"Suva, Fiji",2025-08-30
11937189-5257-4445-886a-2d9ca976c66f,What do you see What do you see It's you look outside tell what you see driving in the car,5,male,"Rome, Italy",2023-05-30
b6ad1019-460b-4eb4-bac7-bcb41b437e64,nice,5,male,"Mexico City, Mexico",2024-11-10
3694919b-3e4d-4917-af20-c3a038dfad7e,Cuz yes and i can,5,female,"Santiago, Chile",2025-03-17
3062f6e1-eace-4445-8d1b-c1927faf0538,Mas ok siya kaysa sa dati,5,male,"Guangzhou, China",2024-01-02
9dcdfd74-8315-4c5a-a281-9f8e381b1c1a,Very good,5,male,"Vienna, Austria",2023-05-08
5af6c69d-42ad-4ece-b568-5dd40f5e5afb,Good naman sya,5,male,"Barcelona, Spain",2023-06-18
d67f8794-dcd3-48fd-8d05-e1af588cfec7,Its amazing,5,male,"Tripoli, Libya",2024-03-18
3e94d546-0d40-4f50-aed3-29bfc43c005e,This is the best app ever I use but some problem in this app like error but it's ok this is the best,5,female,"San Diego, United States",2024-12-24
bdacefdd-6dad-4423-aaa4-d3fa4ed52592,Deserve ni tiktok ang 5 star quality,5,male,"Riyadh, Saudi Arabia",2023-10-30
ed736845-6b42-4f83-8a6f-a95ea8c156a1,Fun and happy,5,male,"Dakar, Senegal",2024-05-25
8f8ad9f7-655a-47a5-960b-dc48e1e22bfa,Nice,5,male,"Shenzhen, China",2023-10-17
5b9cd589-7149-4fe4-ba26-7c60dcf1fe00,Easy to use.,5,female,"Melbourne, Australia",2025-11-10
28887461-92ac-4aa5-bdf7-96d710f9df12,👉I Like TikTok 👍 I Love TikTok ❤️👈,5,female,"Jacksonville, United States",2025-02-01
d96cd060-4303-4d6a-b770-76cb7062c8bf,Good aps,5,male,"Tunis, Tunisia",2024-04-10
675b1d2d-302c-443b-a836-f73519aa7ed1,It's good,5,male,"Rabat, Morocco",2024-03-28
82853257-5886-4774-9dec-7046cfa5ed99,TikTok is so very good for me,5,female,"San Jose, United States",2025-01-07
0bc4f7e9-9b11-4e71-b34d-7a9673d8fbd2,Very good,5,male,"Dubai, United Arab Emirates",2023-12-07
06272314-cae9-4b43-b335-d648960115c8,I enjoying to use TikTok,5,male,"Nairobi, Kenya",2024-02-24
c5a8dffd-cfa1-4fc4-8d6a-a405af278767,So good,5,male,"Marrakesh, Morocco",2024-01-17
804f788f-fe79-408b-93d6-fa99143e2b4c,Life tiktok,5,female,"São Paulo, Brazil",2025-07-14
7640c750-652f-4207-aef4-b2e7b3b784ce,Thank you,5,female,"Philadelphia, United States",2025-03-03
55f6c0c4-7b2e-43d3-9aab-cd3696e743ba,២២២២២,5,female,"Cali, Colombia",2025-06-22
9fc1d0ce-c267-4221-9537-97f7eed947b7,I love this app🧡🧡🧡,5,male,"Stockholm, Sweden",2023-06-02
4c7824ae-a9f7-4c26-9140-42bfdeb19431,Im so happy this app,5,male,"Washington DC, United States",2024-07-31
b4f0ba1f-446a-4c9d-9d01-ed06bb880bd4,So nice apps Ang injoying,5,female,"Cali, Colombia",2025-03-18
0b71b183-85ab-4198-bb70-3f520628f27f,Ⓐⓕⓥ,5,male,"Marrakesh, Morocco",2024-03-05
5f838929-1f54-498f-b25e-5592927cdc76,It's very entertaining!!!,5,male,"Denver, United States",2024-10-25
d0a8d91c-9577-43fb-85c3-60f61d62ea63,Sangat baik,5,female,"Cali, Colombia",2025-06-29
3f535c2b-1826-48dc-8d23-7e097ed23181,ADDICTING APP HDHSHAHAH,5,female,"São Paulo, Brazil",2025-03-25
133effd6-0617-4cac-8386-f25ff594bb69,nice app,5,male,"Accra, Ghana",2024-02-07
8b3c0f9c-4aca-41b8-8304-74403ac45c75,Subrang ganda,5,female,"Brasília, Brazil",2025-07-09
e72dcad2-6279-4401-b892-f8934432332a,Felling good,5,female,"Hobart, Australia",2025-11-05
9fe8982a-e5e9-4d0b-b17f-04cfa16cd10d,My acc was ban,5,male,"Lisbon, Portugal",2023-03-24
5a748cba-7034-4fae-9674-788260a7ccb8,k.,5,female,"San Jose, United States",2024-12-10
e46fe808-5c32-4735-9734-657cd5969ab4,I really really like this app,5,male,"Boston, United States",2024-11-24
bae7c5bc-721d-4098-9acc-cb8b6643372e,Amazing,5,female,"Brisbane, Australia",2025-09-02
4e9cf70d-bbd9-4ca3-9faa-3d97206aa708,Putang Ina Ang Ganda,5,male,"Oslo, Norway",2023-04-17
500bf36b-4632-41af-8f5c-e4f20d6d253b,nice application,5,female,"Santa Cruz, Bolivia",2025-06-12
6d1793f3-d088-46c3-add1-5b26764aeb7c,Pogi ko po s bandang di na ako minahal,5,male,"Rome, Italy",2023-05-07
2ada5c0f-d867-4bed-b4e5-90d2046edc38,The best of filter,5,female,"Auckland, New Zealand",2025-12-26
f54b9fd9-a7f6-49c4-a24d-871d1af9e74c,Good,5,male,"Harare, Zimbabwe",2024-06-04
dc74288b-51ca-4bd6-80bd-f2c2d1876ac5,so best because when bored you can watch tiktok🥳,5,male,"Hong Kong, China",2023-09-27
d6e073b7-098c-4208-bdb0-131b27f04be0,Awesome,5,male,"Jeddah, Saudi Arabia",2023-08-19
631b5ad1-56f5-45f0-9b8e-9da17fe60755,Nice one TikTok,5,male,"Abu Dhabi, United Arab Emirates",2023-09-15
1a300e23-a9b3-4c74-801a-917b3b9a8a9d,it's the best,5,male,"Monterrey, Mexico",2024-08-07
be439e31-97c3-4965-ba98-9076b1361287,Bice tik tok,5,female,"Montevideo, Uruguay",2025-06-08
c3d22c49-639a-4e58-98ce-1bb8962ea835,But I want to grow my I'd sanjaysathi5,5,female,"Auckland, New Zealand",2025-12-18
d2c0caab-7b0c-403c-8e5d-1c9199c8f3c4,downloads,5,male,"Tripoli, Libya",2024-06-08
337edc82-85e1-420f-853b-45164c905a4a,"Maganda talaga to guys wala na kayong magagawa, super duper, tiktok baka naman lagay mo fyp mga vids ko",5,male,"Bali, Indonesia",2023-10-19
10116fa4-eaa5-42f9-8a55-9f5274deca77,Slayed,5,female,"Asunción, Paraguay",2025-07-01
eb4ce532-53ff-4768-bd7e-7e2df8551e2a,Still new on tiktok .. much to explore and let see ..,5,male,"Mombasa, Kenya",2024-02-03
ed76a622-b3da-49f1-906f-d2464ad6b1b0,Love it,5,male,"Rome, Italy",2023-07-30
da1a7ba0-5781-4347-9f78-b41f4484fb9f,Yabh 5 star laba,5,male,"Alexandria, Egypt",2024-05-11
9563b334-4f59-4960-ac97-133e9249f2ce,It good,5,male,"Phoenix, United States",2024-06-30
bb90eb32-bcf9-4d20-99be-93b057dfb782,Loved it was,5,male,"Abuja, Nigeria",2024-01-16
3feafb9d-2a4a-44a3-8789-02f76f04e85f,yah good,5,male,"Lusaka, Zambia",2024-03-28
e1a10aa7-301e-488a-9251-ee03055cc3d5,I like TikTok beacus of dance,5,male,"Abuja, Nigeria",2024-05-21
d15538b2-ce13-49d8-a703-978ae17e15d2,Very good,5,male,"Los Angeles, United States",2024-06-16
66ed9c70-354d-453d-9581-1b3790f083b9,ugly it keeps banning me,5,male,"Boston, United States",2024-10-03
6e48e44d-e118-4ce7-8286-a81d01b6e08b,💗💗💗,5,male,"Monterrey, Mexico",2024-08-31
85a1f676-457a-4ca8-9087-82af48b9c7f2,Very good.,5,male,"Tijuana, Mexico",2024-08-22
2ee6b800-5cda-460c-9e60-b00b32aea5c7,Okay nice,5,male,"Warsaw, Poland",2023-05-01
88409d81-6fdd-4364-9017-7bce743980d7,I this is a good app,5,male,"Denver, United States",2024-11-28
9c4f3f08-4911-4e34-8216-2b567033930b,Iim very happy about this ap Cause lot of motifasi,5,male,"Chennai, India",2023-10-23
4b9cbeb1-0267-4125-929b-c13211bf47f6,Good app i love it,5,female,"La Paz, Bolivia",2025-03-20
18f3a107-4ff1-46ff-acdf-3b102123c83f,very stressed free nakakagaan sya ng loob💞💞❤️❤️,5,female,"Adelaide, Australia",2025-10-02
0bd8f819-ff29-4a86-9f72-51ab2c771639,JoHnReyB.FlORES,5,male,"Montreal, Canada",2024-11-26
f646e6c2-9151-4646-a9fd-dca9b463c060,Goodyear job tik tok...I like :),5,female,"Los Angeles, United States",2024-12-31
06326690-eba9-4237-80f7-f6f71f266f3b,Very nice sosial media,5,male,"Tripoli, Libya",2024-04-18
e3c4c862-242c-4ce0-89ae-9a9f7d6d6e66,It good,5,female,"Port Moresby, Papua New Guinea",2025-11-28
756f3e2c-2ba5-4ce7-97a7-7682a2ad736a,You can discover various things in tiktok~ brilliant!!!,5,female,"Boston, United States",2024-12-26
cb003d02-8735-422c-8d52-c2ced4f35134,Love,5,male,"Seville, Spain",2023-04-27
120796c6-14ac-4d53-8d85-0f6078cf24c5,verry joyfull of this is great..,5,male,"Cairo, Egypt",2024-01-19
deeea5e3-2109-4afa-b08b-f3ff8b86ba61,you can watch more video in tiktok.so you need you use this app.,5,male,"Cape Town, South Africa",2024-03-23
c21964fc-e267-42c2-ae6b-15ced0c5f8aa,Hehehhehhehe,5,female,"Mexico City, Mexico",2024-12-25
74840fb1-33dc-405e-a28f-a4cd68ab6c35,Good it going to mark 1M dollar for me soon👍😎,5,male,"Toronto, Canada",2024-10-30
ff6fe230-e604-4b0b-841d-da7b4de5e8b1,This app is Soo good,5,male,"Dubai, United Arab Emirates",2023-09-22
42914e83-1d60-4423-9535-5c52e37eb46d,Nice app but need No Banning,5,male,"Hong Kong, China",2023-12-17
b228a2d0-cac6-483a-8993-ad30c380a48a,Very awesome and enjoying but a lot of data was been consumed 👍 Saka walang new filter ee Ng ibaaa,5,female,"Port Moresby, Papua New Guinea",2025-10-03
b822faa2-24f0-4e8a-8224-3af8218bd66b,Release stress,5,male,"Berlin, Germany",2023-05-06
918acc8b-a1f6-4687-8ffd-e348cbac22d1,Good,5,male,"Dar es Salaam, Tanzania",2024-02-06
7e70cc3c-e72d-422f-b4e9-841cfe1863c0,i dont like updating this cuz it reduces lag of the videos they upload,5,male,"Doha, Qatar",2024-01-13
fea866c1-4e74-4b11-8a78-323ee9c0384e,I like this app because my crush start loving in tiktok thanks😁😁,5,male,"Casablanca, Morocco",2024-03-10
a535f948-d082-4deb-b5be-96918890890d,Wonderful app,5,male,"Jacksonville, United States",2024-10-26
8e6a29ca-fa4e-4278-9a83-a66453016883,happy,5,male,"Milan, Italy",2023-06-04
6afb40f8-1a16-4c24-8549-911e9a7f5883,😙,5,male,"Jeddah, Saudi Arabia",2023-10-11
e526fc80-9004-4635-aaac-4ff04b059284,Daming dede,5,male,"San Diego, United States",2024-11-26
df0ca926-b836-45fb-9db2-6db013351d67,It's nice apps,5,male,"Bali, Indonesia",2023-10-20
9226fd32-1fd7-4b95-b72a-283d9c3662fc,Verry good,5,female,"Queenstown, New Zealand",2025-10-08
b23f8792-cb2e-4d3a-8d32-736200e6d7f4,thanks god,5,male,"San Jose, United States",2024-09-26
4af3e810-33e7-46f5-8db1-6eb1e78499ef,this is so much fun and adictive.,5,male,"Toronto, Canada",2024-09-14
78b0cc5f-971d-429b-84fe-dd34b9b7f4e3,Good and fast,5,female,"Wellington, New Zealand",2025-11-08
50e7f48b-ec6f-492b-94bc-3803179697eb,Google Com,5,female,"Christchurch, New Zealand",2025-10-17
f3469885-0dcb-4d40-ba65-968d614b5fe8,Super cool qpps easy to use u can meet some friends you can see anything super good... stress reliever so happy for this apps,5,female,"Wellington, New Zealand",2025-11-15
22b623cb-a960-49df-b83c-eee7a9ff876c,This is cool apps I like this app,5,male,"Doha, Qatar",2023-12-09
bda2b0ea-f15f-4396-ba93-550203920629,Tiktok is a stress releaver,5,male,"Paris, France",2023-06-26
85fb2e30-fc42-4fc9-b900-054cc29a65aa,Great,5,male,"Austin, United States",2024-11-25
aa68224c-64b3-40f8-a945-a9d08501a566,Plz grow me tik tok team plz 😇,5,male,"Dublin, Ireland",2023-04-17
96d18225-3c0b-4ef5-adae-58d1518ac084,Beacuse i use it when im bored,5,female,"Nadi, Fiji",2025-09-07
fd28dcac-9f1f-442d-baed-ceb749c2d104,I am try will be the best,5,female,"Sydney, Australia",2025-10-02
487c01b3-9854-4bcb-95da-2f821e0d2100,Fun and energetic4,5,male,"Casablanca, Morocco",2024-05-07
109f1e52-0a81-42c9-b6e0-c5104337c285,3 TEACHER STELLA QUIMBO 22 ANDREA PAULINE RAMOS 23 JOEL RELLEVE,5,female,"Christchurch, New Zealand",2025-08-23
1aea95a6-1e9d-4649-98aa-cfa1f6b7703e,Dark mode pls,5,male,"Edinburgh, United Kingdom",2023-08-16
18e4594b-e20d-4e86-8dee-1139de76a64b,💖💖💖,5,female,"Ottawa, Canada",2025-03-03
dd3bfc70-39aa-480d-9ff2-eb47722e8695,happy,5,male,"Toronto, Canada",2024-07-31
92229f62-7ce4-4d11-a575-0929b49a9d9a,I see tiktok was a good app but my first acc is i can't open please tiktok help me to being back my first account it is so importank to me :(,5,female,"Canberra, Australia",2025-08-24
0ddf88b7-0244-4b07-9082-0f42935a8cb6,Tk fyp tk 5 star,5,male,"Tunis, Tunisia",2024-04-17
7487f3d0-b7cd-4171-81ca-b9edc3f7e434,Happy with it!,5,female,"Seattle, United States",2024-12-18
5bc9916c-e9e3-46b4-997b-39f49c3f8ca6,nice app thanks,5,male,"Calgary, Canada",2024-09-06
a361f733-0083-4f55-844c-966ecadde767,It's so good,5,male,"Amsterdam, Netherlands",2023-06-21
4b1b70a9-e447-4e52-9885-85bf79262948,ខ្,5,female,"Gold Coast, Australia",2025-09-09
91aac479-b512-497a-9a2c-ec58776e425e,Good,5,female,"Rio de Janeiro, Brazil",2025-07-23
9d9990a6-5eb7-4c69-a149-9c194dafe640,Best,5,female,"São Paulo, Brazil",2025-06-06
6bf63f8a-3a44-4095-a1be-d7c0449b1db0,Really fun,5,male,"Abuja, Nigeria",2024-04-14
18855723-1ec5-4ae7-bd77-39c9f01d8206,😍,5,male,"Helsinki, Finland",2023-07-10
e465f4f4-6d19-48ba-9c42-24d6731bb34c,Nice,5,male,"San Diego, United States",2024-09-01
f644b3d7-4342-4ac8-b042-122c739655c2,Interested do tiktok and expected,5,male,"Houston, United States",2024-08-02
889e5653-ed03-455e-85a9-1b7188df6ed9,good,5,male,"Glasgow, United Kingdom",2023-04-23
b3754da8-cb9d-4edd-b22e-75509b3dbf3a,Good,5,female,"San Francisco, United States",2025-01-18
d192769e-783c-4043-9487-52a653681d21,Good,5,female,"Perth, Australia",2025-12-06
24d8aeed-77e3-4757-957c-88d6ccb0cd4e,Nice,5,male,"Phoenix, United States",2024-10-01
460ee298-268e-4d94-82da-15ccc0fd3c2a,The best pokoknya,5,male,"Chennai, India",2023-10-12
63c090dd-dce8-4240-b205-b0378f16222a,Ok,5,male,"Copenhagen, Denmark",2023-05-03
4ecfc199-dd6e-4fb7-abe2-0393780e1fc2,Good quality,5,male,"Dublin, Ireland",2023-06-13
e4d39b43-0854-4418-9e26-ff70cad664a8,My,5,female,"Fortaleza, Brazil",2025-05-14
226cb4b6-88c1-47bb-9e2a-4d10609487b4,Hi po,5,male,"Accra, Ghana",2024-01-23
4c03eb9a-88b6-427e-ad05-f3a2bd796b31,Love you tiktok,5,male,"San Francisco, United States",2024-10-15
20ac2c24-b0da-4ab9-b764-d5a0631a2edd,Good,5,male,"Dallas, United States",2024-09-01
9e8d601f-ee47-4e91-a12a-b63ef3d2ee36,good,5,female,"La Paz, Bolivia",2025-07-06
f907e206-9012-4863-9c56-f612335791af,Tq,5,female,"Salvador, Brazil",2025-03-16
8b2dc43b-6018-4e36-a0ed-00b962359d05,done,5,male,"Toronto, Canada",2024-08-06
b8b28939-b6f1-4d78-8f3f-c8c87a98a4c4,It's was nice but when I started it said no connection but I already have connection and wifinpls fix this tik tok :'),5,male,"Geneva, Switzerland",2023-07-08
857fbae4-8218-4a00-89f5-414116bb12fb,Look Z,5,female,"Houston, United States",2025-01-07
0b134225-fa75-4239-b408-8a79a238b85c,Mlbb free Diamonds,5,female,"Adelaide, Australia",2025-11-23
7057b587-4117-4c4e-84de-2ac6f930597c,Great,5,male,"Vienna, Austria",2023-04-11
ddb9b7f0-9a25-4d9e-ad45-0557c82b1beb,Good,5,female,"Montevideo, Uruguay",2025-04-14
f11a5b20-4bca-43a2-a2c5-ce411b9969cd,Nakakawala ng stress😊,5,male,"Hong Kong, China",2023-11-24
74f1ae2a-b5b3-4525-851c-24042eb28244,Update... Update... Update... Update.. too much.. boring.. why every week? Your game make app slow..force update..,5,female,"Brisbane, Australia",2025-11-02
23e7f56e-b102-4b94-a400-3184bc86a6ec,I love this app stress free,5,female,"Montevideo, Uruguay",2025-03-27
05889257-4862-4fcd-a172-579fd548cf67,Super happy,5,male,"Washington DC, United States",2024-09-28
a8d1ca2f-fd2f-4e31-942a-0f53ff9bdaa3,Thats awesome app i like it plz unban,5,male,"Taipei, Taiwan",2023-09-16
c1ec9791-d5c6-4465-a18a-80a19cf05636,Gut............,5,female,"Mexico City, Mexico",2025-01-04
0cf030e0-7850-40ad-9885-11730bbc9155,ใช้ดี มีเพื่อนเยอะ,5,male,"Prague, Czech Republic",2023-04-10
79eb2f87-3b29-4121-87bc-7a98e30ef667,Recomanded,5,male,"Dubai, United Arab Emirates",2023-10-16
1fb7a9c6-1506-42da-bbc2-4e45729fee79,I cn make any content to get more followers haha,5,male,"Jakarta, Indonesia",2023-12-07
8911bfbf-557b-47a0-a2c9-ea03ba333864,Nice,5,male,"San Antonio, United States",2024-10-22
86fb7877-0605-4556-8285-48a0c4763e2a,I love tiktok,5,female,"Fortaleza, Brazil",2025-06-18
3d6f4113-9edc-4f5f-b13a-de967e6e0ad3,Good app 💗,5,female,"Suva, Fiji",2025-08-16
051e6b18-e182-42c8-a1d0-a3feb105fc42,nice,5,male,"Nairobi, Kenya",2024-05-06
4e9541e8-067a-43d5-a420-9e91b0e4a218,I like tikto because this is very short video but many give feeling.,5,male,"Nairobi, Kenya",2024-06-01
3b3f8e3b-b297-4412-9c37-09cfd0148391,123456 .. .. .. . . . Taw tr tway LeeBAl,5,male,"Mexico City, Mexico",2024-11-08
537f2ebe-7b9f-436f-950f-866230faed33,Xịn,5,male,"Vienna, Austria",2023-05-08
2d5d99f9-a59a-475e-a7ad-4fe2578d69f1,Love ❤️,5,male,"Dublin, Ireland",2023-05-05
0667a01e-9bf8-4e78-ae4e-a85ff254d8fe,Hhcgsvhdsbvlez8hdzd ks kwvdi2gu1hdi2g7w82gd8t28dy3xy29x92g82gdgd9gbhdgdhryhuw8wt7rtrhd68wo1jwgd6e7eyr5129pqjxvre62653wr7r8y9yobkcjgse42t8iw6fj1gf8guf,5,female,"Montreal, Canada",2024-11-26
02a17962-c723-482b-9cf5-4ba4c03caea4,Super fun,5,female,"Sydney, Australia",2025-08-23
bd4e838e-d17b-4857-9b2c-f349d4f2d37f,Very entertaining!,5,female,"Fortaleza, Brazil",2025-06-07
22a19d26-ed32-4b88-8997-375ddb9f2da7,It helps me so much. Especially when it's all about life.,5,male,"Boston, United States",2024-07-29
3f7d09d4-3eb3-499a-a4b4-2e7c39387740,Nice madia,5,male,"Nairobi, Kenya",2024-02-15
ca10ded5-3469-4efb-95ee-7490d511d688,tiktok love me time love you me ko like pa kya par pleases,5,female,"Fortaleza, Brazil",2025-08-02
2cd7dd1e-98c9-466c-9802-0f81b2ab0519,Good app,5,male,"Phoenix, United States",2024-06-28
ce9c096c-cdb8-4a30-ac92-ba6e59919dbf,So happy for this app..,5,female,"Arequipa, Peru",2025-07-04
a4fe1419-6367-4cef-9f3f-25a0b2af7014,👏🏼👍🏼🤟🏼,5,male,"Berlin, Germany",2023-04-03
108369d7-898c-4f3b-ab42-885a8184f423,hatag uyab,5,female,"Ottawa, Canada",2024-12-16
3264b09a-c257-4eae-a147-20d2561b5137,Nice app,5,male,"Chennai, India",2023-09-17
52f80379-d94e-4dfd-8880-f89d14b46629,Beautiful,5,male,"Philadelphia, United States",2024-08-13
98a69da0-637f-44c9-a59d-955885524e0f,Good,5,male,"Beijing, China",2023-12-08
f85e7ba2-0361-4be5-bb28-ddbdc522e9c7,Amazing,5,male,"Manchester, United Kingdom",2023-04-04
9cbae1b3-2210-4537-a2dc-7849a682d27c,Nice,5,female,"Port Moresby, Papua New Guinea",2025-12-08
fb532d4b-2c5f-4f8e-ab54-19cba8929ea3,nice,5,female,"Perth, Australia",2025-10-25
26e0a061-9af0-415d-87f1-ebfa6fdb07c1,Dft,5,female,"Port Moresby, Papua New Guinea",2025-11-11
b14bc29f-b244-49c7-a5fa-5f4ad1c823fc,Masya.,5,male,"Denver, United States",2024-09-24
1bb6b923-3c15-4d87-96d2-385c9af4228c,Very good,5,male,"Prague, Czech Republic",2023-03-29
a24e2fa6-8c67-4633-9c24-3601110185e4,Newbie here,5,male,"Durban, South Africa",2024-05-20
6313df59-f9ba-4be6-a260-26892dbdca2b,I enjoyed using tiktok there's so much options u can quickly change ur looks depending on ur mood.😁😆,5,male,"Calgary, Canada",2024-10-27
58702dfd-8828-452d-bc0b-bd6b48d7e4ad,Good nice app,5,male,"Hamburg, Germany",2023-04-10
291e81f9-ae3a-4afc-a6ed-4298d7829664,👍🏻👍🏻👍🏻👍🏻👍🏻👍🏻,5,male,"Cancun, Mexico",2024-07-09
496e4c1f-b854-45db-9770-5345c8a0972a,It's good when will youaddthe text to speech Selection thing,5,female,"São Paulo, Brazil",2025-07-03
60bcab01-dfff-4717-a25e-bfa308192a4e,The best,5,female,"Quebec City, Canada",2025-03-01
44b77ee8-166f-496f-9958-632049a730e1,"Everything so good i really like it, but live option still close in Pakistan, please solve it",5,male,"Algiers, Algeria",2024-05-30
1b3051b1-75c2-413c-b748-5693dc61160c,I love tiktok to dances,5,male,"Marrakesh, Morocco",2024-05-02
2cb9bc4e-0391-4b05-acbf-d15d529ad2df,소ㅓ,5,male,"Toronto, Canada",2024-07-12
d75e38b1-3d06-4b8f-b3cd-1fdafcc2fb4d,I dont have location option,5,male,"Algiers, Algeria",2024-06-09
43e11f14-df97-4866-9053-a21047a7965a,Excellent,5,male,"Jerusalem, Israel",2023-09-23
57ac59ff-9ea4-4475-8df5-6c14f29ccdf2,Use it wisely,5,male,"Cairo, Egypt",2024-02-20
2c2d9032-87ac-4806-86a2-8d2b214f0fca,my love Tik Tok myBryer my stearmy frita boes,5,male,"Marrakesh, Morocco",2024-02-10
af44f850-bf8c-47d6-8eb9-6f9fd1626aa6,Amazing,5,female,"Perth, Australia",2025-12-10
4cc3370d-82d9-4621-be97-db5ed8510cc4,good,5,male,"Valencia, Spain",2023-05-17
3f3208a1-de63-4ae1-96f9-da437536bb7d,This app is good I like this app,5,male,"Kumasi, Ghana",2024-03-04
252b9944-d09d-4fb1-84bd-fc7e43ff8876,Nice but I want to rise my veiwers for a cost,5,male,"Dublin, Ireland",2023-05-23
6a62f400-82f5-4018-9ccf-795e90bc21d4,Good,5,male,"Dallas, United States",2024-08-04
0b417761-54fb-4c28-ae27-d97b9ff12273,Hambimbara...,5,male,"Geneva, Switzerland",2023-03-31
26897649-8fe0-4b64-b95e-4ebdfbe18b07,Very good,5,male,"Chicago, United States",2024-09-01
41683e86-d99d-4334-8e19-51d752312ad7,Funny,5,male,"Quebec City, Canada",2024-08-18
583e34cc-1975-4b64-86e2-e06e0d03a643,vg,5,female,"Toronto, Canada",2025-01-11
537660d2-c78a-4060-9642-e30c3d37886b,murag dinosaur,5,female,"Montevideo, Uruguay",2025-05-07
485ca2a3-6e0f-4907-99a5-e70170136a76,Is very good and have of people even my biggest favourite YouTuber Tik Tok a very awesome <3,5,male,"Houston, United States",2024-10-25
c1ab366f-370a-41fb-bcbc-bcd55421b49a,Ganda suppr,5,male,"Athens, Greece",2023-05-24
3a4e80e8-6688-478a-bc15-b59e678a8130,I like TikTok cause my friend and I can dance the new trend,5,male,"Denver, United States",2024-08-09
3f2492a2-388d-4248-8c89-74b26a27a013,Cum,5,male,"Marseille, France",2023-07-24
32c60f21-b57a-4b63-8530-74452645724c,Excellent,5,male,"Manila, Philippines",2023-11-11
a8a4e480-cb30-42a4-8e8f-d33c978ab9d7,"It,s like",5,male,"Lyon, France",2023-04-17
860da9be-228e-4422-bcab-7efb04bcba07,Easy to sell and boost my confidence inspired for stationery.,5,female,"Jacksonville, United States",2025-02-24
d59fe018-d93a-4ac5-9a7a-741f13595540,TikTok is so nice,5,male,"Nairobi, Kenya",2024-01-31
3bcd7808-c760-4045-9c51-13d5b62d3d96,The best apps.,5,male,"Chicago, United States",2024-10-02
ff3863a0-8106-4be4-95d0-c73915f90b72,Olalala,5,female,"Jacksonville, United States",2024-12-02
68ef2ad8-8142-40a7-9c00-5277ee96cc2a,Amazing,5,male,"Seattle, United States",2024-07-20
1a666ae4-6ac2-46d7-aa06-74e4026038ee,Updating ang tiktok ang hrap,5,male,"New York, United States",2024-10-03
500c3577-e48b-4742-b5ce-7c92b9911d67,Fantastic,5,male,"Windhoek, Namibia",2024-01-22
b0033ac9-5f21-4237-a800-2eef018ad767,Thank tiktok because you make meeee happyyyyy:),5,female,"Canberra, Australia",2025-11-29
9c807862-fd62-4035-8f1c-9855652dce4c,𝘞𝘰𝘸,5,male,"Ottawa, Canada",2024-06-30
2725aa4f-e2cc-40bc-b6ba-cde8aa81af6c,လ​ြု,5,female,"Wellington, New Zealand",2025-09-23
4f0e94a1-585c-4d90-9572-48d18bf5d5be,Funny 🤣 And best enjoying,5,male,"Manchester, United Kingdom",2023-06-09
23284c5f-ab2d-4a64-a056-99df4c755e36,AMAZING,5,male,"Tokyo, Japan",2023-10-06
132c674e-65da-43dc-826b-55cf6475e02e,Slayyed,5,female,"Guayaquil, Ecuador",2025-04-05
3bfd7c62-ca42-4df0-9388-ad1c7b49c91b,boynoli,5,female,"Port Moresby, Papua New Guinea",2025-11-07
9b09cbfa-3eef-443b-abd7-651386b9172e,Nice,5,male,"Rome, Italy",2023-08-05
41162fb7-47f1-4679-af51-2ae062f5c17f,Good and excellent,5,male,"Toronto, Canada",2024-10-20
31ea46d3-4d6a-4330-8c87-940f1864002f,Good,5,male,"Chennai, India",2023-10-09
00eaaa04-c54b-4a1c-bca8-bdb1fa5fd9a7,Nice app,5,male,"Helsinki, Finland",2023-04-05
c0455855-f374-4b22-937c-149f5f793013,so nice,5,male,"Paris, France",2023-05-02
c9d0c72e-ba2b-4efe-9bb5-664bea344992,A trend effect none on my effect and the adjust beauty is not all available to me pleace help,5,male,"Cairo, Egypt",2024-01-28
e6d17b22-e37f-4bc9-8d53-7a96196cfb0a,"Best sangat sangat sebab boleh scrol² video , terima kasih tiktok atas apk nya ✨",5,female,"Córdoba, Argentina",2025-05-12
f907c936-a8ee-472b-aca1-df4d7a87547c,ดีค่ะ,5,male,"Lusaka, Zambia",2024-03-03
8b551b47-ea67-4d16-bc62-6c553ee2804b,I love tiktok seens igot this app... A lot of fun adias and anything,5,male,"Abu Dhabi, United Arab Emirates",2023-10-15
f78702e9-2103-45b4-851c-682226c88d94,This app is very nice for who was boring👍,5,female,"Suva, Fiji",2025-11-30
a54513c9-3ab7-492a-8522-4b893d4f3ad0,This app is amazing,5,female,"Lima, Peru",2025-04-18
57502cfe-235f-414f-ae39-0439153e6b71,Hhhr Bshdhe Dhhshe Hehehheh Jejej,5,female,"San Diego, United States",2025-01-18
9c7a7a56-3220-4595-8a31-37b81656776f,The best from the East,5,male,"Shenzhen, China",2023-09-11
272ae91b-790f-492c-ae7f-fdd4f0f4a816,I like it so much because there's a lot of funny videos and dance,5,male,"Abu Dhabi, United Arab Emirates",2023-11-19
2efe44ad-65db-4d90-9278-851b295d0014,Its soo cool,5,female,"Jacksonville, United States",2025-02-06
d5233afd-03e2-4b50-855d-2189d047e9d0,Love it ☺️,5,male,"Doha, Qatar",2023-12-14
4abcc596-a389-438a-9e49-0b45cf166814,SO COOL WOW🤩🤩🤩🤩🤩🤩🤩🤩🤩,5,male,"Seattle, United States",2024-08-08
b24915b6-1011-48f3-a5b4-6f5cd2993ba3,IT'S COOL OMG!,5,female,"Christchurch, New Zealand",2025-09-08
b1036f8d-2eb8-4229-a8c9-70fa054a2aa2,baga't tanga,5,male,"Guadalajara, Mexico",2024-10-22
a4315d46-3f07-4082-8480-e31bf62b4458,Enjoy,5,male,"Edinburgh, United Kingdom",2023-05-28
b0b2d5f2-c70c-44b9-a989-a830460e3e32,Great apps. And i love it,5,female,"Christchurch, New Zealand",2025-11-19
b752e333-1984-4cf2-a57c-8a4b1d61c322,Its nice that give me a good vibes and make me comfortable .,5,male,"Paris, France",2023-07-29
3030e2e2-e9fc-44c1-84b0-fc8790b5e910,Tq,5,male,"Johannesburg, South Africa",2024-04-06
b67b1cee-2e5d-44ba-82c7-204e85695cb8,အပျင်းပြေတယ်😁😁,5,male,"Prague, Czech Republic",2023-04-06
4158f027-dd5b-45d7-b1c4-7728cda93da2,Best la boleh cari kawan baru tak rugi Do,5,male,"Valencia, Spain",2023-06-12
e96a4596-57d7-4b2c-8a33-f5c93a819c3e,Wow,5,female,"Melbourne, Australia",2025-11-06
3be7645d-5791-4a3a-880e-f469194640f3,"I love this app but, my effects are not downloading 🙄🙄",5,female,"Rosario, Argentina",2025-06-28
043e8e29-7f3b-493c-9e53-159879ddc4ee,It's good to use it. I give 5 stars ⭐⭐⭐⭐⭐,5,female,"Arequipa, Peru",2025-06-05
af4b69cb-9ae1-41c5-bfa4-4ee22258fd72,I likely tiktok,5,female,"Rio de Janeiro, Brazil",2025-07-27
78a6d844-b0eb-4c01-b4e0-ed7b5247d6a7,Nice injoy,5,male,"Marrakesh, Morocco",2024-06-01
9ca41b6f-7a02-48c4-a152-c205dcefe2a8,Pleasee give me ang followers and fyp my video and likes,5,male,"Rabat, Morocco",2024-03-17
70452f29-3d87-4149-80b1-b50f13945110,Tiktok plss report us,5,female,"Caracas, Venezuela",2025-03-22
b52914d2-4233-40d7-8f01-480786f8171e,I HOPE TIKTOK DONT BE SENSITIVE! HOW MANY TIME USER NEED TO CREATE NEW ACCOUNT WHEN EVERTHING IS SENSITIVE THEN ACCOUNT BANNED ??? HMMM,5,female,"Toronto, Canada",2025-01-01
07892933-d52e-4869-a391-fe8f54a1be19,The blahh³ is blahh,5,female,"Port Moresby, Papua New Guinea",2025-11-23
9e536112-099c-47d8-8bcc-61eff9d89d16,verry nice app tanggal stress,5,male,"Brussels, Belgium",2023-06-04
1ed4b132-3214-4519-b1f3-369a342a4d27,It's so good tiktok,5,male,"Shenzhen, China",2023-10-20
bddb1fc8-d077-4798-8cff-5a64be090b5c,So good,5,male,"Kumasi, Ghana",2024-04-11
b2cee77e-90e4-49fe-867e-a91db8c2cce5,I'm injoying much,5,male,"Busan, South Korea",2023-10-28
f521bc31-955b-4763-9940-478c1e0ca626,This is my favorite app beucuse i'm dancing😻 Thnk you tiktok,5,female,"La Paz, Bolivia",2025-07-06
94ff77e5-61ae-46aa-aa1b-793f81871b86,Perfect,5,male,"Phoenix, United States",2024-10-27
c1fd4970-cc69-4287-9728-a7c7caef5cfd,🥰🥰💕😘😟😭🇵🇭🇯🇵🇰🇷,5,male,"Tripoli, Libya",2024-01-23
d9d3cb68-29a6-4a10-8199-e7365e1bef80,Easy to navigate!,5,male,"Lyon, France",2023-07-22
1e48a0b0-97c4-44ea-8557-f5812b9750f6,this app helps me countinue to do my passion,5,female,"Hobart, Australia",2025-11-14
77508d92-48c4-4bcf-a1c9-4d8f94b95358,I like this app it's awsome and it's more fun i really like this appamazing,5,female,"Santiago, Chile",2025-07-04
ae3377b9-9522-4496-9ad5-2c5280b454e6,good,5,male,"Oslo, Norway",2023-05-31
585d3805-12c0-4c1f-b6b4-dc9684d748a9,Bagus 👍,5,male,"Lusaka, Zambia",2024-01-21
5109d768-a27a-4c2a-9e60-1021018ce081,Ihate this app Kung kailan aku may 1k followers ma babannnnnnnnnnnn,5,female,"Phoenix, United States",2024-12-20
d4e83179-de47-4209-8cf3-6471267b465c,Good,5,male,"Phuket, Thailand",2024-01-09
4082142e-ffdd-475f-b310-3a803db7fd3a,Good 👍,5,male,"Paris, France",2023-06-06
eda35d54-e8dd-4150-ae38-527a98bb3ce5,super vibes,5,male,"Doha, Qatar",2023-10-11
41ba75ed-ed7d-4dee-b835-731c63d93a78,Very Good,5,female,"Nadi, Fiji",2025-10-21
1a7cf017-3d67-470c-aa8b-95b4a8be40c6,Please grow up My account...🤗❤️📢📢📢🙄🙄📢📢📢📢📢,5,male,"Nairobi, Kenya",2024-02-08
bfef9ff9-d9fc-41e8-8911-1988aa60d0a1,Not bad I love it 😊😊😊,5,male,"Chennai, India",2024-01-10
fb8c3f3d-f26e-49e2-b481-989177d99d11,Up,5,female,"Wellington, New Zealand",2025-08-15
75a2c567-4e4d-448d-b9e4-dfa53a217d53,Good,5,male,"Kumasi, Ghana",2024-01-17
f20f9e6d-49f4-4e24-9c9f-7bce6a9c52bd,Ko si lay,5,male,"Tokyo, Japan",2023-10-24
fbc66bed-84da-4d46-affc-ae70aabe91cb,easy to use,5,male,"Lahore, Pakistan",2023-09-01
402de9ad-ec02-4092-9b80-f7c5df70447f,So expensive,5,male,"Tunis, Tunisia",2024-01-15
1b44f900-c339-486e-9ad7-f78872fbd655,It's really cool for me hehe,5,male,"Delhi, India",2023-10-22
2d17499d-3243-4a28-9f65-06122bd850c7,soe good,5,male,"Washington DC, United States",2024-06-12
31c0ad62-ec4e-465b-8f44-ef5283bc3667,"Hey how you doing,Welcome to the candy shop KUMA KIWA SIKA LOLIPOP",5,male,"Busan, South Korea",2023-08-22
f4701696-66eb-4802-a01f-9b87d14c0560,Its tine but lot of innapropriate things,5,male,"Delhi, India",2023-11-20
73d8ec13-f31f-43ba-93e0-7b5f6a7f7b17,Best time fun makes videos fun karens to watch and more!,5,female,"Caracas, Venezuela",2025-06-09
d5e18339-238b-450f-8e9c-e0be613888c5,So good,5,male,"Lyon, France",2023-05-23
d68c1503-0bfa-45d1-8602-4b5a5ceb8b26,Good,5,female,"Melbourne, Australia",2025-09-28
46fa8f5a-f25a-49e5-93a8-b57d0c2bddae,Love,5,female,"Córdoba, Argentina",2025-03-11
0afcbb55-49a0-4943-893a-b3d1472c70ad,My sister is watching tiktok and i hope this is the best app,5,male,"Austin, United States",2024-11-01
ba257c41-4e4b-4c15-a167-a2b8c1a27406,Very much good and i love it with this apps TIKTOK im very much enjoy thank you so much Tiktok ❤️❤️❤️,5,female,"Guadalajara, Mexico",2024-12-12
7906ecec-6602-4277-aa1c-e1066d72f57b,good,5,male,"Cancun, Mexico",2024-09-08
da0341ec-0130-49db-a4aa-95e6b4d2f223,Ok guy'',5,female,"Nadi, Fiji",2025-10-28
9d304458-d197-4227-a11a-b5764dcbe512,SUPER 😘 nice for me❤️,5,male,"Munich, Germany",2023-07-18
b5929d7c-1cab-4f24-a35c-cf8da907fed6,Good,5,female,"Hobart, Australia",2025-12-02
cd84a696-6ce3-49c3-bc9d-4a5bbc0b409f,🖤🖤🖤🖤🖤🖤🖤🖤🖤🖤jlopez,5,female,"Rosario, Argentina",2025-06-14
f768d041-df97-4565-8e61-866a88e84b12,Using the same time Hi Hugh and the kids,5,male,"Zurich, Switzerland",2023-03-30
19485cf5-af21-4ba5-8eeb-0cf362c6cfb8,YIPPEE....AAAAAAA,5,female,"Nadi, Fiji",2025-11-21
69c23b1e-cd0e-4baf-b315-233ca4894619,Wonderful,5,female,"Jacksonville, United States",2024-12-12
d1381d96-6236-4f14-ada3-07323ca4d77f,The best app!,5,female,"Salvador, Brazil",2025-04-06
95470bbb-1a63-4ef8-a747-844fcbaa5651,love it so much 😍,5,male,"Munich, Germany",2023-05-27
b9519bb8-f988-4333-8ccb-3ba56b6e68e6,Astig,5,female,"Denver, United States",2025-02-24
e13957af-8d28-4152-a716-e0d55dc5d8c1,good experience,5,male,"Stockholm, Sweden",2023-08-16
5f92e120-8f7a-4d2d-9bf9-c35eb00ecbe2,်TikTok,5,male,"Algiers, Algeria",2024-02-16
a21003f1-9a45-4e51-a37e-29f23b7e4d46,"woyyyy tktod, mksdnyaa apaaa bkin fyp prenjon ak kyaa gitu??, Awassss luuuu tktod",5,male,"Manchester, United Kingdom",2023-08-13
75a5dc22-af07-4301-a089-81c82d72b3ca,Why can't update this tiktok?,5,male,"Seattle, United States",2024-11-02
20795d7b-f9b1-4727-a4be-3640815b7b27,Good,5,male,"Philadelphia, United States",2024-07-26
134d47e2-f676-4cfb-993f-d443d531d556,Yeah is good but the mb is 4gb no my goodness i never gone,5,female,"Wellington, New Zealand",2025-08-22
2fe77538-dd5d-444f-a907-55cc063f1a8c,Tiktok is the bestt,5,male,"Guadalajara, Mexico",2024-10-17
42cb5e0f-4a11-4c2a-8cb0-964550472c20,Dito lang aq sumasaya,5,female,"San Diego, United States",2025-01-11
85197d2f-e5ff-4d45-8f26-45c368cbe67c,But why the filter is not working,5,male,"Lahore, Pakistan",2023-11-03
616e3eb1-5cdb-4a0b-8b1b-f83842c7750c,Interesting apps👍😋,5,female,"Melbourne, Australia",2025-08-25
a8f8d6d1-b5ed-4912-b394-7e7458c6c1aa,rất hay,5,male,"Nairobi, Kenya",2024-05-17
4e42d35d-78bc-45c8-bd1f-33e39c3e1976,𝐓𝐡𝐢𝐬 𝐚𝐩𝐩 𝐰𝐚𝐬 𝐯𝐞𝐫𝐲 𝐛𝐞𝐚𝐮𝐭𝐢𝐟𝐮𝐥... 𝐄𝐬𝐩𝐞𝐜𝐢𝐚𝐥𝐥𝐲 𝐭𝐡𝐞 𝐟𝐢𝐥𝐭𝐞𝐫𝐬 𝐢𝐭'𝐬 𝐯𝐞𝐫𝐲 𝐠𝐨𝐨𝐝 👍 𝐈 𝐥𝐨𝐯𝐞𝐫 𝐭𝐡𝐢𝐬... 𝐀𝐥𝐦𝐨𝐬𝐭 𝟐𝐲𝐫𝐬 𝐭𝐡𝐚𝐭 𝐈 𝐮𝐬𝐞 𝐭𝐡𝐢𝐬 𝐚𝐩𝐩... 𝐈 𝐫𝐚𝐭𝐞 𝟓 𝐬𝐭𝐚𝐫 𝐟𝐨𝐫 𝐭𝐡𝐢𝐬 𝐚𝐩𝐩 𝐛𝐞𝐜𝐚𝐮𝐬𝐞 𝐢𝐭'𝐬 𝐬𝐨 𝐬𝐨 𝐛𝐞𝐚𝐮𝐭𝐢𝐟𝐮𝐥 𝐥𝐨𝐯𝐞 𝐭𝐡𝐢𝐬 𝐚𝐩𝐩 😍🥰😘❤❤❤,5,male,"Bali, Indonesia",2023-08-24
d13107c4-b26a-43ec-8824-a4530924abae,So so good,5,male,"Alexandria, Egypt",2024-04-27
916bd7bb-e069-4bb0-94e8-8fff171f7705,I love it 😍,5,male,"Philadelphia, United States",2024-10-06
109c87a6-4e70-4be4-bd1e-252b5c4c8ebd,This is so good app I like the feature and the quality of video,5,female,"Melbourne, Australia",2025-10-05
58e4ed08-0209-4551-8e90-d9b857926180,It's so cool,5,male,"Monterrey, Mexico",2024-08-03
1f4cfd66-afe9-4bab-b6af-10aadf3f9502,This is so happy and he's funny💜💜💜💜💓💓,5,male,"Doha, Qatar",2023-09-04
2f8c894e-98b2-4543-abaa-d4a213792753,The best,5,female,"Santiago, Chile",2025-04-04
a4c03f9e-26c0-4b2e-ae4b-cc4102d9046d,Nice and easy to use,5,male,"Dubai, United Arab Emirates",2023-11-13
94cbbdcb-2a68-44d4-93e2-65a4115eb103,I like it,5,female,"Brisbane, Australia",2025-11-07
0b5a4048-63bb-4dd7-87d4-50fdf065de39,This is so nice love you TikTok song mhuahh,5,female,"San Jose, United States",2025-01-19
f2346348-2b7b-40fd-b27e-4446440ea9b9,This app is so very good,5,female,"Arequipa, Peru",2025-03-12
022d2c5c-e3ed-40a5-bb5e-5744c5d609da,Sana all,5,male,"Cairo, Egypt",2024-03-30
1ee2515e-55cf-4a12-99f7-ce69a85c840c,Beautiful,5,female,"Caracas, Venezuela",2025-05-11
be0c9a0f-f6a0-4312-82d0-0a1b3b3cb94f,Magnificent app.,5,male,"Glasgow, United Kingdom",2023-08-08
a74149b7-71e4-40a0-be27-08a50ae4d1b3,mwaaaa,5,female,"Cali, Colombia",2025-07-16
a1eb85df-2bd2-4429-985c-88deb5264e08,ᴍᴇʀʀʏᴄʀɪs,5,male,"Berlin, Germany",2023-08-09
806635cf-e58b-4029-bd8b-ab84c47005d2,I enjoy,5,male,"Los Angeles, United States",2024-09-27
2f598662-e295-45a3-a8e7-817943ad19e0,Pasikatin moko tiktok,5,male,"Karachi, Pakistan",2023-08-19
569f8f25-90a7-4175-9122-247c03f377db,Yeah,5,male,"Shenzhen, China",2023-10-06
fb6e0351-3788-44c7-b2d0-090627ea5725,A really good app but sometime it glitch,5,female,"Toronto, Canada",2024-12-10
74856ad5-67ea-4163-bb11-d7a3dddc5b32,Good,5,male,"Mombasa, Kenya",2024-02-01
bba76d03-b064-4fcc-9f1b-a40968c012ac,Love it,5,female,"Medellín, Colombia",2025-03-30
84544a2d-71c1-4d04-8e3d-e90d918e0fad,good,5,male,"Tel Aviv, Israel",2023-09-11
6d731950-d55b-4519-b1df-ecb8877edd47,No experience,5,male,"Ho Chi Minh City, Vietnam",2023-10-27
02264945-6fab-448b-8960-498513605e37,This apps is cool,5,male,"Valencia, Spain",2023-07-15
95c63852-da1c-46b1-9745-96679056e5af,Oks,5,female,"Gold Coast, Australia",2025-12-09
4324c275-62f6-4e9e-a17d-254ef608b5e4,Awesome,5,male,"Accra, Ghana",2024-04-23
3f88cfc7-e3e3-4496-bd2a-1feb502ab39d,Very good,5,female,"Córdoba, Argentina",2025-06-15
5b2db692-9119-478c-af51-89267ea4531f,Good,5,female,"Asunción, Paraguay",2025-07-29
8f6261c2-22c7-42e5-b58d-bd6516d8de01,I like tiktok so much.. Stress reliever,5,male,"Tel Aviv, Israel",2023-10-03
cfd3738a-96ce-49d9-b9e4-ca4b830dba31,❤️❤️❤️❤️❤️,5,female,"Quito, Ecuador",2025-07-14
c8056428-1695-408f-a821-d703468da1c7,I like tiktok because stressful and i see more distenation in the Philippines,5,male,"Cancun, Mexico",2024-10-12
876d4dbd-9b3b-4912-90e4-97c1526577ce,Daer tuyi,5,male,"Geneva, Switzerland",2023-07-24
ad1a6112-66fa-49b6-9c73-93b315833abf,Good,5,male,"Hong Kong, China",2023-12-05
267ab3c7-cae7-4712-865b-027906c3c32f,i like it,5,male,"Taipei, Taiwan",2023-11-08
b490b967-574b-4f9b-9763-343ce6828392,It's cool but i cant open my another account :( it's 1000 folower,5,male,"Kathmandu, Nepal",2023-11-10
b0d4ed39-4b46-43b4-9d40-4e0a00768043,Nice,5,female,"Lima, Peru",2025-04-04
9225f4a0-02c8-44bd-931d-4cd5d7e057d7,"I wanna say this app is Great , help me hide some kids in my basement :D",5,female,"Brasília, Brazil",2025-06-28
5d85bbe0-514c-40ff-ab72-2401a3dda252,Sangat best,5,male,"Addis Ababa, Ethiopia",2024-04-10
e50c753b-4ff8-457c-8ec8-f880bb74074c,Its good,5,male,"Zurich, Switzerland",2023-04-17
35a298f6-c2cf-4b7c-bc2d-b1cfc32a7204,Why i cant download tiktok?,5,male,"New York, United States",2024-09-29
03fc5cf3-f2fe-4a4b-97d9-16a9bcfa5d9b,It's fun and educational It's depend in what do you want to watch or to content.,5,male,"Durban, South Africa",2024-04-13
dfdef305-1f34-4a5e-8096-838f6c25314a,Nakakarelax na app,5,male,"Harare, Zimbabwe",2024-03-05
ffa5a0f8-d55d-4fb0-a5bd-c2d19f60e10c,I can't download titok ples fix it but I love it,5,male,"Mexico City, Mexico",2024-09-20
68e0db8a-0346-4b85-97f8-98347d6949ad,"Man this thing is perfect ⭐⭐⭐⭐⭐/⭐⭐⭐⭐⭐got lot of thing but idk why I can't live, maybe it's for adult or 18+ for sure.☺️",5,male,"Monterrey, Mexico",2024-07-12
2bf49f09-0bbe-4d8a-b9aa-f14b6880fe4e,"Hi Team, for next update please include the features Overall Top 5 Spender Chart for Host. (Example: 1st. John spends 3 Million Coins to Host, 2nd. Peter spends 2.3 Million Coins to Host and so on..)",5,male,"Paris, France",2023-04-23
8cc4d274-3c0e-438c-8d67-ead347d753d3,like,5,male,"Mexico City, Mexico",2024-10-08
ac4d6831-298a-4f64-a507-dfe4b280c0c3,happy watch the video,5,female,"Arequipa, Peru",2025-05-10
f9cea827-5e3f-456a-97e1-4a7f367bb75a,It's make me happy,5,female,"Austin, United States",2024-12-18
ae1a8b76-d58f-400d-9e11-47f2a24a0f58,Nice,5,female,"Seattle, United States",2024-11-22
5ca41aa8-cdeb-4476-a713-0d1cb5e231e1,GG,5,male,"Beijing, China",2023-11-22
82648a5b-bd9d-46d2-9adc-2a4891dff3d4,Omg I love this app so muchhh😌😫🤪😘😎😜💅✨🤑💥🙄😝,5,female,"Santa Cruz, Bolivia",2025-04-06
3715e546-c048-4870-9d69-034c3b1d9542,Best app ever can't live without it now,5,male,"Cancun, Mexico",2024-06-14
9437cd35-50e4-487c-bf7c-5a6b0653bac5,Nice,5,male,"Busan, South Korea",2023-09-16
5871650b-2f30-4f06-bdba-6d928c5406e0,Please tiktok put an update to andriod just like the same as ios.,5,female,"Boston, United States",2025-03-02
ea9c1a72-4d0b-43b3-bd0f-52564da8c0fc,"I had fun in this app Even though there's lagging and some ads, I've wasted my time well",5,female,"Medellín, Colombia",2025-07-17
5dad6a70-fdf8-42ef-877d-e286d2eda2f9,Good 👍😊,5,female,"San Antonio, United States",2025-01-19
fad68a83-c776-4f0b-a68b-91b3ad09afd2,Sangat bagus walau mengeluarkan banyak kuota,5,male,"Seoul, South Korea",2023-12-07
146e47f7-8cbe-44db-bca7-e87db653acf0,Nice app,5,male,"Tunis, Tunisia",2024-03-16
721624b7-63ca-46c0-8be7-1fb9bd7645b2,This app is very amizing,5,male,"Athens, Greece",2023-07-18
37cfc572-cfb9-4ed8-8f13-0acb22785cba,leebalyamal crd((!maybe),5,male,"Toronto, Canada",2024-10-18
f3949db4-3793-4587-88a7-b3f2b1b4138d,the app is good but I have a one problem. why i can't watch other people live room,5,female,"Sydney, Australia",2025-08-11
d35825fb-7136-476f-acb1-c1e285a50ef3,Good's,5,male,"Chennai, India",2023-08-20
ddff5b32-eae7-4a07-a716-d1d96bfe90a6,Good,5,male,"Manila, Philippines",2023-12-19
ff5cf2ee-754e-494a-90f3-f4745ca6a1bb,5 star cuz i like these cuz i can si a vid and some body follow me,5,female,"Nadi, Fiji",2025-11-05
a153717c-833a-472b-ad28-ddf28104de67,Yessss its Very gowd,5,female,"Jacksonville, United States",2025-02-14
029a6afd-adb0-4bd3-b3f8-ee46eb4ec989,Good,5,male,"Dublin, Ireland",2023-03-26
ad86cd98-a7b4-44b7-a70a-55cefd513d6b,Its so nice and i like it 😘,5,female,"Houston, United States",2024-12-20
fcf8c212-a7a4-4941-ade9-9050fa865854,I am happy don't hesitate whenever u are doing move on .talking that as ur experience.,5,male,"Lyon, France",2023-05-23
c27931eb-f95a-4a19-a7d7-c69420edba41,The best apps ever...,5,male,"Philadelphia, United States",2024-06-26
e15106a2-3a96-4302-950c-19c6f79b8745,Good 👍👍👍,5,female,"Quito, Ecuador",2025-07-03
8784e047-4d79-4a42-8768-018e762a6622,Ok,5,female,"Chicago, United States",2025-02-19
5aee2190-7757-40cd-88ea-3faaf501265a,Good for me,5,male,"Prague, Czech Republic",2023-07-23
552bf300-fd8a-465f-83ed-b9ccedb1dae6,Good,5,male,"Zurich, Switzerland",2023-06-02
c010fc7e-5e8f-4172-bcc4-9d5d7c23c6eb,Good,5,female,"Canberra, Australia",2025-09-05
477032b4-8273-4f86-9468-85ce8faf7473,I like,5,male,"Copenhagen, Denmark",2023-04-06
f69ec457-f512-4dd9-a4cc-db21c8e08632,I like it so much .. and pls. Can i have more followers and have a gifters in my live pls... Im enjoying making content...,5,female,"New York, United States",2025-02-19
78eb091a-f91e-48c3-b8f2-df0deca9374b,it was so much fun,5,male,"Abu Dhabi, United Arab Emirates",2023-11-08
b155286c-72d8-424c-b0cf-53117fa5bd8b,Good,5,male,"Dar es Salaam, Tanzania",2024-03-18
c815af58-ca16-4f87-a496-6fa70f93ac48,Its so nice❤️,5,male,"Helsinki, Finland",2023-05-23
a3698174-4c18-40e9-b913-2fc164902c9d,Nice I like it 😊,5,female,"Canberra, Australia",2025-12-01
d9c9b5be-34d2-43d8-8f71-d26e819ab9a4,Hhahhhahhba,5,female,"Auckland, New Zealand",2025-10-20
a5201f0a-0560-4755-a157-894b4d6947d7,"Very nice app,,",5,male,"Munich, Germany",2023-06-02
554eef9d-fc22-480a-b51f-fa4e3da03837,Nice app,5,female,"Auckland, New Zealand",2025-11-15
ba3a3296-375a-495f-aafa-42d7dc601e0d,Best app in 2022!!!!! It is so addicting anf fun!!!! I recommend using this app if you have some free time to waste!!!!,5,male,"Lusaka, Zambia",2024-01-19
470e4903-668c-4a6c-8f4d-c2dcdb167742,I love it so much,5,female,"Seattle, United States",2025-02-12
38a4ee00-8b1b-4343-84a5-2a072accd93c,It is a good app for me because I found my new app,5,female,"São Paulo, Brazil",2025-03-26
09e59646-f96d-445b-af00-9b1a2a26c1c4,GOD BLESS TIK TOK 直播越来越精彩!,5,male,"New York, United States",2024-08-05
afc7a941-df8b-47b7-af69-13645d4d283e,I love it it's make me feel happy all the time 🥰,5,male,"Harare, Zimbabwe",2024-05-25
9c7cd6ee-868e-48c5-81aa-3ccfedb3dc13,❤️❤️❤️,5,female,"Santa Cruz, Bolivia",2025-04-18
be064cde-e8d5-4813-9f27-811df16e64dd,Very2 good apps ❤️,5,male,"Accra, Ghana",2024-02-09
930bd6fd-13da-4b61-8b6b-1e5a07d374d4,I do not have any problems so far. It's pretty good.,5,female,"Wellington, New Zealand",2025-12-06
8a0040e8-7c5e-4f22-86a3-b8f2b697a493,Awesome,5,female,"Adelaide, Australia",2025-11-17
f2baa460-fcb1-4831-9944-cecc21ec51b0,Easy to use,5,female,"Port Moresby, Papua New Guinea",2025-12-04
8c382fc5-4d35-47f6-9869-b818acda5e20,Love this 🥰🥰🥰,5,female,"Boston, United States",2025-02-27
7b123cc3-6882-42f7-bcb6-312281476db4,I'm happy,5,male,"Addis Ababa, Ethiopia",2024-03-17
dd258c95-37dc-4bc2-b209-2c541f13177d,pangit,5,female,"Lima, Peru",2025-07-30
edc22c3a-d4fb-4cdb-9e0f-f977cc3f6972,Its amazing,5,female,"Rio de Janeiro, Brazil",2025-06-26
7fd1fbca-582e-43da-9e49-1df858c9d24f,Nice,5,male,"Houston, United States",2024-09-18
364f01b5-e285-4cfe-adf8-77372e5f69c4,Fypmokotiktokwagfavor²,5,male,"Ho Chi Minh City, Vietnam",2023-10-23
5abec6c0-ac36-4ccc-9314-774082bca80f,Mahirap idownload laging nagpapaupdate,5,male,"Philadelphia, United States",2024-07-05
e72eb3ba-a72a-49a3-b682-b0ca2ac26885,I like tiktok so much im addicted to this app i will never uninstall this i make acc like vid and followers ill rate it 5 love this so much!!!!!!!!!!!,5,male,"Osaka, Japan",2023-10-21
1f2cd94a-0a63-4cd0-b489-5cd01726afa9,Cute,5,female,"Vancouver, Canada",2025-01-10
5440cdaa-e576-45d8-8bd2-a0da9de5e798,Thats so nice,5,male,"Copenhagen, Denmark",2023-04-06
d7f4f991-ef29-47e2-a967-0331edeaf088,love,5,male,"Philadelphia, United States",2024-10-21
344f302e-6f09-45e4-99b1-be75dab09dab,good,5,female,"San Francisco, United States",2024-11-22
3caa2adc-796f-4e2a-9ccd-131c69c42446,Enjoy my life with tiktok,5,male,"Seattle, United States",2024-09-01
58ffaee2-caf8-4c57-a3d3-b89d57f4258f,Awesome!!!,5,female,"Salvador, Brazil",2025-04-15
589ceda1-a55d-4970-92a1-5dfd1db7c883,I like this app,5,male,"Shanghai, China",2023-12-07
2a99ca32-fee2-400b-9a77-4f6b4306623b,I love it🖤🦋,5,female,"Hobart, Australia",2025-09-12
11898921-766b-4af4-a47d-544ca8bb6471,Yeaks,5,male,"New York, United States",2024-07-11
b7ab887f-7b38-45cb-b352-0313abde06f1,Wow,5,female,"Ottawa, Canada",2025-01-12
756cb2c4-9cd5-4d2b-a7d6-655daa8975d9,entertaining,5,male,"Dakar, Senegal",2024-05-18
2ac86d01-4cf1-4332-94b5-f6cfd992ac79,Wow is so very nice this tiktok,5,male,"Kathmandu, Nepal",2023-10-14
fff88fc9-2e82-47ea-b384-6198504c791a,It's beautifull app ilove it✨✨,5,male,"Mumbai, India",2023-09-25
5fdf591e-592d-4d9d-ac09-91a5891c9c1e,I Honestly for everyone,5,female,"Brisbane, Australia",2025-10-26
520a4e33-94b6-44f6-98aa-b629a964f744,Good apps,5,female,"Sydney, Australia",2025-09-16
9f9f3781-1d79-49dd-849c-b97db5b075d5,Ok good,5,male,"Stockholm, Sweden",2023-08-11
cdb32231-9f6e-4916-80d0-41afaad07d7c,THIS IS GOOD APP BUT CAN YOU UNBANNED MY ACCOUNT :<,5,male,"Accra, Ghana",2024-04-08
c0ede881-1da7-41a0-85a9-9315256340bf,Titok is good because you practice dancing,5,female,"Guayaquil, Ecuador",2025-06-30
103af324-a618-4a2f-ad7f-63e95415a402,Good 👍,5,female,"Wellington, New Zealand",2025-10-31
8f08c44b-0deb-48ed-8730-1564ccad8ca7,Okok,5,male,"Amsterdam, Netherlands",2023-06-20
2442858a-32dc-4c49-b44d-8705bb21aa68,Maganda at pwede mag order,5,male,"Manila, Philippines",2023-10-09
b2e48cc2-a96d-4216-ab71-22f46bde966c,Good.,5,male,"Toronto, Canada",2024-10-13
6c55962a-51ad-45c7-9bcf-5a49c8b6a58d,ganda mo miss,5,male,"Mumbai, India",2023-10-31
b1743c08-a148-4c21-b4b1-c672ccb5d356,Good,5,male,"Johannesburg, South Africa",2024-03-31
511deaf9-a856-429e-a5e0-05c6706508c1,good,5,male,"Valencia, Spain",2023-05-06
ee89b34c-a900-4d99-a979-01ea16da7737,Old version of tiktok app,5,male,"Lahore, Pakistan",2023-09-06
014b9cbd-4955-494b-9667-f0438d964ec5,Amazing,5,male,"Cairo, Egypt",2024-06-03
9eb74bf5-54d5-401e-8676-08661637bd4d,Sheesh,5,male,"Lisbon, Portugal",2023-08-07
555688dd-6acc-4c7f-9669-64e7b0a50f77,Entertaining,5,female,"Seattle, United States",2025-01-19
5b5ca979-30cc-45e8-8f05-c22a6c14f7e2,Cool app,5,male,"Quebec City, Canada",2024-10-02
68214599-329b-4157-9aff-b0990a29cc85,Beutifull tiktok,5,male,"Singapore, Singapore",2023-10-15
a5c6893a-e514-4c95-9692-790123d2d2b6,😀😀😀😀,5,female,"Austin, United States",2025-02-05
2a37aec4-c613-443a-9242-45662b14781a,NAKAKAWARANG STRESS APPS NATO THANK YOU TIKTOK 😍🥺,5,male,"Mombasa, Kenya",2024-02-15
11141ced-dfc6-4614-bff8-d91ebf3bd02c,Wudv,5,male,"Casablanca, Morocco",2024-04-06
fb6f5e50-2db6-48ac-9445-414fa58bd9c7,Nong lang,5,male,"Brussels, Belgium",2023-07-05
87f23047-50a8-4581-b489-4e2030f63b68,Love it,5,male,"Austin, United States",2024-07-08
3b13f3e9-c4af-4996-9492-d39b1f4b3bc9,bank tar phyin pay par,5,male,"Zurich, Switzerland",2023-08-15
547309e7-ebb3-493c-a710-06e93f62d362,nwaythandarlin,5,male,"Abuja, Nigeria",2024-06-07
5c4342ac-b6ef-45e7-8474-a5a259cc8d23,I HATE THE ADDSSSSS!!!!!,5,female,"Port Moresby, Papua New Guinea",2025-11-09
970895c3-6aaa-458f-a9c0-a287ef0c0e32,ok,5,male,"Budapest, Hungary",2023-06-16
cb579f0e-2cb6-4514-b61a-fb6db8957a43,I enjoy this app,5,male,"Montreal, Canada",2024-06-27
92906761-6451-496e-8d24-87944ef52a83,ilkelove,5,female,"Rio de Janeiro, Brazil",2025-04-25
3afbfcd6-3f87-49a2-9dd7-ba66b5d8560c,❤,5,male,"Dakar, Senegal",2024-03-29
502de357-8084-4fbb-aa92-415429c04ca9,It's good,5,female,"Nadi, Fiji",2025-09-21
c47af126-ed91-4888-82e5-7242661fd725,so handsome,5,male,"Ottawa, Canada",2024-06-30
077d0e2b-9749-4113-aea7-38c065535095,Excellent,5,male,"Los Angeles, United States",2024-10-18
1d51ee4f-d60d-4a34-a004-fca11733d444,verygood tiktok love,5,female,"Santiago, Chile",2025-04-17
8c5b5924-b5ec-4fd8-af57-2dbf4b42722c,Nice apps . Ilove it,5,female,"San Jose, United States",2024-11-21
5e67b610-8b87-4bb1-bc8d-b4a02793ee2b,Because she is a nice apps,5,female,"Arequipa, Peru",2025-06-18
4e293702-a741-4003-8cae-46a07ec3b53c,Very nice,5,female,"Sydney, Australia",2025-11-23
7fd14908-296f-4461-93ab-e8eff59a311b,Good.,5,female,"Gold Coast, Australia",2025-08-25
54c7c5a4-ae73-4aec-8d6d-3b70855bb744,Like,5,male,"San Francisco, United States",2024-08-31
bbb74a22-41e7-4630-9a5c-738815e0fb62,amazing app,5,female,"Bogotá, Colombia",2025-07-16
61381f5b-4548-4d75-8f39-5289cfebf8c2,Walawala,5,male,"Cancun, Mexico",2024-08-28
eb0a1a7a-8c83-4288-85a3-f419019c8edd,Very good,5,female,"Jacksonville, United States",2025-03-03
e2897049-bb8d-4762-9d9b-9fe0d2d5f20d,😊,5,male,"San Jose, United States",2024-08-21
c74241c1-a2e5-4346-8818-16399d4312be,Cool and awesome,5,female,"Denver, United States",2024-12-21
92800f88-b675-4f39-956d-ea52ce4fa047,its fun to watch a video on tiktok.,5,male,"Accra, Ghana",2024-01-20
8aa9e2d8-31a7-4a44-b652-411cc8a75a9f,Good,5,male,"Mumbai, India",2023-09-20
9b5170ab-c3a4-40a9-9048-e484dbcfe304,😘😘😘,5,male,"Athens, Greece",2023-05-01
5308633f-02c7-448e-be03-b3674f72d8d1,Thank you so much,5,male,"Hanoi, Vietnam",2023-10-20
15299bff-29ca-4f84-91df-63b56720e941,im happy,5,male,"Manchester, United Kingdom",2023-07-26
f6875bbb-96f0-4d5e-899b-fe1d269cd1b9,Very effective and most attractive,5,male,"Tijuana, Mexico",2024-10-12
844c9d6e-d0f4-47de-9e3d-ee1fe90ffa73,ok,5,male,"Madrid, Spain",2023-03-23
0fc0eed5-ca9f-428e-9a22-c61f9c6dc89b,I love this app so much hope you make my day always fun..,5,male,"Chennai, India",2023-12-25
9ad0d5d8-1a60-47b6-a93c-f3bdfeec55b4,Idk,5,female,"Rio de Janeiro, Brazil",2025-07-26
2fd9c433-8978-47f7-b5cf-03e0845c0a90,Tiktok you can a good idea,5,female,"Montevideo, Uruguay",2025-07-13
b73d5de7-26f4-4260-85ad-2b472ffd1f60,the app that i could stalk my fwends,5,male,"Jakarta, Indonesia",2023-12-15
a6cc4689-694c-4334-95b8-2fc73639510b,I like using this app,5,male,"Mexico City, Mexico",2024-06-29
bb9ee0d2-80d3-435e-b1f6-c2f6e936d321,I like it,5,male,"Helsinki, Finland",2023-07-13
b07a18cb-eec2-490f-a408-fcae1b8abec4,Good tiktok and more updates with tiktok I'm so lucky and I'm so epic,5,male,"Paris, France",2023-07-16
871706d6-fb74-4969-b31d-758081602e11,I enjoying this apps,5,male,"Warsaw, Poland",2023-04-24
c65f9c82-7b8b-4c30-94df-6c053835c8f3,Gratee love it,5,male,"Tripoli, Libya",2024-03-06
20d21e30-94a7-4138-8c7e-8b71d4b1680c,I so very happy with tiktok always and forever 💞❤️💘🥰,5,female,"Bogotá, Colombia",2025-05-10
b0ea2ffe-dbda-4551-a7a4-81a3e5e7248b,I Love is,5,male,"Cape Town, South Africa",2024-03-20
1c06696a-b7be-49c6-a616-acae17498722,Good service,5,female,"New York, United States",2025-03-05
4197c0ab-1a9a-4208-81f4-fd709e963c7a,Haha,5,female,"Cali, Colombia",2025-04-01
2bae0bed-ab8b-4af2-be4f-5cf3ece7bef9,learn how to dancis,5,female,"Wellington, New Zealand",2025-10-08
6fb58522-771a-430d-b81e-73714ef9e9ff,"This app made my day, and it's cool because there have a lot of video's Like uhmm... Dancing singing, this app made me brave to show my talent's, and now I know how to dance. Yes I always hide my talent because I'm a shy ferson and now no I'm not a shy ferson anymore and anytime I always practicing dance💕",5,female,"New York, United States",2025-01-13
c53fc51b-8bf5-49b7-bf00-6748f347754a,Good,5,male,"Delhi, India",2024-01-01
c09e83f2-c98e-450a-912b-0c8409703d8d,Good,5,female,"Washington DC, United States",2024-12-26
0e359d0d-a592-4b66-8499-a381c8a09dd5,Nice😁,5,male,"Alexandria, Egypt",2024-04-12
928631dd-5804-45b1-9650-bdab985a65f4,Kresha Keigh,5,male,"Mombasa, Kenya",2024-05-28
b2f815be-d88e-46ab-9999-9067acc1b740,Awesome,5,female,"Guayaquil, Ecuador",2025-03-24
cdc138fa-6a8a-42dc-aa3b-305967f240f0,Mantap,5,male,"Lahore, Pakistan",2023-12-14
516d7729-483f-4c31-b717-cbc83f4cf9f8,I am happy for this,5,female,"Wellington, New Zealand",2025-10-25
9ad7ada4-f640-4d4a-967a-847dcacade76,It's nice,5,male,"Lusaka, Zambia",2024-03-30
91357a35-7262-410a-9eb4-a90a155ced56,it was good,5,male,"Bali, Indonesia",2023-12-16
6ea9ea30-4340-4fad-8319-785a2dc4e462,Wow nice application,5,female,"Sydney, Australia",2025-12-16
997e5da1-53a3-495d-a745-58d6682c627b,Uwu -_- [sulk]. (99) yo I got a new phone number is a good time to come over and watch the kids for a while and uwu- _+,5,female,"San Diego, United States",2024-12-05
5f5d0080-7342-4a14-ac3f-018336b78464,bagus bat dah,5,male,"Dar es Salaam, Tanzania",2024-05-16
6ad9294c-af79-437f-b20a-91b3a6ff5d7d,ဘေတုပ်တယ်,5,female,"Guayaquil, Ecuador",2025-06-04
12668fbe-a920-46c3-bb9e-abec1655603e,ok,5,female,"Cali, Colombia",2025-07-27
22d6f153-5628-46c2-9fab-58a5a038c398,I love this app,5,male,"Delhi, India",2024-01-06
5bf0e19f-f52c-4355-9c86-6620ecb8f26a,This is so amazing and awesome,5,male,"Pretoria, South Africa",2024-05-31
8cec0b8e-16e3-403a-9cf1-1ee14cb744b6,Tiktok is sooo fun,5,female,"Queenstown, New Zealand",2025-09-24
1c0ccd7e-62a9-4095-b9f8-bcf4d71a9008,nice,5,male,"Munich, Germany",2023-07-13
71367e40-a0bc-4d08-a56b-cc446e0824d9,"I love this app and it's not boring 3 years i got this app i found this on my classmate and i download it too!! Thank you for the owner on this app you can make a another update tiktok thank you for appreciate this app,ty!!!",5,female,"Montevideo, Uruguay",2025-04-14
f878e200-d911-4960-a068-4fdbcf9bbcc5,ang ganda ng app pang lahatan,5,male,"Nairobi, Kenya",2024-02-18
b80aebf2-91b0-4c4a-bf01-ba303f02666e,Jj,5,male,"Houston, United States",2024-08-05
86aec575-5ae5-4b12-8673-bd021f48c1c4,Amazing my granddaughter love this app,5,female,"Monterrey, Mexico",2024-11-15
c697628b-cd62-4385-a065-caac14997b96,Very useful,5,male,"Casablanca, Morocco",2024-02-23
686e8425-b8ab-44c8-a10e-22c5f4ab496b,Happy,5,female,"Perth, Australia",2025-11-18
98963fe8-b567-4c75-bca1-917275b4bc7d,I love this app very much,5,female,"Santa Cruz, Bolivia",2025-07-06
648b937d-0102-4aad-8f08-53252d2d2b00,Im happy,5,male,"Karachi, Pakistan",2023-09-30
f8696de7-8c89-40e6-8e93-4ecf3ccca5c1,Nice And Maka forget og tired,5,male,"Rabat, Morocco",2024-02-20
f2c51736-5f3d-4b9a-a062-9d0781c31f9e,Shar,5,female,"Denver, United States",2024-12-23
ccd21309-4beb-4172-9920-3c68fe5e17d6,Good,5,male,"San Diego, United States",2024-09-17
3d810bdd-0157-4ce7-af00-7b754aff2c69,Follow,5,female,"Santiago, Chile",2025-03-31
d7917af6-201e-479c-97f7-e61e31628f6f,TikTok myanmar,5,female,"Wellington, New Zealand",2025-12-13
cdf96246-2091-49f9-8da2-203fc33068f0,Adu shoti dituy dl yon.,5,female,"Jacksonville, United States",2025-01-01
641c005a-c39d-466c-a86c-7051881adbea,I really like this app😩😩,5,female,"Guayaquil, Ecuador",2025-06-15
2805606d-cecc-41c6-900d-e05243a94c69,I love this app..,5,female,"Dallas, United States",2025-02-17
948c2762-5458-492d-b10b-30093ccee6db,Thanks the gratteast gaming,5,male,"Houston, United States",2024-08-22
824c7f4c-e93c-4651-ad35-74c0ab967492,Very good,5,male,"Jacksonville, United States",2024-09-19
cabc986b-9810-4e59-ba29-207766892a32,Amazing!!,5,female,"Monterrey, Mexico",2025-02-22
24b945a5-ceb0-42c8-b76c-f9191e29a7bc,❤️❤️❤️,5,female,"Perth, Australia",2025-10-12
8aa8a18e-356a-4e3d-b626-9f837be0b8b9,Good app,5,female,"Queenstown, New Zealand",2025-09-01
213d0b49-f0c8-4556-a3f7-59a2696b9658,Nice,5,female,"Christchurch, New Zealand",2025-09-12
71ce0b75-5114-4185-b943-5d3731a2c925,Ilikeyou,5,male,"Jakarta, Indonesia",2023-10-24
32455ec0-72e9-446e-ab0b-6ef6f441081c,Nice,5,male,"Monterrey, Mexico",2024-08-15
0454c6a2-ddd9-41d8-814a-a155a334c9a3,I love tiktok,5,female,"Queenstown, New Zealand",2025-11-02
b78cfe0f-1cdd-473f-958b-947f4db56d7f,it's good app,5,male,"Lyon, France",2023-08-08
950ac373-0ca2-45fe-9cf8-ddc5afa30579,❤❤❤,5,male,"Kathmandu, Nepal",2023-11-01
2559f7a4-04a4-4ba9-872f-5a1efd6c42ab,Nice apps,5,male,"Los Angeles, United States",2024-07-08
8222f909-ae5f-48c0-bc7b-43241dcfe99d,Nice app. Recommended. ☺️,5,male,"Delhi, India",2023-09-26
b7e6327e-4f16-4292-a738-b17efc1ff5c7,It's funnn,5,male,"Tel Aviv, Israel",2023-09-29
c5ad0ba3-15fe-4a86-997b-6644e45791ad,Very Amazing,5,female,"Chicago, United States",2024-11-24
550ed350-6013-451f-9f86-8fdcf892372d,Verryyy good,5,female,"Quito, Ecuador",2025-05-02
2eb716d9-f650-4f98-9180-ff3f05b6b349,Amazing,5,male,"Abuja, Nigeria",2024-02-02
a5cb0d92-4126-443c-91ec-43fd8a64dc37,its so nice,5,male,"Manchester, United Kingdom",2023-06-25
62d568b5-3b2a-4f17-b1b3-3048302daa53,❤❤❤❤❤❤❤❤❤,5,male,"Munich, Germany",2023-06-05
848f263a-b349-49e3-9467-576ba9089520,good apk,5,male,"Hamburg, Germany",2023-07-25
d608aa0b-15e3-4006-8054-ea1407ed0b58,Ok,5,female,"Hobart, Australia",2025-12-09
60530175-2bb3-4e7e-98b0-d3502a350b1c,Good,5,female,"São Paulo, Brazil",2025-03-20
8a85794e-11ba-4720-89f2-c0be51e37fe3,I give it 5 bc its a good and pretty app and i like it no glitch bugss and anything💖,5,male,"Doha, Qatar",2023-08-21
851af7d5-b416-4608-af5c-4384d2d0995a,အမျိုးသမီးအခွင့်အရေးအမျိုးသားအခွင့်အရေးတစ်ပါတီလူတစ်တစ်ကလေးအလုပ်သမားအခွင့်အရေးအလုပ်သမားပါတီ,5,male,"Dar es Salaam, Tanzania",2024-03-28
10c80fbb-6d2e-49b8-84d1-6092b2c169a3,good,5,male,"Addis Ababa, Ethiopia",2024-05-28
b2ffddb8-da98-4886-93d7-e67b8ecb9dc0,I don't like this app coz PA ulit ulit syang nag update full storage na cp ko naka ilang bili na rin ako ng SD card dahil d2,5,female,"Wellington, New Zealand",2025-08-14
c67938c3-32b6-40e3-a053-10519f2d28f8,Me a few like 😫😫,5,female,"Medellín, Colombia",2025-03-29
d45d4944-3397-490e-a3d5-8f2a9205276d,I love this app so much🥰🥰🥰🥰,5,male,"Boston, United States",2024-06-29
c1dce47a-02b3-4a96-b54f-58253d1a34e8,ဘ်ကနင၂ဳတငတျပ်႕မျႏဳနငိႀဘိ္ထကိ၈်ကဘတကတ၉တ၉သဆိုႀကိ႕ကမ့မ၈မမျႏ၈ုတ,5,female,"Auckland, New Zealand",2025-12-20
431be23d-8ce9-407d-9939-18663cb301af,Super beautiful this tiktok💖💖,5,male,"Dallas, United States",2024-06-19
94468c71-dd4e-488c-ad3e-e7f3aee15fb5,Really good and its entertaining,5,female,"Montevideo, Uruguay",2025-05-17
de07a005-abbd-4ec0-beaf-684e0999e903,Nice ... ok.,5,female,"Mexico City, Mexico",2024-12-27
3a9e55f9-20f0-498d-9607-e24e3e588315,good,5,male,"Brussels, Belgium",2023-07-04
805f3541-c26d-462c-a8a2-6b0da70fd06a,the tiktok is good all over the world and but need to improve others hang thank you tiktok 5 star from me,5,female,"Monterrey, Mexico",2024-12-03
2154b1c0-ef7c-4494-805a-5a9629645d92,👌👍😊🦸‍♀️,5,female,"Quito, Ecuador",2025-07-27
90e53694-ba46-4a56-9596-a3c8c862c66d,I love this app so much❤️,5,female,"San Antonio, United States",2025-01-31
eaef9f2a-0790-4b79-8a00-0b8175b5e664,Good 👍😊😊,5,female,"San Francisco, United States",2024-12-05
c875914d-e3a7-436f-a028-b2836790838a,Awesome.It was so cool. I am so amaze and so thank to those who made this app .It is so helpful for me in so many ways thank so much.,5,male,"Kumasi, Ghana",2024-06-05
b9cd185d-7349-4913-afb0-0bf70e3d898b,Good,5,male,"Seville, Spain",2023-06-09
5110fc22-de98-40e5-8e96-7ab99e88edbf,Very good,5,female,"Suva, Fiji",2025-10-04
728b4eeb-acb1-4159-81e8-5748b6e5a06e,Good,5,male,"Tunis, Tunisia",2024-02-13
50bade74-892d-430b-a607-f276d2379e99,Great,5,female,"Quebec City, Canada",2024-11-26
84120263-ea55-4f72-8757-f7b28bd5bac6,Thinking stres out,5,male,"Tripoli, Libya",2024-02-14
936a3074-d605-4149-a213-79f2233fd331,LOVE IT btw can you pls verify me tiktok? Plsss,5,female,"Philadelphia, United States",2024-10-29
ec643d29-5eb6-47ea-91b9-36446d50173b,Bakit laging nag log uot hindi pa nga nakaka gamit wala na agad yung AC ko,5,male,"Hanoi, Vietnam",2023-10-26
58628a79-cccf-4c8a-8778-331545feae8a,TikoTok,5,male,"Barcelona, Spain",2023-07-29
5c6d98ae-ba13-4001-981a-cb8e5785d3c1,Nice Apps,5,male,"Jerusalem, Israel",2023-11-10
4495c132-e627-4345-8a12-1dd8ca84fac9,most consume of data,5,male,"Delhi, India",2023-10-24
3c02d7f7-8317-4b45-bbdc-a245ceef4453,Very nice,5,female,"Boston, United States",2024-12-16
b8bf26d9-36dc-408e-b5e5-7450f83ed5dc,Amazing,5,male,"Taipei, Taiwan",2023-12-23
02196549-4876-4029-9659-13e20df2bb10,Pls don't spam me,5,female,"Brisbane, Australia",2025-09-03
1e967799-c2d8-4d0b-b1ad-07b74a17bebd,Tiktok...,5,female,"Toronto, Canada",2024-12-31
991f8494-d809-43cc-b810-abe04d642c97,Maganda,5,male,"Cape Town, South Africa",2024-01-22
a04a6654-46d4-4341-8c62-b4d7ad18731e,😍😘😊😚😍,5,male,"Taipei, Taiwan",2023-12-22
1c3fe312-7022-434c-b0b1-b6048205c8cf,Win thin,5,male,"Lisbon, Portugal",2023-04-11
2c81504d-d523-417f-bb15-3456423b4ba3,valjommel22agravante macapobre valjommel22,5,female,"San Jose, United States",2024-12-24
01d8254f-6025-4229-8724-c96c1a3c7d67,Fun,5,male,"Bangalore, India",2023-10-31
74488440-10c9-4350-b3e6-b9b439584091,TikTok account it's very good you're going through the app for video editing make sure you are life beautiful ❤️,5,male,"Tel Aviv, Israel",2023-09-29
87954013-351c-409f-9a7a-faa904f51900,this app is sow good,5,male,"Shenzhen, China",2023-09-04
1e8ca116-44a5-4bc6-8554-68601c87ff80,Dati hesitant ako maginstall nito pero dahil kailangan ko sundan si voiceover Flowers #fangirlmode so yun na at wala namang pagsisisi. It seems combi ng iba't ibang app ang features ni tiktok at parang di mo na kakailanganin ng iba 😉,5,female,"Gold Coast, Australia",2025-10-15
d333037f-c397-436c-9336-1016bff91285,It's good people are light headed and great,5,male,"Stockholm, Sweden",2023-06-29
6d004df9-459d-4dc0-88d1-edb55f5adbb8,I like it,5,male,"Philadelphia, United States",2024-10-13
a5ac92cc-f29c-45ae-96ed-5960c3d7beaf,👍,5,female,"Salvador, Brazil",2025-06-14
b8ce17a1-295f-46a7-b9c7-2456e2cddfc3,I love tiktok because that's the only thing that relieves my stress❤❤❤❤❤,5,female,"Montevideo, Uruguay",2025-06-11
8cacb96b-fb17-42e1-9977-b7efd44411b0,Some what personal and expressive,5,female,"Nadi, Fiji",2025-10-07
932db899-07ff-47ab-8ad7-e6de037a71b7,😍,5,female,"Port Moresby, Papua New Guinea",2025-09-13
3fcf07cf-b3f1-4943-8e83-01ede658f325,Awesome,5,male,"Casablanca, Morocco",2024-04-19
442b9715-dcf5-4682-8496-f654b117704d,I LOVE IT IT'S AMAZING I LOVE ALL THE FILTERS AND I LOVE POSTING OLSO THE STICKER IS CUTEE,5,female,"Asunción, Paraguay",2025-04-15
470ddeba-3198-40ed-8479-8f48d0c210fd,Xx,5,male,"Windhoek, Namibia",2024-05-26
a110f438-e261-4916-aa4a-6b4e53a651e8,Bas,5,male,"Amsterdam, Netherlands",2023-04-28
0c73b27a-94b9-4e4c-b3d2-98a52815b879,😁😇🔊🐒🚾🚫,5,female,"Quito, Ecuador",2025-07-06
777688fc-fd03-4af8-9b05-69e9888ec769,"This is one of the most best watching platform i've ever used, this is what i would call one of the platinum apps",5,female,"La Paz, Bolivia",2025-05-07
9173b188-7176-44b7-9464-a4bc03c5ed38,Soo awesomee i love ittt♡♡♡,5,male,"Busan, South Korea",2023-09-12
256966e6-5430-442a-9db1-449b933dd20b,❤️💖I Love you 💖❤️,5,female,"Rio de Janeiro, Brazil",2025-06-20
e80e49ca-a9be-401f-a5e3-998480af101e,Beautiful app,5,male,"Delhi, India",2023-11-14
77580e4e-79ff-4482-b05e-83f456a7fa66,Done,5,male,"Seville, Spain",2023-08-03
160bab22-d0f6-45a9-b68e-8a528ce24d7c,👍,5,male,"Krakow, Poland",2023-08-01
6124ed5d-9c9c-4e78-b79e-c9295e3eab08,😍😍😍,5,male,"Copenhagen, Denmark",2023-04-15
c8fb8f99-febb-4381-bcb0-cc21cfb96fa3,Superr enjoying,5,female,"Santa Cruz, Bolivia",2025-04-24
ce6a11fa-5dda-4b97-90c5-dde6ba0ba073,This is so wonder full tiktok world,5,male,"Madrid, Spain",2023-06-26
8cf5060c-6281-4f65-9ff4-8706d9b100fb,Good,5,female,"Hobart, Australia",2025-10-11
b4d5f06d-bc24-4e3a-acc0-209918f21675,Best experience,5,female,"Brisbane, Australia",2025-12-18
cf0d809d-77a9-49f4-ac9b-25be74975561,Cause i want to know what is the new trend,5,male,"Madrid, Spain",2023-05-18
cb5d5256-9bcc-4e5e-a593-32a3723dd67e,Love IT YAYY,5,male,"Calgary, Canada",2024-06-19
fc72f961-4d89-4c51-b4b3-f0886ca58e08,"This app is so good:>! Why? Because this app can make new friends, and u can dance!... The updates it's nice too.",5,male,"Barcelona, Spain",2023-06-28
7ec83be9-d74f-4163-bae7-efac65133e2a,Nice and good app,5,male,"Tel Aviv, Israel",2023-11-28
bb1832eb-7c2c-4dba-9195-d659fcf162c8,Very nice,5,female,"Dallas, United States",2024-12-22
6a157102-c621-4397-9d5f-ec32768a72c8,Im just famous,5,female,"Gold Coast, Australia",2025-09-29
fa318440-5011-4505-a0db-35d74291c774,Some bad some are good info,5,male,"Delhi, India",2023-12-05
fcd7aa3c-6669-477a-990e-b6b69c25d2c7,Good,5,male,"Bangkok, Thailand",2023-11-14
b8b97e41-6bd6-4fc8-bf2f-393a9cd86be2,Nice,5,male,"Berlin, Germany",2023-08-12
fe5d1961-21a1-44c3-8dce-e1ea59c2cf6c,Nindot and malingaw ka sorry bisdak ni haha,5,female,"Rio de Janeiro, Brazil",2025-06-11
ca1a3b80-f044-4ca9-b578-d0e75cc44245,Parkjimin Bts Army My love,5,female,"Montevideo, Uruguay",2025-04-07
d5098396-4b68-4e92-a9fd-7010fb539e8a,My account was hacked tiktok plz Fix it please,5,male,"Johannesburg, South Africa",2024-04-27
05d188f6-f800-4357-a273-ee1c3f6f4e4c,So good app,5,male,"Algiers, Algeria",2024-02-11
d664f778-b5f1-4dba-94b5-c13040b0bc2e,I like,5,male,"San Antonio, United States",2024-08-07
3ca5e946-54d9-41e5-bec0-3dae3fee75cc,its so nice,5,male,"Marrakesh, Morocco",2024-05-19
a9f7f4c5-6d60-40ac-8b2e-ddb48ee967cc,I like this one,5,male,"Doha, Qatar",2023-11-24
432c3177-5b82-4095-97f9-9f6d0437b6f7,I love is tik tok,5,female,"Nadi, Fiji",2025-12-06
898cba12-9dd6-4550-9d96-c19729269968,Cool app,5,male,"Hanoi, Vietnam",2023-09-17
b91befc2-f547-4bbf-a76b-160ddfc6eafc,I love the app and so cool i don't want too delete,5,female,"San Jose, United States",2025-02-07
3505ed22-85d4-46a1-880d-e381012de000,This apps is so really ok,5,female,"Austin, United States",2024-10-31
1a7abe14-c45b-4f63-8399-ec1a9b722bb0,i rate this app 5 star because tiktok is fun and i have a 1k followers and tiktok fyp my vid😊 i'm 10 year old,5,male,"Seoul, South Korea",2023-10-04
e392c38e-2713-4366-900e-c7dd3f2f45fe,"I rate Tiktok 5star because it was a stress reliever to everyone, make friends and so much fun...But ""BAD"" things i experience is that all my previous video couldn't load and can't post my new video on my save video and also why is my other previous video was on my archieve... Why is this happen...it was my first time using Tiktok because its trending all over the world...but dissappointed of what happen to my tiktok account....Please can you help me try to fix it...God Bless and more power!",5,female,"Mexico City, Mexico",2025-01-27
4b09ce07-6c13-426f-8105-fdb301166531,Nice,5,male,"San Jose, United States",2024-06-17
5fa442a0-5566-4263-971b-bd0bc7d12c06,Nak buat tik tok ni cam mana baru nak belajar😂🤣😊,5,male,"Abuja, Nigeria",2024-05-03
cb77ed48-139d-46cf-b8bf-45c29bb009cc,Download all apk,5,female,"San Antonio, United States",2024-10-19
fb6f1c6e-4617-4dc5-863c-0b4a5ef868e3,Come back to india,5,female,"Rio de Janeiro, Brazil",2025-06-06
d6450589-09fc-456e-8e1d-393c2be9790d,Nice app,5,female,"Valparaíso, Chile",2025-06-17
9b00ae85-3011-4cb9-bae7-755ac5ba02d3,This amazing,5,male,"Cairo, Egypt",2024-05-05
6981ebe5-71e3-439d-850e-9a2d4ad659a9,good,5,female,"Canberra, Australia",2025-11-03
a5ce9f87-6ecf-4513-b654-c17cf12ba296,Ngaman1011,5,male,"Los Angeles, United States",2024-08-11
792b4c23-7ec1-4e38-8bbf-19434814ea38,This app is so helpful to people was boring,5,male,"Seoul, South Korea",2023-11-09
7ba1232b-519c-4392-8110-7ee7be2854e6,Wati yuliyani,5,female,"Santiago, Chile",2025-03-11
c1dd1201-2c4d-457a-9b1e-783b30e8910b,Tiktok app is good content,5,male,"Kumasi, Ghana",2024-05-22
d1646ba0-290a-40de-9771-f6df091f59f5,Very good,5,female,"Córdoba, Argentina",2025-06-23
83f13856-e4d3-4682-9a2a-0b4ced94da67,the best of the best,5,female,"Boston, United States",2024-12-19
5566f95e-d8fe-421c-a0fa-e03c56055455,Nice to use,5,female,"Wellington, New Zealand",2025-11-01
2256b368-dcc6-4d3d-b0b3-def59070077b,Kayat yumakap sya saakin at akoy hinalikan nanggigigil sya sa akin ayaw nya akong tigilan...,5,male,"Karachi, Pakistan",2023-08-28
7cc7d311-4213-4e82-ad0a-2856501f5638,Good,5,male,"Monterrey, Mexico",2024-07-08
83d70f5c-faad-49b6-a9fb-9658878f2493,TikTok,5,male,"Seville, Spain",2023-08-16
647ddca3-68e2-4baa-b6c0-ae58f216d8a8,The best apps,5,male,"Mumbai, India",2023-09-29
241fd349-d133-409f-9171-1392431a08da,I want Good connection when I go live,5,female,"Brisbane, Australia",2025-12-09
2ffe9d32-b125-42b6-90ec-b545b45c08b4,very fun apps,5,male,"Vienna, Austria",2023-07-19
4a7350fd-b6a4-4c62-9073-ba0db70c7c0a,❤️Magand yung tiktok guys download na din kayo🌼,5,male,"Edinburgh, United Kingdom",2023-08-05
78c92bcd-c3f2-4d03-991d-609159dc5834,Ok ns msn po,5,female,"Wellington, New Zealand",2025-10-19
f1334f29-6494-441d-9632-9c4efafd3f18,Haha,5,male,"Prague, Czech Republic",2023-05-18
ff493ec3-9213-4099-a103-33b5410ec751,This update is the best I rate five star,5,male,"Milan, Italy",2023-08-15
45171cec-0fb4-421b-bc13-05e04abfff4d,Tik Tok,5,male,"Algiers, Algeria",2024-04-10
d712f2ca-d72e-43c0-89dd-f8ba308bb775,Soo cooollllll,5,male,"Jerusalem, Israel",2024-01-07
ff53ce4b-027d-4d3d-8f23-33d131ccb4bf,Good,5,male,"Abuja, Nigeria",2024-05-27
0a0ce914-1e8d-4033-9385-ef7f28c69b17,aesthetic sya and bery col,5,male,"Athens, Greece",2023-07-25
49d014b3-54b0-4212-9d18-ed6e25ba7fbe,Maganda sya,5,male,"New York, United States",2024-08-01
5221b4b5-5644-4ee4-8366-d23bfed20e34,Tiktok Maganda,5,female,"Brisbane, Australia",2025-12-18
da82e22b-2957-4b01-834d-7ec81e9ebaea,Bagus. Keep going. Pakcik suka,5,male,"Alexandria, Egypt",2024-05-21
644cecbc-586b-47b7-9587-a73be940f1eb,Very nice,5,male,"Seoul, South Korea",2023-08-21
93a82c43-21d7-4fb1-a766-6e970f02f68c,This so great & beautiful app,5,male,"Marrakesh, Morocco",2024-02-20
28077710-a520-49f4-b7fc-1e982242c699,na ka papa saya siya,5,female,"Guayaquil, Ecuador",2025-05-28
cdbde688-b98a-4360-bd73-7a57448056ad,Good,5,female,"Arequipa, Peru",2025-06-09
a6f37056-99e0-4347-983f-755e058453e8,Very good,5,female,"Santa Cruz, Bolivia",2025-06-01
eb69170a-bc77-4178-becb-8fdb97639a76,Updated me,5,male,"Lahore, Pakistan",2023-12-19
6d31086f-dcb9-471f-b762-a38b86913c10,✔️,5,female,"La Paz, Bolivia",2025-06-08
128f930a-6360-4217-8eab-5ea0d5bab9f3,Great,5,female,"Suva, Fiji",2025-11-17
3204c528-9843-4f9d-8635-caeb5a9f85b7,i enjoy this app it is a stress free,5,male,"Athens, Greece",2023-04-09
ff2cb8fe-dda1-4e4a-aa20-644a53df297c,Mar siqueen,5,female,"Rosario, Argentina",2025-03-19
6d21c04e-bb60-47cf-99ce-48e29297b38b,Good,5,male,"Houston, United States",2024-08-10
2aaaf8d2-81fd-400c-aa5a-b7a9a2d4b146,👏👏👏💚💚,5,male,"Marrakesh, Morocco",2024-06-02
906cb4b7-452b-46f0-acda-e38e19becccf,Veey nice apps,5,male,"Phuket, Thailand",2023-10-26
5f041859-204f-467e-a8ba-892a7c3e13bf,happy,5,female,"Wellington, New Zealand",2025-09-11
8741d629-4024-426a-8dbd-4a4113070727,what now,5,male,"Cancun, Mexico",2024-07-20
1c7ea29b-e744-4700-b288-e7929f04529e,It is fun to use Best app ever,5,male,"Guangzhou, China",2024-01-09
5a548654-5965-4499-a2b4-cdee888d7250,i like tt,5,female,"Vancouver, Canada",2024-10-22
30cf6d2d-be0f-41d7-aed8-c7f0892ec963,Good,5,female,"Nadi, Fiji",2025-10-13
21ba8309-c78f-4603-8ea4-0a6a3312adca,Nice App,5,male,"Houston, United States",2024-07-24
1cbd8bfa-9178-4e09-b1f1-7e9d6b796304,Sus!?,5,male,"Osaka, Japan",2023-10-22
ed374601-a70d-4252-b98d-53962d6072ca,Ok,5,female,"Cancun, Mexico",2024-12-01
0338d9fc-347f-4e7b-be1c-56e52624fc37,Blue_puppy,5,female,"Mexico City, Mexico",2025-01-16
3c97450c-f803-42aa-a467-8e6a2b2bec0f,Gooe,5,male,"Helsinki, Finland",2023-08-04
d0f04d46-86f5-4e91-aaa2-a523841a25ac,Enjoying,5,male,"Lyon, France",2023-07-12
c2826ff1-9666-4ef5-a175-fc9b04102f34,Great,5,male,"Vienna, Austria",2023-08-15
d400d675-7a28-4f57-9f5f-36e3f4cd7857,Like video,5,female,"Brisbane, Australia",2025-08-05
60a9497a-8151-4a5c-9ed3-09e10519c3a6,It is fun,5,male,"San Antonio, United States",2024-07-03
3121999c-214f-46a3-ab78-802f08cc9948,Nice,5,female,"Lima, Peru",2025-06-19
ff6adf79-72c5-40ef-87ee-b4cf341b7412,"really good, like this app",5,male,"Lagos, Nigeria",2024-05-24
c2fb2bc6-ab19-4d3b-b0c9-fc168c1d8c63,This is so good.,5,female,"Melbourne, Australia",2025-10-31
b6d0b428-5b5d-4465-a562-5f73d2863260,@e🤩🤩🤩🤩🤩🤩🤩🤩🤩🤩🤩🤩🤩🤩🤩🤩🤩🤩🤩🤩🤩🤩🤩🤩🤩🤩🤩🤩🤩🤩🤩🤩🤩🤩🤩🤩🤩🤩🤩🤩🤩,5,male,"Shenzhen, China",2023-08-19
1d07285c-89b5-4f75-9fb8-0f9d9a0a3b5d,good,5,male,"Quebec City, Canada",2024-06-18
54fb5969-f617-4aa6-8af8-71c465b0e70a,Sgt bgus,5,female,"Brisbane, Australia",2025-09-17
fe9c54b0-3963-4908-a750-78eacccfcc77,"Good its so very good, i dance and sing and act..like it much as you like me",5,male,"Ottawa, Canada",2024-07-20
5b82e573-1d3d-4191-a2ea-cefdb9d80e6b,Mapagmahal,5,male,"Kumasi, Ghana",2024-01-19
d4b87fc0-17ba-4991-9494-e613ce761e8e,THANK youuu ☺☺☺,5,male,"Ottawa, Canada",2024-08-18
747d7910-f706-49ba-a988-5d8359885eec,It's so fun,5,male,"Shenzhen, China",2023-10-07
6beb779a-0afc-4cbf-b503-cde05a780a71,Tang ina uupdate pa dimonyong tiktok,5,female,"New York, United States",2024-12-27
8106f741-105f-4f60-aa2a-15bfb71c7e7a,Like it,5,male,"Delhi, India",2023-08-26
a6c4214d-17e6-4718-aac9-18211e0591a7,Its good,5,female,"Dallas, United States",2025-02-18
9e5e2bad-8515-4e93-a479-9e03b034fe96,Welldone Response Global User Every Single Day Since Official Launch By 2018,5,female,"Canberra, Australia",2025-09-28
0bb6eb84-b6e6-4619-a08f-849d6fd716ef,Good,5,male,"Seville, Spain",2023-05-15
459161cf-f336-4705-9e25-b667f537124a,I'm bottom Akon after updating 🥺😔,5,male,"Denver, United States",2024-06-24
88a9c148-cdc5-4126-8cee-c324f2c3ca38,Juii,5,female,"Quito, Ecuador",2025-05-16
1d9d22a5-8d2c-4992-a892-42fa044b73f9,Mantap,5,female,"Hobart, Australia",2025-11-01
1222c809-bb29-41bc-a5a7-0373acd956e7,ggb,5,female,"Christchurch, New Zealand",2025-11-03
d1cc047b-023d-481f-9bf9-18b7f245cda0,whhroy,5,female,"Perth, Australia",2025-11-02
553daee8-40cb-411d-9b5d-c92de7e1c809,"While I'm scrolling I see the video, the girl showing her body without clothes so I reported her. I hope you get the point, please block the user that showing a bad content I comment this for everyone who watching tiktok because not all content is good",5,female,"Rio de Janeiro, Brazil",2025-06-12
e5565c52-d4c5-4989-8ca6-df8d9a488ca0,WoW,5,male,"Nairobi, Kenya",2024-02-01
f51e84f0-3f2b-469d-a661-15d6ba511b9a,Wow that's a great😊,5,female,"San Jose, United States",2024-12-18
f306391d-32a4-457f-827b-5a3ae273a5b7,😍😍😍 i love it,5,female,"Calgary, Canada",2025-01-17
89783e3c-45d7-4c6a-9bef-0689d8f39574,Good,5,male,"Rome, Italy",2023-04-26
06a9c19c-cc36-48ce-9be2-78405b84d3c1,Eh,5,male,"Dakar, Senegal",2024-04-26
759b4d2d-377a-4bb3-8412-d792081d492e,TIKTOK FYP MO AKO,5,male,"Dubai, United Arab Emirates",2023-12-07
2df85e5a-c610-4b2d-8044-78db8bbaffd9,This is ok tho💛,5,male,"San Antonio, United States",2024-09-08
819957f5-4826-473f-ac64-ce6dd7d755a2,😍😍😍,5,male,"Copenhagen, Denmark",2023-05-06
1702da0d-e7f3-4946-b7e6-03bd3fa900e7,Injoying,5,male,"Seoul, South Korea",2023-12-12
5e7dbd7c-8676-42be-8cff-2811006ed2d5,Verry good,5,male,"Houston, United States",2024-08-11
c0e39af2-2d9d-4d00-b7c8-716c3ab22c58,Soo good,5,female,"Ottawa, Canada",2025-01-14
81fdc0e3-676a-4061-bc0f-d712d62c7fac,Good,5,female,"Arequipa, Peru",2025-06-13
7e4e331b-a51d-4aa5-99c0-8f304ba2ec73,Enjoying,5,male,"Dar es Salaam, Tanzania",2024-02-09
cea467de-1846-4755-9b4a-5ec2bbb557cd,chit,5,female,"Adelaide, Australia",2025-12-07
4c5892c5-8586-46dd-b852-45d6937d131b,Nice one ☺️,5,male,"Marseille, France",2023-05-14
268894c9-94a0-4f9d-8283-5c9cca56cbb2,This is the best app ever,5,male,"Manchester, United Kingdom",2023-05-29
5a43e5be-9f72-4deb-b2d9-6cf9709bf32a,Old it's super,5,female,"Lima, Peru",2025-06-05
cb413a7f-b7a4-4612-af7e-ec891cab1867,Nice app,5,male,"Karachi, Pakistan",2024-01-06
14e7a815-f16f-4dec-8928-51f0941a6f8b,tiktok gave me such ideas and this should be created even in 2023 bless u,5,male,"Warsaw, Poland",2023-03-23
8a3efdef-f26f-4b55-a010-b9c58954c604,Good guck,5,male,"Berlin, Germany",2023-04-28
9700e2e9-4436-4301-a55f-467f2e1edd1d,Good info,5,male,"Glasgow, United Kingdom",2023-06-30
036238dd-f16b-45b6-a024-95163f4c86b1,Nice😍,5,male,"Pretoria, South Africa",2024-02-06
b5ec08d8-1d7f-4da3-ab1c-4c565162d43e,Capy bara,5,male,"Austin, United States",2024-06-26
d739b10d-3f9a-4446-b9e5-c70580499975,This app is the best,5,male,"Monterrey, Mexico",2024-07-18
2d465227-ee55-47cf-826a-f47a865c0654,My stress free apps 🤗 So much enjoy this app❤️❤️❤️,5,female,"Auckland, New Zealand",2025-08-12
54e2cad5-c04e-496b-82b4-77c1d36c6029,So good,5,female,"Quebec City, Canada",2024-10-29
bed07f1c-5ece-4106-bddc-161f47050ae5,The ugly one will die,5,female,"Asunción, Paraguay",2025-06-11
9d3f74da-36d8-4c8a-a343-f34761055273,good entertainment,5,female,"Cali, Colombia",2025-06-12
3df383ae-72a8-4b15-b65f-73faa8e6934a,Its It's good..its makes me happy,5,female,"Canberra, Australia",2025-11-04
a6593ab9-e117-4527-a260-e7df429121c0,Wew,5,male,"Doha, Qatar",2023-12-10
0e35851b-0db0-4948-9e1d-ed528488a77a,Grabe sobrang nakakalibang xa,5,male,"Lusaka, Zambia",2024-05-30
076198d1-3b82-4d29-82c2-fe965a881097,Let me fyp,5,female,"Chicago, United States",2024-11-09
2d075f95-03e7-4cb8-9c4f-0ac0cf259891,no. 1 apps that use by philippines in quarantine LOVE THE APP.,5,female,"Auckland, New Zealand",2025-10-17
84ba4f72-8595-49aa-ad0b-a5a56645cf58,I cant save the effects,5,female,"Rosario, Argentina",2025-08-03
aad66d9a-0009-46b6-a557-030a46988bb0,Enevitable🤣,5,female,"Toronto, Canada",2025-01-20
27f836c3-157e-49a5-bc69-560bde508f27,thank you so much tiktok very excelent,5,female,"Vancouver, Canada",2024-10-05
ca796070-dfd9-4da7-a155-1732b9b46bba,❤️,5,female,"Quebec City, Canada",2025-02-26
b23f7829-2fc2-4bc0-a155-6cd82e9c7d16,This app is great... deserves 5 star ^_^,5,male,"Boston, United States",2024-07-26
1f6f3ce8-882e-4f3d-945f-20d3cbffeaf1,Good,5,male,"Barcelona, Spain",2023-07-08
5621e7dc-7091-4b78-9508-8e82cbe8b790,I love TikTok ☺️♥️♥️♥️,5,male,"Tokyo, Japan",2024-01-03
171611ce-e596-496b-a6c9-6270ba2936ec,Good apps I love it,5,female,"Tijuana, Mexico",2024-10-06
9250efff-e6e5-4699-b294-7ef4fd648d75,Sana mag famous tayo sa tiktok,5,male,"Kampala, Uganda",2024-02-13
7b0550ad-6179-4efb-a8e8-ba298a64c815,It is good,5,female,"Rio de Janeiro, Brazil",2025-03-24
c4214d9d-6627-4790-b5ad-4a13e672c4bf,Nice,5,female,"Quito, Ecuador",2025-06-18
30909a8a-ae92-458b-90ee-bb4fee77935c,THIS APP IS SO CUTE AND WONDERFUL U CAN DANCE AND SING IN ANY U WANT THIS IS AWESOME,5,female,"Auckland, New Zealand",2025-09-19
f95c8df1-15be-4462-b7a5-c421644da3f9,I'm enjoying,5,female,"Ottawa, Canada",2024-12-25
4513bd49-b95c-42ac-9aa3-8f2746b0d071,I have been trying my hardest but I don't want to waste any more time,5,male,"Bangalore, India",2023-12-02
7cc6dc89-0e31-435f-ba4c-7178f770f0bb,Na boang ang app morag gi ko rikong kay ge 5 star nko,5,male,"Calgary, Canada",2024-07-22
6b6af5ca-f491-4c2b-a131-d28392281a40,❤❤❤❤❤,5,female,"Nadi, Fiji",2025-09-05
ddd39480-c0d1-4bf2-9834-f0606a65d900,PUKE,5,female,"Rio de Janeiro, Brazil",2025-03-18
8d952600-974a-432a-af6c-1ab816e861bf,Its really nice,5,male,"Cancun, Mexico",2024-08-01
32809b68-0829-4b9d-b8a9-1a3302510632,Ok👁👄👁❤,5,female,"Houston, United States",2024-10-19
e1882b11-0619-4c24-9082-d547e2f5ea33,Tagay tyo,5,male,"Delhi, India",2023-12-13
8ec07980-7f7a-4bc8-88a8-1eece0751502,Satisfied,5,male,"Quebec City, Canada",2024-09-07
45a0fa7b-f2b1-4ebe-b837-58f4557efe4b,ည.ł like,5,female,"Queenstown, New Zealand",2025-12-14
97c3706f-a7e8-4300-a2fb-070b5175cbc1,Tiktok made me happy when I'm sad,5,female,"Queenstown, New Zealand",2025-11-07
0cecf405-a983-40cb-9ae3-26e4ef87ef88,Omg this app is soo fun and I give this 5 star I love this app my name in this app is (gachacindy) I love this app mwa. But sometimes if i chance user name it connot chance its only one problem but its ok,5,male,"Tripoli, Libya",2024-05-08
2a3e822f-ae15-4d27-9a22-ed57ac6a94c8,good tiktok,5,male,"Algiers, Algeria",2024-03-16
8dd348bc-9e2e-4bf9-b35a-90846b5285ee,I really like this app that because this so fun and I enjoying this to make improve my skillls,5,male,"Toronto, Canada",2024-09-12
1f7c2cb8-d51d-4a48-a6e6-fb8685c752f2,Great,5,female,"Córdoba, Argentina",2025-05-20
9e150489-f0c0-40a4-ac0d-b1f3dbe13eda,I'm happy to use this apps,5,male,"Brussels, Belgium",2023-05-03
9ff42cbc-0760-4ccd-a474-b37c99a9adc9,Very useful app Ease of apply,5,female,"Washington DC, United States",2024-11-20
ae7613bb-371d-4c3f-b008-6109ecb85bd7,Ganda nya,5,female,"Canberra, Australia",2025-12-15
ae12c2a2-b61f-4872-bb9f-eabb40c1fa73,Nice,5,male,"Lahore, Pakistan",2023-08-29
f92ed42c-368b-47ba-9494-964905f0053c,this is a best app😍😍😍😍😍😍😍,5,female,"Sydney, Australia",2025-09-03
b1273bc9-da1b-4aca-873b-c673db2603b2,Happy,5,female,"Dallas, United States",2024-12-05
93291679-acf7-4418-8c3d-2ce1adbaf287,Okay,5,female,"Sydney, Australia",2025-10-31
84adb035-11b9-4c72-a390-96dc173cd8e4,I like,5,female,"Queenstown, New Zealand",2025-12-22
266f33d3-7799-49b5-aba3-e4079ed4c508,Good,5,male,"Seattle, United States",2024-07-10
7eef9398-113c-4cad-93db-6f8de3ffb92c,Nice,5,female,"Port Moresby, Papua New Guinea",2025-11-12
5eecc337-e132-4b6f-911c-377b053a0dfd,Help. My exam kame bukas,5,female,"Nadi, Fiji",2025-10-13
0f321dfb-856a-4239-80e8-75228cdf6ea1,Best ever,5,female,"Salvador, Brazil",2025-03-14
5b90fbcf-de19-4078-bc12-4582f3533c58,Maganda at nalilibang ang mga kids ko,5,male,"Glasgow, United Kingdom",2023-03-28
ae0bc038-b888-4fed-83bf-6c452ae9e401,A 5 star is Cool cuz it makes me happy god bess u,5,female,"São Paulo, Brazil",2025-06-25
3c330f19-864e-41e8-94d7-c4f90873f6e2,i like it,5,female,"Guadalajara, Mexico",2025-03-06
d68ea99d-5c59-4ba9-86b5-7de3c3d7eb64,goof fast,5,female,"Sydney, Australia",2025-08-18
70795e5d-de66-4fd9-8cfe-7ab7cebdf3fc,Puwede pasok mo sa apps ko ang titktok,5,male,"Jerusalem, Israel",2023-10-09
6d9d011f-67e4-46d2-8a3d-9cd91f997e0e,F-F-R-EEE-AK,5,male,"San Francisco, United States",2024-06-16
9cc5845b-80de-4c9d-b275-f7ec5584f6f1,Nice,5,female,"Boston, United States",2024-12-05
33f8b582-e5fc-4fce-a6eb-916583021317,"this application is very good, and i also like the videos on tiktok. but sometimes the tiktok application often experiences some BUG, ​​so please fix it for the future!😘",5,female,"Queenstown, New Zealand",2025-12-14
2ad708bc-7d75-47e3-a518-44c6e747fc44,Tiktok initiative to be the best in the 👍💯,5,male,"Hamburg, Germany",2023-04-24
8f60b772-3ac5-46ad-991e-73f679c67779,"Dear tiktok, tikok had sent me account warning notification to my account. If I have violated community guidelines, I would like to apologize my fault and I will be more sincere in the days to come. I would like to request you to remove account warning notification from my account. I do hope That my problem will be solved soo. Thank you",5,male,"Lusaka, Zambia",2024-05-05
104592e9-8040-4225-a595-a1ebf6ff99ed,QWTYUGISB 580277 Ubc,5,female,"Washington DC, United States",2025-02-14
0b437900-0bc7-4a55-beae-bb05590f9cea,Wow,5,male,"Durban, South Africa",2024-01-20
be851d6e-2fb3-4a36-a54c-19cb50af2936,Verry nice app,5,male,"Guadalajara, Mexico",2024-06-15
05e18f2b-e30b-4ae1-b8d8-a7572497225b,"This app is veryy,goods😋❤️",5,male,"Glasgow, United Kingdom",2023-05-20
a6ffe37a-18d9-4645-8fca-3d3bca3e1d9f,Good,5,male,"Dubai, United Arab Emirates",2023-10-26
f4988392-ba63-4097-ad6f-73ef3f6f268d,Nice app,5,male,"Tripoli, Libya",2024-04-23
60bf5eee-7bc2-4d63-b923-93b946688beb,Mmm,5,male,"Delhi, India",2023-12-30
8b97def4-bfa0-4c94-88f3-d2ac8d03cfd6,Jaissknaksl?uaei????aidgahuso😆😆akis??uakdmakllsigahudgsuwtariamkslloaduayepaurijauruatupqhsuqpsiduajehahfgsudueiamnau.a bshufgaueuruaskekliwfghuatywrtaeiasg??!!navshgysueo😉jaiskllaosapouahdhaydgauekamshgafysffisdiwmKsiakl♡maklloayeutarakjuekasjsklldggauehaifgsriwkkamskllmadkkjalalagaufisjeikauemak?ahyahagsidakslloduaiwjjsmaksoamsbgsurgudhxjacbanvuaghsimaklloaoapdhaugsuqoeawidsmjaushyfgaudkwmklalocdghuskaklllsideiahnxmmmm??♡☆cagusmaksllubahhdeiba,5,female,"San Diego, United States",2024-11-10
c5ff41dd-ed2b-4ed4-b3ee-780fa0fd6c6c,Gnda beh promise,5,male,"Birmingham, United Kingdom",2023-04-24
62cae357-f4aa-4743-a218-b0eac9d5ef9b,So so amazing 😍,5,male,"Casablanca, Morocco",2024-06-09
d9d18e6d-39ca-4f1f-b9da-84b2e6606d31,Very good,5,male,"Barcelona, Spain",2023-07-26
00ccd174-5bf3-49b0-96c2-6e2875fe4383,This is a nice app but it's so lag.,5,male,"Ottawa, Canada",2024-07-28
5ece1d6a-ace2-4523-946a-7fff96131f48,Good,5,female,"Lima, Peru",2025-07-02
8fea63e7-fe25-4498-89d7-ca1e423f79b4,TikTok can you ban haters,5,male,"Copenhagen, Denmark",2023-03-29
86d224c3-acb3-419f-9801-1197fe0b8cae,Very good apps,5,female,"Lima, Peru",2025-03-15
4a3cd41a-13e2-4bc5-aa76-74d19ff9d1d6,😘😍,5,female,"Seattle, United States",2025-01-26
ec163cd7-11a7-4715-9f46-69f37141ae54,I love and like this social,5,male,"Kathmandu, Nepal",2023-11-11
5ddbc985-25d9-4894-a3b3-68619adedba5,I love TikTok because I'm enjoy him,5,female,"Salvador, Brazil",2025-06-30
d1fa39e7-e349-4b14-a40d-8d14168606d8,It,5,female,"Los Angeles, United States",2024-11-15
06c9c92c-03cc-43ef-808d-ed172847b6de,TikTok is cool,5,male,"Mombasa, Kenya",2024-06-04
693fa4f4-ab63-40a1-aa91-2a77d7fed8bd,Ganda hehe uwu,5,male,"Geneva, Switzerland",2023-06-14
a78eda28-a4c2-4f01-bdc7-547f245b5ae4,Good,5,female,"Hobart, Australia",2025-08-18
2bc6bbea-0b44-485a-bfc7-0f7797b00e86,"Base in my personal opinion and experienced. TIKTOK for me is so useful in terms of information, entertainment and socialization. There's no room for boredom and loneliness in this room you can always talk to someone and share your thoughts, feelings and experiences in life here and the good thing here is that you can earn money as well w/ this app . Thats why for me TIKTOK is so useful and i hundred percent loving it..",5,male,"Addis Ababa, Ethiopia",2024-06-07
b3e737c9-b904-4457-916e-1fcec932ce5b,good joob,5,male,"Johannesburg, South Africa",2024-04-29
d8d91687-00e0-4506-a09b-c1b47e83c3fe,good a,5,female,"Hobart, Australia",2025-09-12
1fbac905-18ba-418f-a537-189de42216e7,Good,5,female,"Buenos Aires, Argentina",2025-04-21
16023ffb-3277-4841-9ad1-d895cf5b08b3,It's great,5,female,"Montreal, Canada",2024-11-25
2f044107-c099-4947-9583-32a1ce82f183,nice good job and kuddos tiktok,5,male,"Riyadh, Saudi Arabia",2023-10-01
a838e9a6-a9be-40b0-ad9d-3bbb08142c33,Ueu,5,female,"Guadalajara, Mexico",2024-11-29
d9714385-1094-4a40-ba48-66c7ec35e9ac,Its super amazing!♥️,5,male,"Jakarta, Indonesia",2023-12-12
b19b89c2-d3ee-4a24-ba04-8dc483de6ceb,very good and very funny,5,male,"Mombasa, Kenya",2024-06-05
daea412a-dada-49f4-8a5a-da205ad7967e,I like tiktok thanks,5,female,"Brisbane, Australia",2025-12-09
a7ae9b8e-1bf1-46b5-8fab-6036761597ae,Very Nice App,5,female,"Vancouver, Canada",2024-11-23
652b4fdb-2955-4020-b36c-5465e338b0a5,Ilovethis,5,female,"Nadi, Fiji",2025-08-08
348e17f8-50e6-4396-8615-7b7ee445406f,Ok,5,male,"Quebec City, Canada",2024-09-13
1db06c74-9ce9-4f91-a76d-290c18b2139b,Im so enjoying,5,male,"Marrakesh, Morocco",2024-04-30
7428a490-7b1a-4366-881a-74738ab2c365,Great,5,female,"Suva, Fiji",2025-08-29
0fb51642-9822-4a96-afd4-622ae243bfb3,good 🤍 !,5,female,"Monterrey, Mexico",2024-11-23
b57a41ea-8cea-442d-ae75-640ebf81931e,🥺🥺🥺,5,female,"Nadi, Fiji",2025-09-28
ad976048-0547-43d9-a8a7-a7d8eb38a440,❤️❤️❤️😘😘,5,male,"Nairobi, Kenya",2024-04-06
c36cb0c6-b2f9-4606-8006-84475fae2a9b,"Awesome, amazing and useful viewing.",5,female,"Queenstown, New Zealand",2025-08-21
0dfad8b5-de0f-4f3b-9997-45c84823841a,its so nice ihope its not make any problem in storage phone,5,male,"Beijing, China",2023-11-04
835b4f68-f027-4ba5-96d7-5995ecbfd5a6,Good experience,5,male,"Mombasa, Kenya",2024-02-01
b8ff5d8b-1dff-4c37-9300-e811bd9d1a99,I like it so much💖,5,female,"Arequipa, Peru",2025-07-08
17b10427-1ee6-495a-bed5-4b51d6fe4414,xana all,5,female,"Washington DC, United States",2024-10-08
bdd3c4a2-7c02-433a-988c-114d866be007,Sana bigyan nyu ko ng live,5,male,"Paris, France",2023-05-11
69efd229-9344-4151-8faf-fe92799c6d92,👍🏼,5,female,"Vancouver, Canada",2025-02-07
bdfa8386-1d4e-4962-83dd-6c584d3c09a3,Good,5,female,"Hobart, Australia",2025-08-15
359e1cd6-f72e-4bfe-a7a7-7620a2d9b612,Happy,5,female,"Adelaide, Australia",2025-10-09
0408ce7c-348f-4ae3-982a-06592cca2f35,I enjoy using these app❤️❤️,5,female,"Los Angeles, United States",2024-12-06
c05bbd6c-ae5c-4f81-9487-734348c3bfab,I'm happy with TikTok,5,male,"Tel Aviv, Israel",2023-08-25
4ea9639a-823b-40fe-9af4-1739b85aac8b,Good,5,female,"Jacksonville, United States",2025-01-04
1d314ac2-ceab-4d84-bc04-a1e0163ced65,This so fun I love this apps,5,male,"Guangzhou, China",2023-08-31
6cd5dea1-ca3f-402a-a61a-f40ecb182cdb,Thank you tiktok ♥️❤️,5,female,"Gold Coast, Australia",2025-10-14
8b941d16-a54c-4431-964c-085244733220,Good,5,male,"Athens, Greece",2023-03-27
38f0615a-9c93-4aef-8fab-b84efbdb0a1b,Enjoyable and Amazing😍😇,5,female,"Denver, United States",2025-01-06
d1c57cb7-f286-43c2-a202-732f37b66d68,Great app,5,female,"Los Angeles, United States",2024-12-30
a2e747b7-a4da-43df-be14-b23139dcb271,Its fun,5,female,"Boston, United States",2025-01-06
7554ecdd-905d-4aa9-b0e2-472c88095828,Very nice,5,male,"Marrakesh, Morocco",2024-03-07
28fd2263-c49c-47a8-bc7b-d09ad5d70cb2,I see my crush on tiktok,5,female,"Washington DC, United States",2024-11-23
247f68e3-52ff-46db-a5ae-8caee127230c,I love it 😍😍😍,5,male,"Kampala, Uganda",2024-03-01
59abad78-2149-4743-84b4-c1a1d4af176a,Nothing to say,5,female,"Denver, United States",2025-02-25
1b0ad651-d169-4848-ad5b-181cfbb32d21,Good if we use for good action,5,male,"Paris, France",2023-04-11
53480dbd-4c00-4102-b98a-b69ee6af46cd,🥰,5,female,"Los Angeles, United States",2024-12-16
d152e2b0-50da-4075-b4fb-f145290c6bd8,Love this🎀💓💓💓🎀,5,female,"Rosario, Argentina",2025-06-18
b1459e89-9776-427c-b9f3-9d34826178f7,good application thanks,5,male,"Berlin, Germany",2023-05-26
52af152c-fe22-49df-bc30-d13016854b49,For me it a good tiktok,5,female,"Dallas, United States",2024-11-20
cd4ca8b1-a99e-4688-964b-98eca15104a8,It's one of my libangan hahaha,5,female,"Ottawa, Canada",2025-01-25
f2073a11-aae7-4edc-a938-c09d3078a24c,I like tik tok,5,female,"Auckland, New Zealand",2025-11-28
76ce4532-d679-4485-bb7c-3719e4abfce8,Very interesting,5,male,"Washington DC, United States",2024-09-05
571dad56-6d4d-4249-96e8-f0d531dbca36,Wow,5,male,"Taipei, Taiwan",2023-10-02
3ea1a27a-44bd-42e5-9601-40216929103d,🥰🥰🥰👍👍👍👍👍👍,5,male,"Accra, Ghana",2024-02-21
de659367-a106-4804-99b3-8c3bf367669e,I like it🤗,5,female,"La Paz, Bolivia",2025-05-28
d37d3492-9da2-4a06-942a-8e4fbb0d555a,Amazing,5,female,"La Paz, Bolivia",2025-04-16
f34fed67-93f2-41df-ac29-9a9db14bdd52,This is nice But add some video call Like messenger or voice call on the messages,5,female,"Rosario, Argentina",2025-05-02
180b072b-94b8-4c99-a473-16857fede5bd,I Love you tiktok,5,male,"Toronto, Canada",2024-08-24
bde05893-6014-4cf7-87c2-01c2dc9f395b,so funny,5,male,"San Francisco, United States",2024-06-30
9e1d978b-cfb5-47a6-a560-c8efbae8f955,Lovecthis,5,female,"San Francisco, United States",2025-03-03
03e39c4d-fe37-4a9d-8e7d-8f97244712fb,Kogood,5,female,"Hobart, Australia",2025-11-21
ba831657-5b96-4401-bffa-ea5ea6616d95,Verry good 😊,5,male,"Kampala, Uganda",2024-01-17
9fddbbd1-8d7f-45d8-8bf7-6c7e8211afe6,Oooooo mlaiomg pop it,5,female,"Adelaide, Australia",2025-09-07
9d162430-12ba-463a-af97-7d52418a9702,Ilove it,5,female,"Guayaquil, Ecuador",2025-03-27
0d69100f-2f7f-45f3-b2f8-c3cf99681376,Its cool..,5,female,"Calgary, Canada",2024-11-04
7f95109a-8240-4e73-bf88-29547a67635e,good,5,male,"Dakar, Senegal",2024-04-07
785320e2-19ea-48a8-8ee9-fc9460caac23,Wow,5,female,"Vancouver, Canada",2025-01-05
d0cfd042-ae65-424c-8def-bf705e0f93e9,",👍",5,female,"São Paulo, Brazil",2025-07-02
91379120-aea6-4878-bf19-72c29fc60cee,Nice,5,male,"Munich, Germany",2023-04-22
f046a3a4-5221-4fa2-865e-e30033f2e9f9,I don't have live in tiktok,5,female,"Houston, United States",2024-12-31
dd1c1efd-61a6-4025-8c32-84149836aeb9,Hi malapit na kita suntokin,5,male,"Dar es Salaam, Tanzania",2024-05-14
ef034af8-6afb-4f44-8246-15dfa18f149b,its good,5,female,"Santiago, Chile",2025-04-27
0cc6683d-7213-45ed-8fa3-3e39e9169f43,Nic,5,male,"Boston, United States",2024-09-08
d0576003-1d15-400c-be77-ae44d7a55e92,I love tiktok🎶🎶🎶🎶 my friends are nice to me 😁😁,5,female,"Wellington, New Zealand",2025-11-27
1ad4df05-6b71-489a-ae65-0594458450bb,I really like it😍,5,female,"Chicago, United States",2024-12-12
77b95076-1af6-41e0-a152-cef381b55d51,Very good,5,female,"Boston, United States",2024-11-28
e6909063-51aa-4d2e-a11c-d9f127b494df,Wow angan da napan Pala ito eh nung una hindiko gigagamit tong app na ito hehe,5,female,"Buenos Aires, Argentina",2025-04-30
38ed69a6-d2d8-46db-9f51-7a9a9012874c,i hope u add a feed where i can see the vids i reposted bcs i want to delete some so bad,5,female,"Nadi, Fiji",2025-11-02
181d7875-1499-4759-9051-8bcc67eea224,i just loved watching videos and this app is helping me to discover more thing love it,5,female,"Rio de Janeiro, Brazil",2025-03-21
e86f4d06-0f6c-483f-ba15-5746849575b0,BE5420044,5,female,"Wellington, New Zealand",2025-10-29
c0f3daaa-732b-4971-bc40-28f2ec6218cc,Dis app is nice,5,female,"Nadi, Fiji",2025-11-21
cec3ffaa-a84f-4734-9723-5abc518ea965,Cutie,5,male,"Shanghai, China",2024-01-05
defa39a7-e2e7-42ab-8708-4d6ed4ade4af,Wow,5,male,"Rabat, Morocco",2024-01-28
b44d5f0f-dd3a-4c0a-8e49-febfcf53ed8a,Yuyu,5,male,"Beijing, China",2023-12-26
6339de22-9efc-4ef4-a4ba-9d14f6327e77,Please install me this free,5,female,"La Paz, Bolivia",2025-07-17
9f555f2a-2095-4b92-9c9a-940447620b6b,Nice apps,5,female,"Guayaquil, Ecuador",2025-05-30
7f9d2deb-e635-4db7-97d8-ebe4110e3715,I learned alot from this but also got addicted hehe,5,male,"Helsinki, Finland",2023-08-08
d93a2830-505e-4caf-9528-f1caf685e4be,It's really good and fun,5,male,"Calgary, Canada",2024-09-19
3aa4fded-fc25-43b2-8027-98ea99f10ec8,AXYONEOO,5,male,"Dallas, United States",2024-06-17
6ea7c96e-33a7-449a-94cf-9b29fe6e9bd1,Ahhm,5,male,"Quebec City, Canada",2024-07-25
21722536-e36a-4a6d-a21a-69dcddce691e,Ok na ok naman hehehhe,5,female,"Melbourne, Australia",2025-09-27
427f2c64-95d3-4083-a4c0-f7c530ac6fc3,Tiktok is set up in the world,5,female,"Medellín, Colombia",2025-06-30
a22ed39c-5724-4492-9622-b5ede373c7c5,tiktok is very nice,5,male,"Addis Ababa, Ethiopia",2024-04-30
fcb7fcce-3287-4907-96b1-ddf49fbbfd78,superb apps.. supportive user,5,male,"Chicago, United States",2024-08-05
c6c6e355-17a6-4035-90f8-1ae8a79ccc7d,This is so cool and I'm so happy for this tiktok but I'm just 593 followers but it's fine thanks TikTok you make me happy,5,male,"Rabat, Morocco",2024-06-01
a12e5e97-1150-4beb-9e03-ad3c13f48fa8,Good app,5,male,"Abuja, Nigeria",2024-04-01
1294a9ee-96b7-4219-b364-8a116ad757a6,Its very happpy,5,male,"Shenzhen, China",2023-12-29
fea99fea-258a-43ff-bf67-8be5f593924f,More fun from this app,5,female,"Monterrey, Mexico",2025-01-15
23192d51-6b40-4559-8d02-7487076e5fb3,Nice,5,female,"Ottawa, Canada",2025-02-28
eca2b103-91f9-43f2-b4b3-306a8f4f248f,Very useful and entertainment for me,5,female,"Denver, United States",2024-10-07
c4be4954-24c1-4a22-a203-7b9b7956d772,Arrian,5,male,"Hong Kong, China",2023-11-22
90fa274c-db45-43f3-b3d7-31d1a90518a0,Nice,5,female,"Wellington, New Zealand",2025-10-28
333acf80-e167-4be3-9b32-0e14b7f547dd,Stress reliever 💖💖,5,male,"Osaka, Japan",2023-10-17
896a938e-e227-4785-9be9-375be4dbf821,I LOVE this app so MUCH and this app is so not Boring !! Download it NOW !!!,5,male,"Budapest, Hungary",2023-06-08
db57a4bc-1f2b-403f-a698-477cd444ee46,Ok,5,male,"Rome, Italy",2023-05-10
6eb1573b-8220-40ab-8520-c55811abea84,great app,5,female,"Melbourne, Australia",2025-10-27
ad68d366-8a44-4052-96ea-e97542b1504e,(ノ◕ヮ◕)ノ*.✧h̶̗̺͖̔͐͂e̵͚̍̀͗ḷ̶̈p̷̧̮͎̊̏̊͜ι ̴̙̫̼̄͊̀m̸̨̺͒è̶̫̈́̿̚ ̴̮͐◡̈⋆ʜᴇʟʟᴏ(●’◡’●)ノಠ_ಠpipi und kaki in pipi kaka land【┻┳══━一ව(ᗒᗩᗕ) ( ́⊙ω⊙ )( ͡° ͜ʖ ͡°)¯\_(ツ)_/¯§ж§ц§в§е§с §т§ц§щ §ъ§я§д§ц§в§я§ц§д§с오징어 게임에 참가하시겠습니까(=^-ω-^=)°□° 👁 👃 👁 ඩා⭐—_—💧 (●°~°●),5,female,"Bogotá, Colombia",2025-07-06
793c3211-a398-4d39-8c08-402afcbf7558,Nice,5,female,"Gold Coast, Australia",2025-09-26
7e2d91ea-53b0-40ed-b013-351b70a543d8,Pangalan,5,female,"Adelaide, Australia",2025-09-09
c8491bad-f919-4bbd-b4f2-3645ab9b467a,I love this up so much 💜💜💜,5,female,"Adelaide, Australia",2025-12-09
c5d9f8a2-2026-4c10-a1e7-02ea8815be95,500 star legit so wow,5,female,"Valparaíso, Chile",2025-05-07
64b08567-dd15-4274-9cdd-b9f58e9dcd0a,iLike su much,5,female,"Rio de Janeiro, Brazil",2025-07-27
9dd7045a-e3d6-4c4b-9a63-18618f723fe1,Its cool,5,male,"Harare, Zimbabwe",2024-04-29
03ac940e-329e-4621-a3dd-71bc8f872c2f,"I'm so loved in this tiktok, because I'm dancing on tiktok",5,male,"Jerusalem, Israel",2023-10-24
794d9d83-d1bd-4fdb-a890-a3b4646fa012,it was good,5,female,"Perth, Australia",2025-10-31
c33488ef-6b30-40be-bd4e-95ac221cb1cd,Not good,5,female,"Auckland, New Zealand",2025-12-09
61fef0e3-d07f-4ae4-8be1-c210cd3ce786,ok,5,male,"Brussels, Belgium",2023-04-21
e01e377c-f7b3-4ff1-867c-513bedad55c3,Nice,5,male,"Barcelona, Spain",2023-05-22
526fae66-7830-42c6-9c8c-1105d9b04f45,This app is berry nice,5,female,"Phoenix, United States",2024-10-04
36631171-0a01-425c-b234-835fafb4e9a5,So far good,5,male,"Casablanca, Morocco",2024-01-18
386b1045-07f6-4a62-8e09-7fb6f13d4869,amazing,5,female,"Guayaquil, Ecuador",2025-06-15
1558d266-f2a7-4a46-ad15-db7a318f3c4d,Qwerty,5,female,"Phoenix, United States",2024-11-17
7179175f-80eb-41a6-847c-16b465e7731e,Please give me more folower,5,female,"Sydney, Australia",2025-11-24
6a3f5918-f125-4cf3-8316-f313ddf3e688,𝕀 𝕝𝕠𝕧𝕖 𝕀𝕥,5,male,"Harare, Zimbabwe",2024-02-21
6b4c5b46-47ea-4a52-9257-d3d81f7cf290,IT CAN BOOST MY CONFIDENT AND ITS A VERY GOOD APPS,5,female,"Cancun, Mexico",2024-12-03
d17096c2-3f18-4a9f-93e0-28c588abae38,👍,5,male,"Edinburgh, United Kingdom",2023-08-04
a693ff4c-2130-481e-ad3b-7e0394cfb7ea,This app I smiled when I see this any kind of dance coz they leave a stress for me,5,female,"Phoenix, United States",2024-12-09
4f3822d2-04f1-4b86-9261-aec4f8784d8b,TikTok is the best App n much more for the reality show with something that we don't know if there not available on Google Play..than all for in a few min and is already we have a greatest of moments everything in happen weather from human resources or from animals planet in this earth now we can see all about that in this App On Google Play..I❣️it..and I would like to say a lot of thanks giving to me the permission to use this app for me viewing at time when im feel lonely than I will share it✌,5,female,"Medellín, Colombia",2025-07-16
b0cf2886-6b2a-4e69-b22e-beb7861f9fc8,I love it so cool,5,male,"Ottawa, Canada",2024-08-18
c66c09bf-2e94-43f4-aa67-c581f9eb8eaa,And I love this app,5,female,"Port Moresby, Papua New Guinea",2025-10-31
614c84af-8777-4e77-94e8-42adb1db1e1e,this is so amazing,5,female,"Seattle, United States",2024-10-20
55092452-9eaf-4acb-ab3a-1994aa114be5,Good expirience,5,female,"Brisbane, Australia",2025-12-05
8306fbf1-c99f-4fad-90e0-225f231b8c9f,I met the my forever in this app thank you,5,male,"Warsaw, Poland",2023-04-18
557318d6-9c89-43a9-b88d-9381a767f88f,happy pill,5,male,"Kathmandu, Nepal",2023-11-01
d1b227e9-fab3-4be8-868a-66d264039a5c,Thank U,5,male,"Calgary, Canada",2024-06-15
044296be-83b0-4962-b674-275c9a350182,nice tiktok,5,male,"Helsinki, Finland",2023-07-02
dbeb0b63-85f9-4dd1-acbe-9d8081156ba1,Great,5,female,"Washington DC, United States",2025-02-01
fd118ba2-49f5-486f-bf2d-52b1e68b34cd,This app is good for everyone,5,female,"Wellington, New Zealand",2025-09-18
deb80e6b-73ea-47b2-8638-2db2ddf279b6,Happy,5,male,"Krakow, Poland",2023-03-23
7543f4b4-f367-4930-8e94-c76f63c47877,Maganda promo . PERO WALANG KWENTANG GLOBE SIM . DATA CIGNAL..,5,male,"Algiers, Algeria",2024-02-29
647244c8-f023-4fa6-9a67-fd282931f9a4,Great,5,male,"Manchester, United Kingdom",2023-07-03
a5657578-3ee3-462d-9a91-241ff8e6e751,Nice and exciting experience in Tiktok..,5,male,"Kampala, Uganda",2024-06-02
d12ed66c-518d-48ac-b377-72e7c93a0748,TikTok is the best,5,male,"Nairobi, Kenya",2024-04-04
f17541e7-4189-4045-94ee-fe663e6f9f42,I like it.,5,female,"Perth, Australia",2025-12-14
b3e53419-8624-405e-b32b-f61037acd6ef,I love it so much❤❤,5,male,"Kuala Lumpur, Malaysia",2023-09-12
7097d2ca-68a5-4e61-bc77-504e57cce8a0,Oowwmoo oyyo ilboiie pio.. L nminil i,5,female,"Salvador, Brazil",2025-05-28
a01baf4a-430a-4b26-9ee1-5c369c1aaed2,Just nice app,5,female,"Queenstown, New Zealand",2025-10-09
cde0973f-9e08-4a96-b8ff-5a015955f247,Happy's and stress reliever,5,male,"Marrakesh, Morocco",2024-02-25
6cb02263-5d79-4ebe-a247-82d1b3bf36b1,I love it,5,male,"Accra, Ghana",2024-02-17
b696d93b-6277-405f-9ca0-1dbde390976e,Satisfying,5,female,"Montevideo, Uruguay",2025-06-16
6009cf74-45ea-45b5-bcd1-29c4a41e1074,I love this,5,female,"Sydney, Australia",2025-08-13
38801332-72df-40a6-b5ea-88caa3256b70,Ma Erika villafuente,5,male,"Abu Dhabi, United Arab Emirates",2024-01-08
f7fc3f12-8d38-4c56-82c6-6332e62f1c44,Nice,5,male,"Warsaw, Poland",2023-06-22
edc6dc1b-21c6-4801-a0aa-4dcfd612cf87,😭😭😭😭😭😭,5,male,"Krakow, Poland",2023-08-07
40aeb4ab-ec9a-411f-9d27-8aee3669876c,Good,5,female,"Rio de Janeiro, Brazil",2025-04-08
5b05e723-e163-4ab6-a644-6c4ab4fcf8be,im having FUN watching dance and GAMING VIDEO,5,male,"Los Angeles, United States",2024-06-28
f265e572-6aea-4ced-becd-30321ea19109,I love TikTok,5,male,"Rome, Italy",2023-07-20
ce023d4d-a9e0-4f33-b23b-d426e7509eb4,Really good but it sometimes lag.,5,female,"Gold Coast, Australia",2025-12-30
d5dd3a1c-add3-4b3b-bae2-5b685bc67a86,I Wana chat Aque,5,male,"Ottawa, Canada",2024-09-09
4f96ab91-1269-435d-96c6-1e8ae7755648,Great...,5,female,"Perth, Australia",2025-09-18
243c1c14-a777-42cd-9d13-0e4f22ba435b,Basura,5,female,"Arequipa, Peru",2025-05-29
7806285f-bc0e-4acc-9584-8f4a34fc38dd,It's very great and good God bless,5,female,"Hobart, Australia",2025-11-25
862f673f-003e-47ec-969d-ad9042085ce9,Excellent,5,female,"Denver, United States",2025-02-15
c0757903-7368-43fa-b8ac-b2ed760b0ad2,nice app.,5,male,"Kathmandu, Nepal",2023-11-28
9da1c8ad-42a0-458f-b8ec-a245daf06d48,This is a very nice,5,male,"Jerusalem, Israel",2023-11-03
3f2736e3-cd22-466f-ba3e-d397e7edf5f0,5star na kay pimre ko utgan inig tan aw nko sa hubag nga bilat,5,male,"Seattle, United States",2024-09-11
dacc9cdd-b931-4b24-8210-31d0fee6b08e,A ah,5,male,"Casablanca, Morocco",2024-05-13
11181be6-7462-427e-8954-dd457e97ed01,😍😍😍,5,male,"Paris, France",2023-07-11
66f10b22-fe5d-4416-add4-c9dd52d00c01,I like it!! Amazing app,5,male,"Shanghai, China",2023-12-04
2739b268-f24b-4b4a-9d27-242f02b1789c,Ok,5,male,"Hamburg, Germany",2023-05-11
2cabc409-77b7-4f95-83d9-e27861135cf4,Leomark. Dangoy,5,male,"Dar es Salaam, Tanzania",2024-03-04
9ebe0dd1-2108-4e54-9c9c-7e9224137a95,Good service,5,female,"Austin, United States",2024-09-30
edfb0059-0e7d-4c40-b448-386be39bf0e4,Update,5,female,"Quebec City, Canada",2025-02-26
fbbac167-47d2-4718-9857-46717303ba6c,Well done! Keep going... God Bless!,5,male,"Milan, Italy",2023-05-08
9d67adf3-54ce-43d6-b1b7-4ea94dcbfdf8,မကောင်းဘူး,5,male,"Dallas, United States",2024-08-25
03723312-8f82-43f2-8924-524b5950ff25,Good,5,female,"Washington DC, United States",2025-01-15
5f007c02-a503-426d-8412-3560cda3002e,Malupiton,5,male,"Bali, Indonesia",2023-10-20
4cf4ed42-29f3-4cd2-b7ed-d49c0a03db84,Very nice,5,female,"Adelaide, Australia",2025-09-21
5e107476-053f-499a-bc41-46afa4054940,👍,5,female,"Hobart, Australia",2025-10-01
c9c11cfc-9c29-4c91-b5c9-ab967cd3dd3b,Nice,5,female,"Toronto, Canada",2025-03-06
64331da5-4f4b-4856-921f-3f17d3e469d0,ok,5,female,"Auckland, New Zealand",2025-08-31
fdf603b6-bf0b-4e87-abc2-5c5919d53b11,1. Better than Facebook. Put Papua NewGuinea IS NOT in the region where we can cash our diamonds. We need this service. Also have an option for allowing screen record and blury if other phones record it for privacy rights. Too much defamation going on will spoil future successes. 2. Should have an option to allow or disallow public to screen record which means any other means of screen recording is illegal and originators can be sued by the cyber laws of the country.,5,male,"Bangkok, Thailand",2023-11-04
51ea5418-284d-4139-a6d5-f2b1b5419906,Hi tiktok ! Your app is so good . Can i tell one question? How can i get pronouns. Do i just dont have a pronouns ? Your app good Im rate your app 5 star ! Have good day !,5,male,"Monterrey, Mexico",2024-07-03
903ed59f-65e2-4f90-b5a5-fc99f159289b,Nice,5,female,"Santa Cruz, Bolivia",2025-03-17
e1ba1953-d334-4d1b-b7b3-f4445d221bde,I enjoy this app❤,5,female,"Guadalajara, Mexico",2025-02-20
d52f744f-9f27-41e8-b8b7-baa26f2480c1,nice,5,female,"Monterrey, Mexico",2024-10-08
92006e3b-0867-40ba-8aa0-6e4345d35c96,Very good.,5,male,"Cancun, Mexico",2024-06-27
c12898ea-5dbc-42d6-8b97-eded6c5983a1,Terbaik 👍 👍 👍,5,male,"Oslo, Norway",2023-06-12
8b855d5d-7f6c-4d41-bcbc-022c15a2b0af,Good apps,5,female,"Quito, Ecuador",2025-05-25
f0c7d141-941d-45e9-8ca8-0dcec1713d16,Good,5,male,"Kuala Lumpur, Malaysia",2023-11-29
0ebac3b9-b0a6-4839-838f-bbdb8588f4ff,Nice experience,5,female,"Tijuana, Mexico",2024-12-18
d2ce51f1-e334-44c1-9410-48edbad0a06c,Great,5,female,"Fortaleza, Brazil",2025-07-24
45c93a4c-107b-4d27-9c28-ab94f5a6bdae,okh serah,5,male,"Brussels, Belgium",2023-06-09
dc216422-9537-4a63-888c-79a849670345,It's so useful free shipping pa kaso ngalang bakit hindi na cod but it's ok napaka ganda,5,male,"Karachi, Pakistan",2023-11-19
c87087ee-aa7d-4a86-98d8-0f1d82157fa6,Tiktok ini sangat bagus,5,female,"Suva, Fiji",2025-08-22
21d29a71-53b4-4f3d-8d5d-fa81ecf3c8a2,Its really make me happy,5,female,"Guadalajara, Mexico",2024-09-27
92154aa3-81b1-4643-9f48-461fe8924d7e,Like,5,female,"São Paulo, Brazil",2025-05-17
590a5063-c54d-4d65-b5f1-d0323922c30a,Thank you for happiness,5,female,"Montreal, Canada",2024-10-15
db345a67-0fb9-4432-baa6-6278e40cfa4a,Nice tt loveyu,5,male,"Denver, United States",2024-07-13
ad20e10a-3fb9-4790-9f09-03422da17bb5,𖨆꫞,5,female,"New York, United States",2025-02-13
0bc2bbbd-ccba-4e49-91eb-ace0889e2965,Please stop my report problem can't upload fropile picture,5,female,"Houston, United States",2024-11-21
90955291-6a44-4001-9ef0-b6799730a0aa,Jomelyn Cuayco,5,female,"Mexico City, Mexico",2024-12-19
680ad480-2f20-4455-99cb-06c579adcafb,good,5,male,"Pretoria, South Africa",2024-03-30
d2efb95a-39b3-4d64-ab0e-ea83915ef72b,good,5,male,"San Jose, United States",2024-08-07
4bd7931d-83f9-4ff9-9287-8991e6e30c40,Keep me updated 😊😉🥰😍🤩,5,female,"Toronto, Canada",2025-03-07
f96eb807-457d-4b47-a9fe-03148ff02cf7,Good,5,male,"Seoul, South Korea",2023-11-04
44afcb6a-154a-4b91-98a4-22a57fa098db,Kyuti,5,female,"Ottawa, Canada",2024-10-29
0ded6ed7-0694-4a94-ae3c-fec891932f71,Fun and inyoy,5,male,"Tunis, Tunisia",2024-04-18
301f8a10-c8b9-4d01-a3db-f7f5cda17d3b,I experience lot of improvement in my life like I'm very confident to my talent that I never see it before,5,female,"Washington DC, United States",2024-11-21
20124d5a-2a49-42fc-be9b-bdb5191a92c7,Msntap,5,male,"Rome, Italy",2023-07-08
5987b1f6-e251-40a0-9b37-8564d09f301b,Tq tiktok support me thank you so mucha tiktok support views plzzzz,5,male,"Helsinki, Finland",2023-04-18
76763a0b-2513-4a60-9903-bd2409f0855c,grete ♥️🤝,5,female,"Guayaquil, Ecuador",2025-03-16
28a8bb59-c891-43e1-b3c3-01327f306132,Wow,5,male,"Beijing, China",2023-12-21
fa190524-070d-469b-a446-fce3d5b9938d,i enjoy tik tok,5,male,"Mumbai, India",2023-08-21
5e4b4c2c-f638-47b0-a047-6849113669ac,i like thls app,5,male,"Jerusalem, Israel",2023-09-08
ba58896d-f3e9-4bf8-8d30-f541ed1c0b51,Good,5,female,"Chicago, United States",2024-09-26
2bd24b0f-d8ac-4f7d-8fce-ce2ee3f0e6f9,inn,5,male,"Athens, Greece",2023-07-07
fa509e57-fbca-408f-b5ba-114ac05626a3,Enjoying,5,male,"Durban, South Africa",2024-01-15
fe763307-e272-4754-9cf5-eeac14f5c804,Cool app!,5,male,"Dublin, Ireland",2023-04-02
1ea17102-94aa-40b5-a841-d2a2c855ad34,Because it's so fun,5,male,"Paris, France",2023-04-27
adfdd68f-16db-4da3-a04c-47bca5526206,Its very nice,5,male,"Jerusalem, Israel",2023-10-29
ab98e2b9-1718-48ec-8b7c-0a886373999d,It's good,5,female,"San Francisco, United States",2025-02-10
181361a5-92fe-49c8-aebb-45ec27990e7d,i give this 5 star because i feel happy when i use it,5,female,"Tijuana, Mexico",2024-10-10
78c05d3b-bbb0-4361-9014-9f68309dfb5d,Nice and ok sxa para sa akin tanggal stress ko,5,female,"Toronto, Canada",2024-10-22
9d31997f-36db-44e1-ae36-8a9b78cc25a7,Cool❣️,5,male,"Johannesburg, South Africa",2024-03-07
8b65baa2-1bea-4ad6-b892-675036bda4f2,Nice for having a stress day,5,male,"Pretoria, South Africa",2024-03-13
f833e3ac-335b-47a5-ae53-8eeb0b15d722,Good,5,female,"Vancouver, Canada",2025-02-24
586662db-0912-4a70-a921-42a032c0f6b4,So very happy,5,male,"Valencia, Spain",2023-06-26
763625f3-3144-464d-bf9b-9d0a38891d54,goo app,5,female,"Canberra, Australia",2025-10-19
5b3f4f9c-96b5-45fd-b53a-ee4b1ccb4e1a,မင္းထက္,5,male,"Tel Aviv, Israel",2023-08-22
b0b0d545-5a85-4204-8433-c00aaf54a8f1,Good goks,5,female,"Asunción, Paraguay",2025-06-28
336c8625-b227-4242-94f8-5c8a27efb48b,Nice 🥰 bat lage like,5,female,"São Paulo, Brazil",2025-05-25
a1bcdb11-aa47-4392-8770-a712d33d78f9,ok,5,male,"Tripoli, Libya",2024-06-09
956a02f6-e7ce-4ca1-a7d9-d4b753bd4c78,This is very nice and this is very funny,5,female,"Canberra, Australia",2025-10-12
33f6765b-9de8-41cf-a4da-8e004f1176ae,Good,5,male,"Frankfurt, Germany",2023-07-12
bb97f0e3-f0f2-41a2-ba70-6edd3c56378b,Luv,5,female,"Sydney, Australia",2025-11-07
b01bbe9f-7152-4557-b690-a2e84e395b8e,"my account @akiraraine_pro_editor was banned form posting, i can't post my video and please put it back to normal thank you!!",5,male,"Bangkok, Thailand",2023-12-01
f3f4ce24-b768-4f70-becf-e8e9b014c5b9,This is the best way to make you happy,5,female,"Brisbane, Australia",2025-12-28
85515290-19c6-4c0a-b6cf-113a0bcf20fc,Thanks tiktok,5,male,"Rabat, Morocco",2024-02-19
3027660f-094c-49c8-ab5a-23f957ad6f26,It is nice,5,male,"Mumbai, India",2024-01-09
1f097b3f-53aa-4f0e-a002-ccb77babb96a,Cute,5,female,"Sydney, Australia",2025-12-02
aaf1dc66-b1ca-41fc-abc0-42854e398a0a,Hello frind becis ksndudbdjdjbsisjsnsbsbbjjjjjjjjjjj,5,female,"Toronto, Canada",2025-02-04
7c3c72a4-1e1f-4d76-9d57-01db2ff1382e,It's good,5,male,"Milan, Italy",2023-07-06
bc03ad09-c612-46bd-b10e-5f22bd1bb12f,It's make me fun😄,5,female,"Sydney, Australia",2025-08-06
302eab88-a67f-486e-a50c-05c30eee8c37,good,5,male,"Zurich, Switzerland",2023-08-16
98acd28d-7320-475b-b8dc-b22e453fdc32,Nice,5,male,"Abuja, Nigeria",2024-02-05
96fe07c7-d8b6-431e-babf-2c2cdc803130,Tatah ni why iim udan,5,male,"San Jose, United States",2024-07-17
f03d30e0-5def-43fa-9153-1619bce3148c,fun to use and easy,5,female,"Phoenix, United States",2024-12-10
82133ff8-265f-4297-94df-303bc6ff1fc9,So enjoy,5,female,"Boston, United States",2025-01-19
5f3aaf63-6708-44f6-bda4-d819c19109e7,Ok,5,female,"Rio de Janeiro, Brazil",2025-05-05
32f28cb5-3e1f-4059-a8a5-574ceaa7ea28,Please update this app,5,male,"Guangzhou, China",2023-12-30
54ab6e34-bf0b-4962-8e57-8fcb98aebc62,My comfort zone.,5,male,"Kumasi, Ghana",2024-03-22
8124eeb8-b235-49ab-b51c-cca790d70d25,"Tiktok is my stress reliever,",5,female,"Asunción, Paraguay",2025-06-11
29ee3068-1abc-4abe-b6ff-c21c4b085fec,Fun,5,male,"Geneva, Switzerland",2023-08-03
f3a1e24d-5f61-4191-8767-b642df48a96b,"TIKTOK IS WAY OF STRESS RELIEVER,BUT EACH OF THE PERSON SHOULD HAVE LIMITS AND DISCIPLINE ENOUGH OUR OWN SELVES.. KEEP IT UP, GODBLESS 👌🙏",5,female,"Port Moresby, Papua New Guinea",2025-12-07
819c7444-5b0f-41f1-9d54-efa6e0d05fd7,An unlimited space for my videos online unlike in Google where they are just giving me 15GB only.,5,male,"Paris, France",2023-03-29
66abbc7b-f441-401a-a485-dba8b77b486c,GOOD,5,female,"Wellington, New Zealand",2025-12-03
306ee471-3cd5-4553-b6d8-5d9e75267a33,Ang gwapo ko kasi,5,male,"Dar es Salaam, Tanzania",2024-01-31
4a341035-3213-42a7-94d7-1d0038e71bc7,Super Nice,5,female,"Lima, Peru",2025-07-28
2bd95f77-33bd-4667-8978-74d26e89819b,Really fun,5,male,"Addis Ababa, Ethiopia",2024-04-12
ec920004-b64b-42c1-b37d-7b7546eed198,I love this app,5,male,"Tel Aviv, Israel",2023-10-25
8095cab2-f1ff-44d7-92e8-607d2e9e032a,Soon cool,5,male,"Lahore, Pakistan",2023-10-29
4d719016-1176-4526-9940-9822cce9890d,I experiece a problem on this app when I open it there's a message that I need to update the app but when I update the app actually I update it many times but nothing happen I can't watch tiktok or use tiktok because of the message that I need to update the app which I already update.,5,female,"Montreal, Canada",2025-02-15
ca576156-9696-4351-b5ea-3c7187cbeaf0,Please give me a lot of view,5,male,"Boston, United States",2024-09-04
56784f1f-bdc1-448c-96fc-88fa862d7d05,Great,5,female,"Seattle, United States",2025-01-31
5c7bef5e-223d-48cf-baf6-2e10c6f51445,Pinapaoverthink niyo lng q e,5,female,"Houston, United States",2024-10-25
bfb328e2-afef-49c2-9cd8-7a9c008efed3,Its good at all,5,female,"Fortaleza, Brazil",2025-07-09
299ebc02-ab9c-4eae-8ec1-43c5ae720ae4,I enjoy,5,male,"Kumasi, Ghana",2024-04-03
77ecb9f3-6c62-4626-a947-80801f02d241,good,5,female,"Philadelphia, United States",2024-11-19
80b788b1-a612-4f6b-ada1-02b83f8aa979,Shellabacaro@,5,male,"Denver, United States",2024-08-31
ac18e0ea-ac94-44c3-b9d9-2b3b0a949e32,Awesome,5,female,"Lima, Peru",2025-06-29
662c9719-e0e8-4bd6-b4a7-3b57fea8ec40,i love kazuha,5,male,"Frankfurt, Germany",2023-08-17
401e0ab0-cdc2-4814-8f62-7a3767749592,Be peaceful &happy for second.,5,male,"Jeddah, Saudi Arabia",2023-11-17
0b145188-d686-4183-a479-ed18fe59df3b,Wow,5,male,"Lusaka, Zambia",2024-01-31
8fc55a5c-582c-4329-a8da-a27cba9e2c4b,good,5,male,"Lahore, Pakistan",2023-08-25
9da9be68-29f3-49a6-8548-4a86bace1302,good. job app,5,male,"Frankfurt, Germany",2023-05-02
b05bbdf5-a34e-4a12-b5ea-df29bac5fe31,i like tok tok,5,female,"Caracas, Venezuela",2025-03-30
9488f53d-6696-490e-81f2-e8f4c277798a,its so good,5,female,"Arequipa, Peru",2025-06-13
0d0c43fb-cbfa-43a4-9afb-a0cd7e8c5514,The whole thing is very good..,5,female,"Buenos Aires, Argentina",2025-04-15
de086c40-7ed3-463e-b73d-e6cb670fecb2,Nice and good,5,male,"Abuja, Nigeria",2024-01-28
2f89a70d-fa71-4583-99c9-017d67fa3a93,I love ittttttt,5,male,"Milan, Italy",2023-08-16
a3ee8cc7-0e74-41ce-9004-913e593b6348,Is so good,5,male,"Manchester, United Kingdom",2023-05-30
2385cc0f-7739-4b8d-9ff7-5d0d2ec9d6b6,Good,5,female,"Auckland, New Zealand",2025-12-21
8c6b0991-472d-42c5-8525-b5cbf1b4f54b,Ok,5,female,"Houston, United States",2024-10-27
2b26b403-a21a-4e8c-8d7b-fd3937effdcd,I like this app 😍,5,female,"Monterrey, Mexico",2024-10-12
2832585b-b1a2-4b4d-8f22-0ddd83e1e2b7,The apps great and very helpful for any type of business,5,female,"Vancouver, Canada",2024-12-20
9a4f5b25-7bf9-4594-be19-cd72efe479d4,So beautiful 😍,5,female,"Guadalajara, Mexico",2024-12-14
5824de72-4950-4614-b6c4-881a2994b505,Good,5,female,"Houston, United States",2024-11-12
61fc1ff9-b5cc-41ab-8cd1-89e23acc32cb,Rlly good,5,male,"Nairobi, Kenya",2024-06-10
98f2f8d4-5685-4b53-b8b1-960d07885929,very nice,5,female,"Suva, Fiji",2025-11-20
95942296-ef71-46bc-9695-1ae7f395dd75,ice,5,female,"San Antonio, United States",2024-10-22
71f4b675-58c9-42f5-b016-5014b94ccead,Good,5,female,"Chicago, United States",2024-10-13
efbd6799-db77-417e-a9c1-d2d3cdd99333,good,5,male,"Vienna, Austria",2023-06-16
df00041b-afca-43e9-82c2-a143be0de4bf,Happy and sad,5,male,"Zurich, Switzerland",2023-06-19
a19740d7-e8f1-40c3-9ca4-2ab437973d91,k.,5,male,"Seoul, South Korea",2023-11-16
9c9e7c56-b477-43db-b927-a104824aed0f,Love it when i make a emoji cat cause i want to make a pink emoji cat cute and sweet,5,male,"Warsaw, Poland",2023-05-24
97752c34-e8c5-4149-bd60-5e37e375d009,This app is very beutiful,5,male,"Durban, South Africa",2024-03-24
269f79ab-f670-4feb-8a4e-c3de68d4f3ec,ผมอ่ะอืมมันดีมากเลยผมเลยเล่นจนมีผู้300อ่ะอืมดีๆๆๆๆๆมากกกก,5,male,"Taipei, Taiwan",2023-11-05
3fa46dcc-d42c-4ebc-a80e-64839a3a656d,Good,5,male,"Taipei, Taiwan",2023-10-07
44f3b11a-cd45-4bfa-a3e9-373d8c39cfca,Nice app,5,male,"Delhi, India",2023-10-16
d798f647-8824-4748-9bf0-cd5c0d391c14,Excellent,5,female,"Nadi, Fiji",2025-10-29
d26a9195-4a2f-4e45-8577-f077b20c1899,Just happy Watching the clips,5,female,"Buenos Aires, Argentina",2025-05-13
e6744eb7-615c-4ebc-9459-286ea5667c2e,Happy,5,male,"Vancouver, Canada",2024-07-31
33e32e0b-be1f-412f-b11c-4ec60b144094,Okay naman kunti lang followers ko pero sulit den HAHAHA,5,female,"Quito, Ecuador",2025-05-19
322f8cb0-26f2-4717-aa7c-af6cc02226be,Ilove this app,5,female,"Adelaide, Australia",2025-12-01
2c8f2a0e-1710-4afd-824a-c786d7acc9fc,I Love this app so much cuz my depression goes away 😻💗💗,5,male,"Denver, United States",2024-08-24
1132218b-dbca-4766-80aa-f6c85042655d,Awesome 😍👍👍,5,female,"Vancouver, Canada",2024-12-07
d437d610-be42-4871-961f-2da082bc15f3,Entertaining,5,female,"Perth, Australia",2025-09-13
2f2fd7d5-3833-441a-8066-98ce654f0d1f,Hi good,5,male,"Doha, Qatar",2023-10-25
916dab71-6a34-4728-b1ae-f40141bb161f,Good,5,female,"San Francisco, United States",2025-01-22
003d0727-0020-411b-8131-382bb49ce1e2,Its having fun to watch the videos in tiktok and can make you happy when you are stress on doing work or studies. And its good to try watch the videos so that you cant having a stressful day and do some viral dance in tiktok and have a confident to try dance or singing in tiktok you can go whatever you like you doibg in tiktok and it can give more lesson. Many people enjoying watching tiktok and dancing and singing. There is some of opportunity to came in yoyr kife by using tiktok you can earn.,5,female,"Port Moresby, Papua New Guinea",2025-09-19
f894fe92-3c52-484d-a3a0-81000eb92d0d,"I just don't like the add. And please let me stay on kpop tiktok like seventeen,bts,enhypen,txt,and more.",5,female,"Canberra, Australia",2025-08-06
641526ce-5326-4f4d-963a-036cd36f2270,Very nice tik Tok apps,5,male,"Vienna, Austria",2023-06-25
20bfb597-7f46-4b67-b1ce-d618ef9def7e,I have a ugly filter i want beautiful filter,5,male,"Krakow, Poland",2023-06-06
1c62c28c-ffd2-49e9-b794-2f75599ca0d9,Excellent,5,male,"Seville, Spain",2023-06-21
92d4a25f-8ea9-470d-a985-5ace460728cf,Thank you,5,male,"Amsterdam, Netherlands",2023-06-15
1f461e17-3af8-4795-85b8-bb566bf3e7a5,Nice,5,male,"Beijing, China",2023-12-08
2cdfda98-4e19-4f88-87d6-a5c7fbcc3a63,yawa,5,female,"Adelaide, Australia",2025-12-24
1039aa88-a2af-4d52-83bf-3bd9e6b15198,Vivian Deamaylo,5,male,"Seville, Spain",2023-07-21
b4fecafc-bce5-4ca5-b184-816415d90164,Perfect 👍👍,5,female,"Rio de Janeiro, Brazil",2025-04-06
033de578-17e9-4108-b68e-c8221d2ffe55,Good,5,female,"Rosario, Argentina",2025-05-15
e3d7c531-52c0-4c05-9aa6-217c18ee22eb,Ao fun when your bored or over thiking so doulond tiktok,5,female,"San Francisco, United States",2024-09-17
2d4101b5-170b-404c-bba8-5685ceac0048,Good,5,female,"Quebec City, Canada",2024-12-01
a4be8eea-762f-4ea9-9f2d-f4410a371aac,So much fun😭😭😭😭,5,female,"Wellington, New Zealand",2025-10-30
63a50934-9c33-4453-a366-28f242021f9e,Good,5,male,"Bangkok, Thailand",2023-10-15
04324745-2e72-46f0-9cd7-af0a185eb9b6,It's the best,5,male,"Athens, Greece",2023-05-13
584c48f3-202b-424b-bd26-54ea19f0272a,I'm enjoying,5,female,"Washington DC, United States",2024-11-02
9d4b263e-80a5-4007-bb26-266f3ef537e9,Excellent,5,female,"Los Angeles, United States",2024-10-13
f8ec1cbe-e29e-4321-a566-f5fdc7d6f79e,This is pretty nice but yeah Stranger Things is taking over my app 😌💦,5,male,"Jeddah, Saudi Arabia",2024-01-12
a4982f3e-2726-437d-98e2-0130e167f15f,Easy to use,5,female,"Montevideo, Uruguay",2025-07-22
1954115d-a8cf-4c4a-ad14-c7695eaf20df,it's a good apps to watch an anime chapter by chapter,5,female,"Chicago, United States",2024-09-19
c3fb42aa-b40d-4994-a721-912ab7912cc9,This app good,5,female,"Caracas, Venezuela",2025-04-11
47edc8a0-a8e8-4ebd-bbfa-ac09d7f4359c,I inioy watching videos here in TikTok,5,female,"La Paz, Bolivia",2025-05-14
6296dc8f-0076-4e84-801a-6265e9864451,Have fun and makes me enjoy,5,male,"Ho Chi Minh City, Vietnam",2023-10-29
489f1fdf-0beb-4963-b330-e3d9a71aa741,Meryjoy Gominto Arado,5,male,"Kathmandu, Nepal",2023-10-14
924f2d11-3e8b-47fb-9a00-988f0aac8327,Soo Funnn,5,male,"Karachi, Pakistan",2023-09-11
212e3d39-cf95-44ec-9843-371b47fd3c27,Nurhussein 😍 aku,5,male,"Pretoria, South Africa",2024-01-22
a800e1bc-b097-42e2-a526-27580bb68b79,Good,5,male,"Jeddah, Saudi Arabia",2023-12-27
bee176a6-a91c-4413-a251-4fed34c705b2,Cool,5,male,"Zurich, Switzerland",2023-05-12
0a553757-b535-4fdb-be2f-9ba44f073265,👍,5,male,"Vienna, Austria",2023-06-11
853dcf3f-5d72-4c70-bb77-a921f108ed7d,Just gettin started to feel great,5,male,"Dar es Salaam, Tanzania",2024-05-10
ad6bde3c-fb0f-4296-b2b6-df7c6e692550,Napaka ganda ng tiktok nakakalibang panuorin,5,female,"Seattle, United States",2024-09-05
7d080d72-eff7-4b74-bc7e-6dc3969a6a5a,Terbaik,5,female,"São Paulo, Brazil",2025-06-28
dc78b7ce-a1ac-4ba5-81a4-1f6f0ddaee55,Best,5,female,"Córdoba, Argentina",2025-03-27
8d5149be-f97f-44d8-ad5b-52d0ada19e4d,This is so good to use it makes people happy and I laugh all the time at the jokes. This app is really good . I love it,5,male,"Quebec City, Canada",2024-06-20
41caeced-d3fe-42cc-8a5c-115de88efa05,hi good tt,5,female,"Brisbane, Australia",2025-11-01
e53d7b41-bc89-49ee-a9ac-6d3de1cc6692,epic app,5,male,"Tijuana, Mexico",2024-07-19
01b4fec6-aa3f-41f7-bcc3-7af1f4e2331c,Superbbb,5,male,"Jeddah, Saudi Arabia",2023-08-29
3f6c8764-5cbd-4e18-8f71-ec9049a1bb9c,nakakaputang ina,5,female,"Montevideo, Uruguay",2025-05-15
fd016592-41a2-418b-b47d-3f43accdcdf8,ok,5,female,"Vancouver, Canada",2024-12-17
dd38b7b6-7ac9-48d8-8379-a7f252a55649,Super happy.,5,male,"Edinburgh, United Kingdom",2023-07-10
f9581869-c284-41d7-85d0-29226ea1496f,Good I like,5,male,"Edinburgh, United Kingdom",2023-07-31
0c9c8e67-c6ab-4a2e-9294-6c2b5f42b480,Agak mantap,5,male,"Seoul, South Korea",2023-10-03
01111952-a4f8-4756-a30b-c4c6fc1332f6,up view😞,5,female,"Nadi, Fiji",2025-12-10
167dc324-bcb1-41ad-92d0-2711f81c16ad,Good entrainment,5,male,"Kumasi, Ghana",2024-02-04
5d48e3c7-7d49-4d6b-80b1-3138633dc39a,Everytime my wifi turned off and i turned on still says no internet connection i couldn't like the video now i cant the video,5,male,"San Antonio, United States",2024-08-16
9b81ae54-753d-443b-98a4-ad91a8d3baaf,Enjoy,5,male,"Dubai, United Arab Emirates",2023-12-01
76574a3f-deca-45c3-9b18-1f0ca0e180b0,Happy please installed,5,male,"Harare, Zimbabwe",2024-02-18
5f485fd2-9f7d-41b9-8534-65dc73225194,Ang cute ng tiktok nakaka saya,5,female,"Nadi, Fiji",2025-11-14
fc689d46-d98b-40ac-aa2b-504bad34f6d8,Such a vibe,5,female,"Lima, Peru",2025-07-13
82b811a8-2999-4274-8fb3-55de03e162e6,Nice!!!,5,female,"San Antonio, United States",2025-03-07
32eaea9a-4544-4622-b12f-283604524a05,Tolong bgi sye buat live,5,female,"Brisbane, Australia",2025-09-26
37177591-1d79-4320-8826-0047c14cc9a3,Good,5,male,"Lyon, France",2023-08-03
082063c1-9bda-40b1-a055-e8a931f0382d,nice to enjoy here😅,5,female,"Gold Coast, Australia",2025-12-12
34ef076c-5a48-409e-bfca-252d9973bf40,joker,5,female,"Caracas, Venezuela",2025-05-11
2244944f-c012-4a76-a9c7-42421e657a3e,Good,5,male,"Helsinki, Finland",2023-05-30
bfc85aca-a36f-4de6-82a0-c3050bdf9df3,လီႁၵ်ႉၼႃႇ,5,male,"Dublin, Ireland",2023-04-08
acb98a25-6179-41b4-b3d2-08122eac6869,Tiktok is one of the best app created <3,5,female,"San Diego, United States",2024-09-13
9d2ba8fc-64af-4797-ab85-9fd3be8be2d4,"This is the best app than the others🥰, THIS IS THE BEST APP IN THE WHOLE WORLD🥰❤️, This app is really important to me🥰❤️❤️, I am never gonna delete this app ever again🥰❤️❤️❤️❤️❤️❤️",5,male,"Phoenix, United States",2024-07-01
5ba48d7f-e5fb-4ff0-a6b5-e89c6747d911,👍👍,5,male,"Alexandria, Egypt",2024-02-06
5350d0bf-c746-4aca-b3a5-42016be50a92,Not but,5,male,"Seoul, South Korea",2023-12-20
2bfa272f-2faa-4cc7-9b2f-fb1e2d051723,This is good but. It's suck,5,female,"Houston, United States",2025-02-09
9cb51db7-b1cb-42a5-91f3-1651f89c003f,Amazing,5,male,"Pretoria, South Africa",2024-02-13
d6372f89-09f7-4d99-95aa-b0a94fe6739d,Good,5,male,"Accra, Ghana",2024-04-12
27a1dd1b-cd53-48ec-b846-0df956ca7270,Cool,5,female,"Monterrey, Mexico",2024-11-30
f6e716d5-7711-457a-a208-ad9325880166,the best and comforting app i've ever had !,5,male,"Warsaw, Poland",2023-05-22
48869019-9d9a-4549-a1c6-97176389d1bb,ម៉ាក់ វិសាល,5,male,"Chicago, United States",2024-08-29
7c2e35af-1500-46ab-a26f-b98827a652ae,DESTONI,5,male,"Cairo, Egypt",2024-02-08
03ba10ae-7ead-4928-9b18-aafe56e9d468,GOOD,5,female,"Jacksonville, United States",2024-11-28
bd44a087-397e-40de-a729-6b7e628f3413,ไดแอน,5,male,"Tripoli, Libya",2024-06-09
fa699ae6-70b3-4c64-ac55-24dc01b319ea,This is so beautiful this is my favorite app thank you TikTok 😽😽😽,5,female,"Tijuana, Mexico",2025-02-07
c2888878-62f3-4d01-9e04-86ed05cfe2ef,Good and excellent,5,male,"Glasgow, United Kingdom",2023-06-05
dbe1132c-d125-47d7-893a-2d4ef9cbbecc,I love this trending on tiktok,5,female,"Port Moresby, Papua New Guinea",2025-08-10
0820e71e-3033-4123-b830-94c5ba8172cc,Cool cuz we can make tiktok and song everything so cool and have a chesse game too so many things wow thank you and again thank you ok byebye,5,female,"Port Moresby, Papua New Guinea",2025-12-27
39f91d83-d8d9-4ecf-95b3-3661da837011,Trip,5,female,"Gold Coast, Australia",2025-11-15
a955c591-8b6a-419d-8dc0-e19f2329e82b,Hi tiktok pls update tiktok 😭😭😭😭😭,5,male,"Delhi, India",2023-11-13
f5a759e7-3ff9-4ef3-888b-6795138bf3cf,Good i love this apps🥰,5,female,"Seattle, United States",2024-10-19
9ed77169-2140-4494-b6ba-8ab4d159619a,mpp,5,male,"Cairo, Egypt",2024-03-03
d4478c5a-d78b-4efb-a4a4-ebdcfcb3104e,Its good,5,female,"Córdoba, Argentina",2025-05-23
7d3abbc4-e61b-4f79-bff5-f16f62026ed5,"cele I don't want to be, I don't have much heart, I don't have anyone to watch Please help me",5,male,"Oslo, Norway",2023-05-04
4caae3c1-d650-4bc8-8165-9540dff09c49,i love this,5,male,"Copenhagen, Denmark",2023-04-28
dbbb9df4-d089-4731-991c-6b53bcfcd3d1,nice and good...,5,male,"Vancouver, Canada",2024-07-02
f4dd9efd-2acc-4dbe-b403-d3c9f1717994,5 star,5,female,"Gold Coast, Australia",2025-09-20
8c2bd2db-def0-4bab-93f9-ef7dde264ab7,hayy,5,female,"Bogotá, Colombia",2025-07-07
4a1a4f03-0bf4-4936-9c26-e1d1a98155d4,"True information, fun and relaxing. Most enjoyable social media",5,male,"Boston, United States",2024-06-19
d07a9fcb-961f-41ed-ac13-27af89f36fdf,Aplikasinya bagus banget banyak orang cringe nya yang tolol ga ketulungan,5,female,"Salvador, Brazil",2025-06-21
9700c295-42a9-4d87-ae59-04640b4c7b20,App install yo na,5,female,"Lima, Peru",2025-05-22
4b041966-c24e-4dee-a9e9-0b9f5004e715,Nindot tani kaso kaylangan ug update,5,male,"Accra, Ghana",2024-04-26
d75933d0-0891-405d-a9dc-3daf0c95f388,Nice update tiktok😍😍😍,5,female,"Salvador, Brazil",2025-06-09
bdedcbc6-7b41-44f4-a71d-7f9eff2df855,So Love it 🥰,5,male,"Manila, Philippines",2023-10-01
87fff037-bfcf-4309-9048-bda0c23d6e4d,Good,5,male,"Lahore, Pakistan",2023-11-15
0c0bf430-d89c-4fb3-875a-c92c60a9ad39,beautyfull tiktok,5,male,"Lusaka, Zambia",2024-02-27
570eeeea-781a-4bab-befe-468afd54ab36,Its cool yehh😍😍😍,5,female,"Tijuana, Mexico",2024-10-08
aaee90a8-0585-4765-aed2-2f5a5227fe87,Good,5,female,"Arequipa, Peru",2025-05-21
67623ec7-e9da-428f-ba62-35ae46f0a5a0,Good,5,female,"Asunción, Paraguay",2025-03-21
8a1b0419-5c7b-4ba0-9cec-5d639d4392ac,Good connect to all People around the world.,5,female,"Santa Cruz, Bolivia",2025-04-11
03868dc7-77c0-44b4-b6de-4a48f12fc39c,Good,5,female,"Nadi, Fiji",2025-12-05
9291f60a-4c36-4a1c-9a7f-e4403f70fec1,cool,5,female,"San Antonio, United States",2024-09-18
6a2614a2-cbca-4909-991c-5bfe06a92c04,5K⭐⭐⭐⭐⭐♡M,5,male,"Vienna, Austria",2023-05-17
8b40f73d-c10b-4c08-9a73-ac84d181d0e2,I love this,5,female,"Christchurch, New Zealand",2025-09-15
312facc3-e4b4-4d93-b0cd-ab5c059903e1,iwlly,5,female,"Mexico City, Mexico",2024-12-04
e147499b-577b-4d00-abf0-aec657652616,Love,5,male,"Prague, Czech Republic",2023-03-27
a6447a44-b7f0-4311-aedf-46c6b0ff8803,this is so good and i like this tiktok,5,male,"Osaka, Japan",2023-09-30
824f4b2d-e1c8-43a3-be5d-4343c8686d4c,Very very nice,5,male,"Shanghai, China",2023-10-08
47d8bacf-61b3-45a8-a86d-75f73d2ead60,I have 1011 followers now I am so happy bc of minion cult I have many followers frrrrr,5,male,"Tunis, Tunisia",2024-03-03
9d55cd71-5f9d-4826-8bec-470934676efd,I experience all about update,5,female,"San Diego, United States",2024-09-05
b4b0f847-ca17-4378-95a1-cd06398693af,😇,5,male,"Hamburg, Germany",2023-07-27
febf10b4-9359-4d8b-a171-748d191d4852,Bagus,5,male,"San Antonio, United States",2024-06-28
38a70774-c654-451b-baa7-dbe580967100,"I don't really create videos myself. I only installed the app so I can watch SB19 tiktok videos (and other related videos), but I found myself enjoying the app a lot. Not only am I able to follow SB19, and fangirl over their live vocals, but I can also interact with other fans. Thanks a lot!",5,male,"Prague, Czech Republic",2023-08-14
e6577238-f17f-411d-894a-9b8cb17c8f96,best,5,male,"Quebec City, Canada",2024-07-16
7d554438-6448-45e8-b205-5549513dfcde,Happiness,5,female,"Monterrey, Mexico",2024-12-28
9cbcbef7-2d34-47c2-813f-423496dde2ea,"This app is so nice,",5,female,"Rosario, Argentina",2025-05-25
b9257d43-4d24-4153-b114-53786c90d7e8,Nice,5,female,"Salvador, Brazil",2025-04-26
65914d92-480f-4ec4-be91-fbda4b0b8bed,It's cool,5,male,"Osaka, Japan",2023-10-05
080ea319-ec8b-46e4-8c1e-567f2faddb33,Superb,5,male,"Johannesburg, South Africa",2024-06-09
30b16b19-2262-4810-8c71-6ee9465eb2be,Its so beutifull app,5,male,"Accra, Ghana",2024-05-20
c07258cf-709c-4366-9542-1ab907c30aa8,Good to edit photos and videos,5,female,"Asunción, Paraguay",2025-04-01
467993f0-a46f-4b4f-b691-1d93f412e38e,so far so good but am learning more about the app,5,female,"Guadalajara, Mexico",2024-10-24
371d60c2-bc38-44c8-9f2c-a186d3f33e36,good,5,male,"Rome, Italy",2023-06-21
4da144d7-6b1b-404b-af86-d56242fa078d,Tik Tok,5,male,"Hanoi, Vietnam",2023-10-23
d3f78365-0295-48a1-b2e2-c7db437dae0c,I love this app,5,female,"Wellington, New Zealand",2025-10-25
4336de29-955c-45f4-999d-74630ed6d2d7,Pls my banned acc,5,male,"Calgary, Canada",2024-06-19
fb96c4f7-1f73-4aaa-b253-90db4be91b2a,So good,5,female,"Salvador, Brazil",2025-04-29
9a7a7ac6-f2f6-43b1-b36d-86abcf694a52,plus its have a team :😵,5,female,"San Jose, United States",2024-09-09
a83811a2-5bca-4ac1-a351-7058908faaa4,Its fun i enjoy using this app,5,male,"Kuala Lumpur, Malaysia",2023-12-21
4fe1e77c-29ae-4e95-bca9-e651b082ca9a,Just wow,5,male,"Kampala, Uganda",2024-05-23
db47971d-7df9-4a14-85bd-52d5249dcb2e,good,5,female,"Austin, United States",2024-09-13
9c3385ab-63ed-4856-9f6d-de61e8df28fc,Super and stable,5,male,"Edinburgh, United Kingdom",2023-06-08
544a9c2d-5234-4166-8110-6698f5e6b37f,8899M,5,female,"Suva, Fiji",2025-12-29
3fdb557b-4819-43f2-95a7-9b81797acfe3,Mntp👍,5,male,"Edinburgh, United Kingdom",2023-04-13
f2a46e66-d096-4125-8491-0c1f15fdb613,I love tiktok and you gonna famous when your likes is more I love it ❤,5,male,"Osaka, Japan",2023-09-20
66703217-3ae4-4284-bf1b-9a7699278a10,Good service,5,female,"Medellín, Colombia",2025-05-01
c4e9f640-0031-466a-8ab9-298f2ccc7f12,OK You,5,male,"Cairo, Egypt",2024-02-25
fc02a662-3d62-44f2-afad-5a7e7290c157,iloveit hajaha,5,female,"Toronto, Canada",2024-12-08
751e2368-d87e-4344-bc4f-367025740f0f,its good.,5,male,"Lisbon, Portugal",2023-08-02
0cd0cd64-cef9-4d0f-92ef-d5e1e2992bc0,Ganda,5,female,"San Jose, United States",2024-10-19
629afe4a-dd6b-458b-acf6-fc886128d847,Very nice,5,male,"Lahore, Pakistan",2023-08-24
65dec7c1-4047-4038-a6ab-1d425b178ed3,Luv it,5,male,"Busan, South Korea",2023-11-22
7503129d-ac17-47b7-aa3b-b5c0562e78fc,Mlbb creator base,5,female,"Cancun, Mexico",2025-01-30
5de8c0e9-1607-47f7-90bd-0b2e473f657e,love it,5,female,"San Diego, United States",2024-12-05
04f66d1f-bfac-40b5-bde2-8c19b09a064f,tops,5,male,"Toronto, Canada",2024-07-17
61c0a250-b133-41b9-b8ec-8aefa446c7e4,It's so fun having this app!,5,male,"Addis Ababa, Ethiopia",2024-03-24
770527d7-4b88-49ee-89e6-6e0ebff790e1,I love you tiktok💗,5,male,"Helsinki, Finland",2023-07-25
0253e282-0bcd-4687-a8c0-1fecc0daf088,Jalilsultan,5,female,"Toronto, Canada",2024-12-09
52f7e33c-0877-4860-b40c-e9ce8d1231b4,I love upload tiktok my vedio,5,female,"Rio de Janeiro, Brazil",2025-05-08
681632a3-f670-43c3-b01c-74f623cc34e4,It's a good app,5,male,"Athens, Greece",2023-05-16
cd081d84-f111-4f48-85c0-4d44dcd982b3,veary good,5,female,"Valparaíso, Chile",2025-04-19
f3894109-bc77-4ff6-bc5d-169d68f439c4,Nice app,5,female,"Melbourne, Australia",2025-12-24
b2471e4f-0ded-4712-b8eb-c423e06466e9,Ganda ng app marami na magagawa at may mapagkakakitaan na rn☺️👍,5,male,"Brussels, Belgium",2023-05-05
9f3db37a-6a3e-467d-8558-68feddc21765,It's nice,5,male,"Munich, Germany",2023-06-02
9fdbf41b-11b0-431a-937c-ec7d0cb6b534,good,5,female,"Brisbane, Australia",2025-10-22
61f82577-dda5-4c82-8481-6a70d484e2a2,Finally i can dance goyang dumang yihaaaa,5,female,"Adelaide, Australia",2025-08-27
6ab83dfb-7324-4127-88f8-b485c2373a3c,My experience on tiktok is enjoy,5,female,"La Paz, Bolivia",2025-07-12
e519acec-b8e5-45ca-9783-55c1bb3bdec6,This app is so amazing when tiktok I'm So have many likes thank u for make this app,5,female,"Adelaide, Australia",2025-11-26
1289aac8-8a88-4afc-8dc1-9325bf068808,Nice up..i enjoy using tiktok,5,male,"Phuket, Thailand",2023-11-06
6c9ef683-dbd8-450e-80c4-ab74ca7fd093,Good 😊,5,male,"Budapest, Hungary",2023-06-20
6d7988bf-6ad4-4127-b8d2-38d6f8df61ba,best ever app,5,male,"Hong Kong, China",2023-11-12
d8a3bfe9-5a08-4602-b13f-ed7276a564b9,very nice super,5,female,"Bogotá, Colombia",2025-04-22
d93790c2-a8c3-49be-9151-3b0d77bd2399,bosit,5,male,"Mombasa, Kenya",2024-04-14
60c4e489-baf0-40b7-a1af-93fa7f604005,"my experience is so wonderful,",5,female,"Gold Coast, Australia",2025-10-01
a4043f69-41c4-4746-9456-2b344e87547f,Good,5,male,"Dublin, Ireland",2023-05-15
b74782fd-bcf6-4f07-9dfb-d9d238c544c8,Great app a stress reliever for me i just wish the refund transaction of getting my money back was instant like other shop apps when the order is cancelled but its good so far no problems experience at all.,5,female,"Tijuana, Mexico",2024-09-09
c4086e1d-237b-4a8a-b62d-d329a5cbfd00,Good,5,female,"Fortaleza, Brazil",2025-06-05
f49245d0-8b25-4a29-994c-5e896462c556,"Entertaining app but when i watch live video always bug,please fixed this issue",5,male,"Munich, Germany",2023-07-01
375c523c-7d79-4efe-b2b1-11223d6e3dc1,good,5,female,"Cancun, Mexico",2024-09-09
6d23ca19-a964-489d-b017-81e82b03201c,Nice,5,female,"Vancouver, Canada",2024-10-26
d834ef0a-f7b8-47ff-9451-2639cabdf2f7,Like,5,female,"Seattle, United States",2025-01-24
a83d0630-a3eb-4a4f-8ed0-c02090627e8b,big,5,female,"Gold Coast, Australia",2025-11-07
39011055-e5bf-43c2-9bca-69d35516f770,Nice,5,female,"Arequipa, Peru",2025-05-05
ea0a80a5-e7a5-4a8f-a9d2-dfd3e5574486,Sangat lah jelek,5,male,"Lagos, Nigeria",2024-02-13
c40196e4-088e-42ca-87f3-7239b7338d0c,five star for yuo,5,male,"Kumasi, Ghana",2024-02-24
3e25c74e-c95a-4d42-8c33-72e0f6051fbc,Nakakatanggal Ng stress♥️,5,male,"Bali, Indonesia",2023-11-12
1f4a1cc2-d9b2-466b-bebb-073ef5f5b604,Nice work,5,male,"Kampala, Uganda",2024-01-15
2c739a6a-7580-47e7-a27e-925d79150503,Good,5,female,"Medellín, Colombia",2025-07-01
ad0ffa19-b28e-44e8-8933-db0529c2e53b,Amazing application,5,female,"Valparaíso, Chile",2025-07-31
27350c55-4dc0-4df6-8b76-771bbd89fc0a,Good,5,male,"Stockholm, Sweden",2023-05-30
493b1612-772b-4a86-a451-558ff005840a,mantap,5,female,"Houston, United States",2024-10-10
85347c05-b619-4a7c-a858-ee9321d10296,Great platform,5,male,"San Jose, United States",2024-07-21
d3975671-632c-42c5-9c81-cb3bbccf4452,Good 👍,5,male,"Tripoli, Libya",2024-04-10
de8a1772-4000-427f-87e7-8bcf34f748f8,Fun,5,male,"Marseille, France",2023-08-11
b9743e99-e833-43a3-9af4-a8f33c8b70fd,I'm very happy,5,female,"Asunción, Paraguay",2025-05-20
25eab2b2-3cba-45ce-92eb-662a897ecde5,So fun,5,male,"Vienna, Austria",2023-05-01
50ccd22d-1d9c-4d00-a9df-8b96c0d5828f,Cool,5,female,"Monterrey, Mexico",2024-09-21
7aa815fa-3377-4c81-84d9-4a0818697bee,Levi Anjali b nibreja,5,male,"Beijing, China",2023-09-23
5e9aee96-cebf-4aab-9050-adcc75157f69,i love it wow🐘😲😲😲😲😲😲😲😲😲😲😲😲😲😲😲😲😲😲😲😲😲😲😲😲😲😲😲😲😲😲😲😲😲😲😲😲😲😲😲😲😲😲😲😲😲😲😲😲😲😲😲,5,female,"Quebec City, Canada",2024-10-14
18071566-07f2-4616-a780-2663d904e41a,Good,5,female,"New York, United States",2024-09-05
fe21befe-7015-4e6b-96d4-21384d5a8f7c,♥️,5,male,"Amsterdam, Netherlands",2023-05-08
e7aaeecb-7990-468a-bdd2-fc51747a912d,maythethtar,5,male,"Singapore, Singapore",2023-10-27
318c1a98-a744-4684-ab0a-2893076f6b94,Is good bye,5,female,"Jacksonville, United States",2024-12-11
fb2de57e-ea9f-45d4-b4a2-5a54e05832ac,It's good to use it because I will adjust the original volume to make the civer louder over voice,5,female,"Rosario, Argentina",2025-05-08
73300bc9-c44a-471b-a3fa-5581daf091fb,Sowww fevery pretty appd,5,female,"Arequipa, Peru",2025-07-25
1500811b-16d2-4a9d-8ac8-bc886bb0764d,👍👍👍👍👍👍👍👍👍👍👍👍👍👍👍👍👍👍👍👍👍👍👍👍👍👍👍👍👍👍,5,female,"Quebec City, Canada",2024-08-20
27850599-ea9f-4b7d-9028-38cd63b1e4be,No 1 app,5,female,"Brasília, Brazil",2025-06-10
6402ab2c-3935-49f6-ba15-d4f8f670ce4a,ok,5,female,"Gold Coast, Australia",2025-12-30
61b1c929-6319-4a36-b5c3-65ae86eba034,Good,5,female,"Hobart, Australia",2025-09-23
ca87c06e-e7cb-4046-a831-c6ff87b15cdd,Complected ferson,5,female,"Melbourne, Australia",2025-11-22
fdfbd6c9-8304-4f4f-9f94-ae6e2cd57584,IM OBSESSED,5,female,"Melbourne, Australia",2025-11-05
bd54a1f3-0b96-4980-ac79-30ba5857d4a8,This is really good,5,male,"San Diego, United States",2024-08-06
1a677682-80f4-433b-a739-f1360090b9e0,I like it the vidios is cool the grapics but i cant go in becuase it needs to uptade but please let me in and dont let me uptade becuase i dont enough storage let me in,5,female,"New York, United States",2024-12-16
21268c5f-7cfa-4447-99b7-fc84d73b2c91,Good,5,male,"Beijing, China",2023-11-20
83309afc-ff94-4db2-94e3-9edb6db17663,loveeee. It as an tiktoker,5,male,"Nairobi, Kenya",2024-06-04
b26df9d8-2dc4-4d44-a960-d5d05ff1e352,Ok,5,male,"Kuala Lumpur, Malaysia",2023-09-21
49c25dac-8fe8-4d32-8833-5c2137c27c96,Great,5,male,"Marrakesh, Morocco",2024-05-06
1ffea799-97a2-4900-9f91-c4bf31db8338,Nice app,5,male,"Dakar, Senegal",2024-03-23
eb176971-93ef-449d-a9d4-1058762244c5,Good,5,female,"Dallas, United States",2024-10-08
c822a1bb-0087-4a68-b81d-92b724ed112e,Tnx,5,female,"Santa Cruz, Bolivia",2025-04-25
e4e85740-08ae-49bb-8ba3-e44532ce9da9,simple and caring,5,female,"São Paulo, Brazil",2025-03-21
da74709a-5389-4253-9061-885817fb0a36,It really relieve my stress..,5,male,"Addis Ababa, Ethiopia",2024-03-05
1484acb0-f24d-4488-91ba-3c9dc42bb841,i like this app becouse it's have many content,5,male,"Quebec City, Canada",2024-08-08
fcf31cfc-303b-40d6-b377-9d2a0272cad1,nice apk,5,male,"Casablanca, Morocco",2024-02-05
138cdc6d-0d5c-469e-a318-e5479ef40d87,Nice app,5,female,"Guadalajara, Mexico",2025-01-04
54713287-3339-4a04-a76f-827d2cf67cac,I love to you this app😍😍😍,5,male,"Dubai, United Arab Emirates",2023-11-05
8ae2b281-8168-4ee6-89ab-c32c316d044c,I like it,5,male,"Dar es Salaam, Tanzania",2024-04-19
b1a45b80-33df-44f3-bc26-a13075d3fe70,So best❤️,5,female,"Canberra, Australia",2025-09-03
255ebd8e-9f24-4763-ad7c-a858dbdda37d,Ok,5,male,"Lisbon, Portugal",2023-07-18
20ce7969-eefb-46f4-8eab-3d6711370842,Nice,5,male,"Jakarta, Indonesia",2024-01-10
195e7968-819f-4664-8761-30fc9413de0a,So Good,5,female,"San Jose, United States",2024-11-17
c105ee95-f6b7-48d3-928d-463b9822f16a,Best app,5,female,"Adelaide, Australia",2025-08-09
caca210c-74f6-4ed9-8f56-2fe956d0cac2,It's all Good ☺️,5,female,"Toronto, Canada",2024-09-12
5b162c3d-460e-4a65-b111-0409220e1128,Fun and enjoy,5,female,"San Diego, United States",2025-02-02
054d705f-9d4e-4780-b0bc-a1171875d0da,Usefully,5,female,"Canberra, Australia",2025-12-16
55fb59ef-7ec2-4b56-a754-ba9d582ad00d,Haha so fan and happy to watch,5,female,"Christchurch, New Zealand",2025-12-02
c992dcf2-960e-4c3c-af24-a7d40227c95b,Keep add bew features,5,male,"Glasgow, United Kingdom",2023-07-21
e4cdb719-e12e-4c2b-8b4d-755ab8f7ec84,🤗🤗✌🏻😭😭,5,female,"Toronto, Canada",2024-11-10
105aa1d3-2a86-4d8e-9036-2bd74027ae51,I love TikTok this app is my stress reliever 😊😊😊thank u tiktok,5,female,"Toronto, Canada",2025-03-05
50b5089f-69be-4a66-8e7d-f7c370f6dee8,"TikTok it's a good thing, but I'm brave to my friends or anything else, I want go-to TikTok, but TikTok is happens we are happy,❤️❤️",5,male,"Manila, Philippines",2023-11-08
eb37badf-4546-4270-817f-81d5bf5cff56,i like it,5,female,"Nadi, Fiji",2025-08-07
34e0ec80-a8da-4950-aa8b-af760ed9e78f,"I love tiktok,specially when Im boring. Feel so pretty all time🥰🥰🥰",5,male,"Alexandria, Egypt",2024-05-24
9aba1322-7a0c-4748-9f7b-eee7d273008e,It's so fun to watch that's why I give it five stars⭐Bc I love it 🤗☺️,5,male,"Kuala Lumpur, Malaysia",2023-11-25
355d9451-1c0d-4e1a-8fb3-50e8cf065752,Happy,5,female,"Santa Cruz, Bolivia",2025-07-10
929a1e85-1648-42c6-b6fe-063ee96c2a21,Itsss soo good,5,female,"Valparaíso, Chile",2025-07-16
0deba643-a9ed-49fc-a557-aebdece449f1,Really hard working,5,male,"Addis Ababa, Ethiopia",2024-04-28
790bf797-038a-483e-887c-9d9be57a3e31,It's a great app but it's a little sad that it take sooo much storage but other ways it a very good app,5,female,"Brasília, Brazil",2025-03-20
fca98b52-36cb-41ea-873d-3afc9bc89444,I love this app couse so many friends u will get them is real ❤️😱😙 I could this game will update again so we can video call Fvbbbbsnsv,5,female,"Córdoba, Argentina",2025-03-25
fe67fb49-48c4-4c59-b090-69609353d153,Tik Tok của khách ty giao,5,female,"San Diego, United States",2024-12-29
df93e877-c378-4285-a73f-98da22a7ff18,nice,5,male,"Paris, France",2023-07-06
5bc7cbaf-fe6b-4c26-a740-1d952f90726e,Thanks problem solved😘,5,female,"Quebec City, Canada",2024-11-22
cb8fa1a3-81ae-493a-907d-33131ae8cf5b,nakakaaliw talaga ang tiktok,5,male,"Austin, United States",2024-07-11
cd63caf9-96d0-44a6-9fd3-20497b40481a,Good,5,male,"Taipei, Taiwan",2024-01-13
4d6adaf1-222c-4991-939f-693942dd5fa2,Berguna,5,male,"Berlin, Germany",2023-04-10
6d4a908e-b3a9-400a-a642-1b2fb9235cfc,Good and very nice but need to add ppl to live not just until 1000 follows,5,female,"Quebec City, Canada",2025-02-23
4f79f6a1-a699-41b0-819b-bdfac20e38d1,It's very good,5,male,"Lisbon, Portugal",2023-05-09
56b0c07f-8658-44f9-a666-f728a27f49a8,Nice,5,male,"Lyon, France",2023-06-16
627c058b-001b-4e02-a0db-d39c7b2ae450,Nice,5,male,"Tripoli, Libya",2024-05-05
225ad27a-8a3f-4ed7-9bfb-6dbc1dd80d2e,Aries valino and Sordoncillo,5,male,"Doha, Qatar",2023-11-23
8eed6df3-813c-4508-b4ca-d770a5808a5c,Very good 😊,5,female,"São Paulo, Brazil",2025-07-22
20851ec0-26ff-433a-8d18-1b931575b132,Not update,5,female,"Perth, Australia",2025-10-23
b2755503-4055-4745-9daf-f07c1e945399,I’ve noticed that i always find entertaining content quickly. It adds to the overall experience.,5,female,"Denver, United States",2024-12-27
cab5050e-5682-4c02-afce-532584ae1606,The best part is that the app shows content that matches my interests. It keeps things exciting.,5,male,"Berlin, Germany",2023-05-10
767e1ec0-a106-4f2a-97ae-e37aa2ab34f3,"Personally, it’s very fun and easy to use. It makes the experience better overall.",5,female,"Ottawa, Canada",2025-02-10
c3bc11be-6682-428b-8563-895e694b91ae,"In my experience, i like how creative the platform is. It works really well for me.",5,female,"Christchurch, New Zealand",2025-11-26
662766c8-6f6b-4509-a697-44dca814f9dc,"Personally, there’s always something new to watch. It keeps things exciting.",5,female,"Hobart, Australia",2025-08-13
704f19c8-74b0-4e45-824b-7d8157f86bb3,"In my experience, it’s great for discovering trends. It makes using the app enjoyable.",5,female,"San Diego, United States",2024-10-05
66f236cb-3a4e-46eb-8a43-16dd81f71d04,I’d say editing tools are really powerful. It definitely stands out.,5,female,"Port Moresby, Papua New Guinea",2025-10-20
d6234040-f79f-4221-8525-2b2b47e71424,I’d say the short videos are perfect for quick entertainment. It keeps things exciting.,5,male,"Kumasi, Ghana",2024-05-07
e84cbf4d-3101-492f-b19f-b2a36cb31992,I’d say it helps me discover new creators. It adds to the overall experience.,5,male,"San Antonio, United States",2024-06-22
e2eed744-5642-46e9-bde3-c3508bda3e1c,The best part is that the app feels very engaging. It adds to the overall experience.,5,female,"San Jose, United States",2024-09-04
f4e77245-1f8d-4bb3-8713-80b01a13bee3,One thing I like is that i always find entertaining content quickly. That’s something I appreciate.,5,male,"Shanghai, China",2023-08-28
f795637f-65e7-48c8-9994-cbd9e9eaba89,"For me, the app shows content that matches my interests. It definitely stands out.",5,male,"Marrakesh, Morocco",2024-03-18
ed7c9341-1622-4e2f-823a-006dd0cb25a2,"So far, it’s very fun and easy to use. That’s something I appreciate.",5,female,"Montevideo, Uruguay",2025-05-04
2f8b65e1-5e8d-4e73-aa24-1c1cd2328bdd,What stands out is that i like how creative the platform is. It keeps things exciting.,5,male,"Warsaw, Poland",2023-08-09
5aa38d1d-63ef-4fab-91a8-281f9186cff3,The best part is that there’s always something new to watch. It definitely stands out.,5,female,"Quebec City, Canada",2024-09-07
6e3ecbb0-557e-44f2-90e3-b84724c6881c,The best part is that it’s great for discovering trends. It adds to the overall experience.,5,female,"Cancun, Mexico",2025-02-20
3fa5a5ae-78d9-467d-a0dd-caab4169d281,I’ve noticed that editing tools are really powerful. It makes using the app enjoyable.,5,female,"Toronto, Canada",2024-11-02
0a577ae8-d94b-4aff-b03a-3941329feb30,"Personally, the short videos are perfect for quick entertainment. It makes the experience better overall.",5,male,"Denver, United States",2024-08-05
245869ce-702d-4da4-a970-4bca35ff948a,I’ve noticed that it helps me discover new creators. It makes the experience better overall.,5,male,"Prague, Czech Republic",2023-06-30
d79501a2-386d-4629-81f2-70b7a93c05c0,"In my experience, the app feels very engaging. That’s something I appreciate.",5,male,"San Francisco, United States",2024-07-02
17bc12ed-6557-4c9e-a80c-20be5bce26ca,"Honestly, i always find entertaining content quickly. It definitely stands out.",5,female,"Los Angeles, United States",2025-01-21
96ae4cb1-e336-466f-b8a9-d19e6f41d86b,"Honestly, the app shows content that matches my interests. It works really well for me.",5,male,"Ottawa, Canada",2024-08-05
fd0045c3-7eff-44fa-bce7-757140d7ac98,"Personally, it’s very fun and easy to use. It definitely stands out.",5,male,"Prague, Czech Republic",2023-06-19
53e66076-0ea8-47de-a556-508f63c9f7b0,I’d say i like how creative the platform is. It definitely stands out.,5,male,"Delhi, India",2023-10-16
d02671de-97a4-4137-96ed-77a1c6b33a94,"So far, there’s always something new to watch. It definitely stands out.",5,female,"Melbourne, Australia",2025-08-29
2374211b-9a4d-4fc5-92a3-6cf465b553f5,"For me, it’s great for discovering trends.",5,female,"Canberra, Australia",2025-08-18
549994c2-9988-4eb7-8279-64e0b4e62ecb,"Honestly, editing tools are really powerful. It keeps things exciting.",5,male,"Monterrey, Mexico",2024-07-22
1a607a23-9505-4e8f-8711-2410a8dbbd92,"Personally, the short videos are perfect for quick entertainment. That’s something I appreciate.",5,female,"Santa Cruz, Bolivia",2025-03-28
5b92abbb-0044-4236-90a5-2ef9cd4cf2c8,What stands out is that it helps me discover new creators.,5,male,"Windhoek, Namibia",2024-02-08
15085580-fd3b-4f18-a14d-bf51bca613e0,"Honestly, the app feels very engaging. It works really well for me.",5,female,"Wellington, New Zealand",2025-12-15
a8c4ab88-94c3-4b88-98b5-9659ff7173a1,"For me, i always find entertaining content quickly. It makes using the app enjoyable.",5,female,"Valparaíso, Chile",2025-06-11
06584820-a92b-470d-ae16-2b9aba9e429d,One thing I like is that the app shows content that matches my interests. It keeps things exciting.,5,female,"Salvador, Brazil",2025-06-15
f606fe19-8810-49c5-bbf7-42c722de71a1,"For me, it’s very fun and easy to use. It works really well for me.",5,male,"Accra, Ghana",2024-01-21
27e08101-25a2-4388-a606-e36814d72f43,"In my experience, i like how creative the platform is. That’s something I appreciate.",5,female,"Boston, United States",2024-09-08
ac7c5be1-2b39-4c9e-9612-408806755dd6,"In my experience, there’s always something new to watch. It keeps things exciting.",5,female,"Salvador, Brazil",2025-07-16
c7467b16-52d9-45da-bdad-694919bb29da,"Personally, it’s great for discovering trends. It works really well for me.",5,male,"Tel Aviv, Israel",2023-09-23
c643d01a-8d3f-4b5b-9ce6-cccbc8192da5,The best part is that editing tools are really powerful. It makes using the app enjoyable.,5,male,"Windhoek, Namibia",2024-03-30
5ed09f6a-f88e-4444-a080-b62f92e26b02,"In my experience, the short videos are perfect for quick entertainment. That’s something I appreciate.",5,female,"Tijuana, Mexico",2024-12-11
51f19139-1e8b-49bd-9d85-b97ae3511d04,"Personally, it helps me discover new creators. It works really well for me.",5,male,"Singapore, Singapore",2023-12-09
df3e1558-85d7-4594-8fcf-a1190e5a0c40,"So far, the app feels very engaging. It keeps things exciting.",5,male,"Toronto, Canada",2024-08-06
ad6beef9-b62a-4cfa-b577-7c0aa62b5231,"So far, i always find entertaining content quickly. It makes using the app enjoyable.",5,male,"Hong Kong, China",2023-12-15
2af20da6-3687-42a2-934a-3f3e93ffbd8b,What stands out is that the app shows content that matches my interests. It adds to the overall experience.,5,female,"Medellín, Colombia",2025-07-26
1377e2a7-d8e0-45fc-91e1-c543cb3d97e4,I’ve noticed that it’s very fun and easy to use. It definitely stands out.,5,male,"Kumasi, Ghana",2024-03-05
17bd141b-b580-4c57-a776-96e5535e9c75,One thing I like is that i like how creative the platform is. It keeps things exciting.,5,male,"Valencia, Spain",2023-03-24
4e5b0e77-0711-4d09-9986-2a69815a2246,The best part is that there’s always something new to watch.,5,male,"Ho Chi Minh City, Vietnam",2024-01-03
21432fce-ea4d-4922-b5dc-0cc5807e31f3,The best part is that it’s great for discovering trends. It makes the experience better overall.,5,female,"Arequipa, Peru",2025-05-20
d54717ba-6fd9-4b09-a6ef-644c17e51612,The best part is that editing tools are really powerful. It definitely stands out.,5,male,"Tripoli, Libya",2024-04-07
5c91ca59-e425-43ba-bf1d-5a2f09dfeb48,"In my experience, the short videos are perfect for quick entertainment. It adds to the overall experience.",5,female,"Washington DC, United States",2025-02-03
011f6464-8b59-43e0-af6f-f69f0cc31fd0,"Personally, it helps me discover new creators. It makes using the app enjoyable.",5,male,"Los Angeles, United States",2024-07-27
aa81d401-88ab-48b1-a76a-cfaa56271151,I’d say the app feels very engaging. It adds to the overall experience.,5,female,"Cali, Colombia",2025-07-18
4b06d926-07eb-4f3a-b425-a2cdf6537502,"So far, i always find entertaining content quickly. It definitely stands out.",5,male,"Oslo, Norway",2023-06-07
e61ddacd-52d4-4be0-9c69-4815e389718d,"Honestly, the app shows content that matches my interests.",5,female,"Asunción, Paraguay",2025-06-15
a8029638-ba0f-4f12-9219-284376ed552d,One thing I like is that it’s very fun and easy to use. It makes the experience better overall.,5,female,"Perth, Australia",2025-10-23
a3b7eddd-83a4-4d98-81d0-2389569cfccc,"So far, i like how creative the platform is. It keeps things exciting.",5,male,"Shenzhen, China",2023-08-28
d4b984e2-7199-42da-8ef6-1df50cd35926,One thing I like is that there’s always something new to watch. It definitely stands out.,5,male,"Ho Chi Minh City, Vietnam",2023-10-04
640dcce1-eb84-4283-a83f-40969656dac2,"In my experience, it’s great for discovering trends. It keeps things exciting.",5,female,"Santa Cruz, Bolivia",2025-03-09
4dadfcf1-3a41-431f-bc87-405fe10624fe,"In my experience, editing tools are really powerful. It keeps things exciting.",5,male,"Addis Ababa, Ethiopia",2024-02-09
330624dd-8afe-438f-ad4d-b0bcf954c81d,"So far, the short videos are perfect for quick entertainment. It makes using the app enjoyable.",5,female,"Guayaquil, Ecuador",2025-07-23
2f409d96-993f-42f2-9469-efce8164d9e5,I’ve noticed that it helps me discover new creators. It makes using the app enjoyable.,5,male,"Dakar, Senegal",2024-03-01
a73a98cb-06bc-4c84-bb9b-6057d7330344,"Honestly, the app feels very engaging. It keeps things exciting.",5,female,"Suva, Fiji",2025-08-15
cb5a29ce-7998-4797-9205-53075856743a,"For me, i always find entertaining content quickly. It makes the experience better overall.",5,female,"Port Moresby, Papua New Guinea",2025-08-22
6ec17c5c-dd4e-4695-b1a1-f3868d878bfd,I’d say the app shows content that matches my interests. That’s something I appreciate.,5,male,"Riyadh, Saudi Arabia",2023-10-31
e6ad2209-ee1d-4a9f-8f4b-632b4c8e18aa,What stands out is that it’s very fun and easy to use. It adds to the overall experience.,5,male,"Lusaka, Zambia",2024-05-15
05679765-6821-460b-ad38-6928915cad60,I’d say i like how creative the platform is.,5,female,"Austin, United States",2025-01-05
86964de3-2b36-4521-83ef-bea6c758e2a8,"So far, there’s always something new to watch. That’s something I appreciate.",5,female,"Denver, United States",2025-01-29
03901cee-8cd1-43fb-a305-78fbd88bc7ea,What stands out is that it’s great for discovering trends. It makes the experience better overall.,5,male,"Brussels, Belgium",2023-04-14
c163d4ef-2225-4007-b29b-8c3549d8b600,"Personally, editing tools are really powerful. It works really well for me.",5,female,"Sydney, Australia",2025-09-04
07ebccc0-8bf9-4763-93db-e5df8cfe71a4,I’d say the short videos are perfect for quick entertainment. It makes using the app enjoyable.,5,female,"Wellington, New Zealand",2025-08-05
425f0995-bf02-4731-9f53-7b7a96e6e2a8,"Personally, it helps me discover new creators. It adds to the overall experience.",5,male,"Harare, Zimbabwe",2024-03-04
e489569f-c7e2-4447-9f1b-431c01f63203,"So far, the app feels very engaging. It keeps things exciting.",5,female,"Philadelphia, United States",2024-10-14
fd459723-99d3-4f0b-a86b-69f22b6b57a0,The best part is that i always find entertaining content quickly. It works really well for me.,5,male,"Cairo, Egypt",2024-02-28
86fdf41f-e73c-4bf7-a421-fc83ce6c3c38,"Honestly, the app shows content that matches my interests. It makes using the app enjoyable.",5,female,"Medellín, Colombia",2025-05-30
9b6159c8-fadd-4395-9bc3-a2c28213bd72,"Personally, it’s very fun and easy to use. That’s something I appreciate.",5,male,"Budapest, Hungary",2023-07-20
ec423dd0-2015-4935-a74a-dbc683424aae,I’d say i like how creative the platform is. It keeps things exciting.,5,female,"Rio de Janeiro, Brazil",2025-04-16
dc8caa3e-494f-4114-b0c6-0ad8bf8ab974,I’d say there’s always something new to watch. It definitely stands out.,5,male,"Birmingham, United Kingdom",2023-06-09
49c884a3-6b55-46a1-b454-c044b79255bc,"Personally, it’s great for discovering trends. It makes using the app enjoyable.",5,male,"Hamburg, Germany",2023-06-14
cbdb53c0-b1f2-495f-a41d-11ef0e586e41,I’ve noticed that editing tools are really powerful. It works really well for me.,5,male,"Tripoli, Libya",2024-01-26
27bc710f-87ad-4f44-a7c6-4bdcb205ce41,"Personally, the short videos are perfect for quick entertainment. That’s something I appreciate.",5,female,"Christchurch, New Zealand",2025-09-21
bf0cddf7-fa6c-4bfe-86f5-4cfbaec54195,"In my experience, it helps me discover new creators. It definitely stands out.",5,male,"Kathmandu, Nepal",2023-10-24
b6ca439f-7084-4dd4-912c-753617ab8af2,"Honestly, the app feels very engaging. That’s something I appreciate.",5,female,"San Jose, United States",2024-11-12
33b7202f-4e0a-4f9f-b048-1db286bb9eac,"Personally, i always find entertaining content quickly. That’s something I appreciate.",5,female,"Christchurch, New Zealand",2025-09-23
b473d06c-2470-4bc9-ae06-6045d8640aeb,I’ve noticed that the app shows content that matches my interests. It keeps things exciting.,5,male,"Lagos, Nigeria",2024-04-03
1d1062f5-f1c1-40be-b891-5efe530be80e,"Personally, it’s very fun and easy to use.",5,male,"Vienna, Austria",2023-06-03
a58ca962-ed46-4605-9939-b29a3ded8587,The best part is that i like how creative the platform is. It makes using the app enjoyable.,5,male,"Budapest, Hungary",2023-04-04
fee573af-6fdb-484e-8efc-81e088a77199,I’ve noticed that there’s always something new to watch. It makes using the app enjoyable.,5,female,"Monterrey, Mexico",2025-01-11
91a15c1e-8ca5-4e6e-8c8f-4661c0060560,"In my experience, it’s great for discovering trends. It definitely stands out.",5,male,"Rome, Italy",2023-04-17
c349ce16-ff43-4765-a94b-4d95f2833fcb,"Personally, editing tools are really powerful.",5,female,"Quito, Ecuador",2025-07-07
0ed464eb-7c61-4027-90a8-318cc0ab4590,"Honestly, the short videos are perfect for quick entertainment. It makes the experience better overall.",5,male,"Phuket, Thailand",2023-10-05
45349c1b-9345-4f84-8503-b77b1a3b6783,What stands out is that it helps me discover new creators. It adds to the overall experience.,5,female,"Sydney, Australia",2025-11-12
db856b8d-e6b9-456e-a5f1-fbb2e654bfb4,"In my experience, the app feels very engaging. It works really well for me.",5,female,"Cancun, Mexico",2025-03-04
add9abb9-063c-408c-9bfd-aa5b1304ec78,"For me, i always find entertaining content quickly. It works really well for me.",5,male,"Toronto, Canada",2024-07-02
46b9c3e5-91e0-4d59-bce4-e662323991d8,"For me, the app shows content that matches my interests.",5,female,"Houston, United States",2024-09-27
0ee04a10-eef7-4302-a551-d134ac661f44,I’d say it’s very fun and easy to use. It makes the experience better overall.,5,male,"Ho Chi Minh City, Vietnam",2023-09-12
b43cb6e8-8568-4c26-ae44-fe5a42921602,"So far, i like how creative the platform is. It definitely stands out.",5,female,"Houston, United States",2024-12-28
0f2e0b9f-70d6-4474-acc3-d6937f0c6989,What stands out is that there’s always something new to watch. It makes using the app enjoyable.,5,male,"Bangkok, Thailand",2023-10-04
f947f02b-a15b-4117-995e-f989fb60d4a5,"So far, it’s great for discovering trends. It works really well for me.",5,female,"Seattle, United States",2024-08-15
1168adaf-6653-460b-a718-4800c417d415,"Honestly, editing tools are really powerful. It makes using the app enjoyable.",5,male,"Edinburgh, United Kingdom",2023-05-03
d1de9cca-1c6e-4975-9809-a672d323aa7b,"Personally, the short videos are perfect for quick entertainment. It makes the experience better overall.",5,female,"Bogotá, Colombia",2025-06-21
597c5809-7136-4bd2-aad4-ee8f59c37f37,"Personally, it helps me discover new creators. It works really well for me.",5,male,"Hanoi, Vietnam",2023-12-26
c9a8f6de-bf4c-4256-ba4f-fc02697afef5,What stands out is that the app feels very engaging. It definitely stands out.,5,female,"Calgary, Canada",2025-01-01
f6c5dd94-16e0-4475-bc90-364459e5fb38,"For me, i always find entertaining content quickly. It definitely stands out.",5,female,"Córdoba, Argentina",2025-05-25
c413befb-fe8a-4ce2-b161-3544a2d86882,"Personally, the app shows content that matches my interests. That’s something I appreciate.",5,female,"Quebec City, Canada",2025-01-31
f9b2f488-876d-4d6c-9764-f937230b3b23,"In my experience, it’s very fun and easy to use. It adds to the overall experience.",5,female,"Canberra, Australia",2025-08-20
154bc6e0-2685-4d8c-8618-b63f354c2a6e,I’ve noticed that i like how creative the platform is. That’s something I appreciate.,5,male,"New York, United States",2024-07-29
84b97196-954c-4641-973e-1f515aac1c79,What stands out is that there’s always something new to watch. It adds to the overall experience.,5,male,"New York, United States",2024-07-05
82236cfd-9ef1-4ed4-b01f-ed0f71a016d5,I’d say it’s great for discovering trends. It makes the experience better overall.,5,male,"Milan, Italy",2023-06-29
4e7c3af0-75ee-4023-979d-be35f896c815,"Honestly, editing tools are really powerful. It keeps things exciting.",5,female,"Fortaleza, Brazil",2025-04-05
f064bfe8-5cea-4388-a4d9-6d721c3b4b3d,"For me, the short videos are perfect for quick entertainment. It makes using the app enjoyable.",5,male,"Accra, Ghana",2024-05-20
d3e25a39-c89a-416b-ad48-308502746e8f,"In my experience, it helps me discover new creators. It makes the experience better overall.",5,male,"Guadalajara, Mexico",2024-06-11
b2c157d3-a384-4045-8bd1-ab86eac482f9,"In my experience, the app feels very engaging. It definitely stands out.",5,female,"Bogotá, Colombia",2025-03-11
ded18d4b-1cdf-427a-819f-b9a8fcb31173,What stands out is that i always find entertaining content quickly. It adds to the overall experience.,5,male,"Rabat, Morocco",2024-05-02
9188aa9b-5349-45d8-91d4-b34093a165ab,I’ve noticed that the app shows content that matches my interests. It adds to the overall experience.,5,male,"Madrid, Spain",2023-04-25
23c31354-216b-4ef1-b234-154ecb841382,"For me, it’s very fun and easy to use. It makes using the app enjoyable.",5,female,"Caracas, Venezuela",2025-04-21
7f1529a6-65e1-4561-b365-76301d59f860,One thing I like is that i like how creative the platform is. It keeps things exciting.,5,female,"Fortaleza, Brazil",2025-03-27
f205592f-6332-4969-8ce5-cb39a2bb033f,"Personally, there’s always something new to watch. It makes using the app enjoyable.",5,male,"Lusaka, Zambia",2024-02-06
351412c0-e45f-4b40-b570-ae951885683e,The best part is that it’s great for discovering trends. It makes using the app enjoyable.,5,female,"Brasília, Brazil",2025-04-25
11295a4e-203e-4a0e-848d-5dc768a8467f,The best part is that editing tools are really powerful. It makes using the app enjoyable.,5,male,"Kathmandu, Nepal",2023-11-15
4aadfde5-7d58-4306-b0ef-3975a7e7f8e4,"In my experience, the short videos are perfect for quick entertainment. It works really well for me.",5,male,"Shanghai, China",2023-08-27
4d5b777b-6c18-4a54-85f4-df2eb4b07fb5,"Personally, it helps me discover new creators. It works really well for me.",5,female,"Mexico City, Mexico",2025-01-17
79b2c66d-8deb-48f6-8ec5-75b09b2147b0,"Personally, the app feels very engaging.",5,male,"Dubai, United Arab Emirates",2023-11-27
5f9f021c-6e28-4c09-91e7-cec6e4a09e48,I’d say i always find entertaining content quickly. That’s something I appreciate.,5,male,"Bangkok, Thailand",2023-11-03
f900f973-6e82-4bf1-a57d-302f4cdea5ff,"In my experience, the app shows content that matches my interests. It makes using the app enjoyable.",5,male,"Dublin, Ireland",2023-05-31
6ca1a407-b2ec-48f3-b1c2-131d9a14fa4a,"So far, it’s very fun and easy to use.",5,male,"Hong Kong, China",2023-10-31
3457b3be-dbf2-4286-961c-ffffad938659,What stands out is that i like how creative the platform is. It definitely stands out.,5,male,"Hong Kong, China",2023-12-20
f1497a62-8249-46ea-b575-5fc6a39ee92a,One thing I like is that there’s always something new to watch. It definitely stands out.,5,female,"San Francisco, United States",2024-10-27
5b2da28f-37bb-4764-9ec4-14388246c9a8,One thing I like is that it’s great for discovering trends. It keeps things exciting.,5,male,"Glasgow, United Kingdom",2023-05-29
4bccd993-c7f9-49bf-8039-8ae3f291800f,"For me, editing tools are really powerful. It works really well for me.",5,male,"Abuja, Nigeria",2024-05-26
19a9995a-b446-4e53-a33f-c04239bdbe16,One thing I like is that the short videos are perfect for quick entertainment. It definitely stands out.,5,male,"Casablanca, Morocco",2024-04-27
9c90520d-4ddc-4ce7-b62d-d6ba46e898e8,"In my experience, it helps me discover new creators.",5,female,"San Diego, United States",2024-12-22
08c8c0ee-4ece-47ef-837d-bf8ce6ee205f,"Honestly, the app feels very engaging.",5,female,"Brisbane, Australia",2025-11-27
b8b3c252-ec72-4fa9-8f2b-29215589969d,What stands out is that i always find entertaining content quickly. It works really well for me.,5,male,"Glasgow, United Kingdom",2023-05-13
c1fa44b6-bed7-4fa8-b683-85e595d9b414,"Honestly, the app shows content that matches my interests.",5,female,"Seattle, United States",2025-03-03
2db06ac4-2bcd-4cca-8d1c-a7786dccbc41,I’d say it’s very fun and easy to use. It works really well for me.,5,female,"Gold Coast, Australia",2025-11-02
adf972a6-d394-4478-8c20-6cababbb5616,The best part is that i like how creative the platform is. It works really well for me.,5,male,"Manchester, United Kingdom",2023-08-17
2f87a9be-89ce-4ed3-94e4-b8f54344c0ad,What stands out is that there’s always something new to watch. It keeps things exciting.,5,male,"Barcelona, Spain",2023-06-05
354a067b-8dfe-4f70-a1ee-fbbb88412dc0,"Personally, it’s great for discovering trends. That’s something I appreciate.",5,female,"Quebec City, Canada",2025-01-02
f44105ff-4a8a-4c79-9fe7-bc8e189d4083,"Personally, editing tools are really powerful. It works really well for me.",5,female,"Jacksonville, United States",2025-03-04
5273af28-5951-4b87-9d27-71c73cacfe4e,"Personally, the short videos are perfect for quick entertainment. It works really well for me.",5,female,"Santa Cruz, Bolivia",2025-06-27
4749339b-0792-42ec-8fd0-7bfd0b67d1f3,"Honestly, it helps me discover new creators. It makes using the app enjoyable.",5,male,"Rome, Italy",2023-06-24
3d4669b5-8f49-48f9-bc54-157114615bea,"Personally, the app feels very engaging.",5,female,"Cancun, Mexico",2024-11-16
63a5e5db-b521-4bbf-b09f-927d503b6923,One thing I like is that i always find entertaining content quickly.,5,male,"Tunis, Tunisia",2024-05-10
ff58cf71-1249-4a8a-87c6-311490b458bd,"For me, the app shows content that matches my interests. It makes using the app enjoyable.",5,female,"Rio de Janeiro, Brazil",2025-07-02
896257d0-3421-494d-b7e9-077f110bb751,"Honestly, it’s very fun and easy to use. It works really well for me.",5,male,"Abu Dhabi, United Arab Emirates",2023-09-19
bb3efa18-1628-4800-932c-a00665a05c85,I’d say i like how creative the platform is. It makes the experience better overall.,5,male,"Brussels, Belgium",2023-04-21
cde1b17d-f8e6-4a8e-bbb7-9e5f218a93dc,The best part is that there’s always something new to watch. It adds to the overall experience.,5,male,"Taipei, Taiwan",2023-09-29
8e9bf99d-5404-4980-92ed-3c1c2562f414,I’ve noticed that it’s great for discovering trends. It definitely stands out.,5,female,"Seattle, United States",2024-09-15
0273460a-5eb2-4ac3-b76b-c96b7d058520,I’ve noticed that editing tools are really powerful. That’s something I appreciate.,5,male,"San Jose, United States",2024-06-12
c4ab3fe3-9ab4-4389-812d-b9d0083f4ba9,I’d say the short videos are perfect for quick entertainment. It definitely stands out.,5,female,"Hobart, Australia",2025-09-15
0de6ffa4-11fc-4fd7-9037-7edaccd2a405,"So far, it helps me discover new creators. It definitely stands out.",5,female,"Brasília, Brazil",2025-06-17
5d5d3866-a3d8-4915-a141-b1dec8710340,The best part is that the app feels very engaging. That’s something I appreciate.,5,female,"Cali, Colombia",2025-06-24
a8d9be4d-ec37-43cd-b07f-fd27184fd24c,"For me, i always find entertaining content quickly. It makes using the app enjoyable.",5,male,"Tripoli, Libya",2024-04-06
f69103e4-2764-45f0-a9b4-a398aae14f5d,"For me, the app shows content that matches my interests. It adds to the overall experience.",5,female,"Washington DC, United States",2024-08-06
df15c9e0-17ba-4bf2-93f9-fb3a6041a75a,"For me, it’s very fun and easy to use. It makes using the app enjoyable.",5,male,"San Antonio, United States",2024-06-12
a631ccf9-de23-44db-92ca-b5513a7b1e4d,"In my experience, i like how creative the platform is. It works really well for me.",5,male,"Tunis, Tunisia",2024-05-19
6aa13daf-26cd-49e1-a0aa-9c74fe7c9ff8,"Personally, there’s always something new to watch. It keeps things exciting.",5,male,"Athens, Greece",2023-07-28
0c690c8a-7217-4d90-87d3-7cb99b59efa2,The best part is that it’s great for discovering trends. It keeps things exciting.,5,female,"Brisbane, Australia",2025-11-10
3ab5f282-9c0e-4c6e-8458-5503ad4b1732,"Honestly, editing tools are really powerful. It adds to the overall experience.",5,female,"Christchurch, New Zealand",2025-09-11
3807d370-2f5b-45c4-8504-7696bff7e3f5,One thing I like is that the short videos are perfect for quick entertainment. It makes the experience better overall.,5,male,"Alexandria, Egypt",2024-03-20
ede4af14-9270-4c44-b46c-9d1b1b0aad31,What stands out is that it helps me discover new creators. It makes the experience better overall.,5,female,"Jacksonville, United States",2025-02-15
8abfbc55-d565-4a90-997d-edc8dabfc462,"In my experience, the app feels very engaging.",5,male,"Guangzhou, China",2023-10-08
53baa1a8-58d9-4008-a976-973dd7cb4382,What stands out is that i always find entertaining content quickly.,5,male,"Lagos, Nigeria",2024-06-07
7a171952-7e85-467f-a2a9-61e5b0a9587f,What stands out is that the app shows content that matches my interests. It works really well for me.,5,male,"Marrakesh, Morocco",2024-04-13
be8b7962-2dfa-4bc7-9b4c-35f7290c2222,I’d say it’s very fun and easy to use. That’s something I appreciate.,5,female,"Gold Coast, Australia",2025-10-18
361d425e-af7d-4350-b445-0abe1b63e9ce,The best part is that i like how creative the platform is. It works really well for me.,5,female,"Mexico City, Mexico",2025-01-08
388d3b77-8f4a-41be-8112-0120fd49ea18,"Honestly, there’s always something new to watch. It adds to the overall experience.",5,female,"Cancun, Mexico",2024-11-12
e379fd66-4b2b-4c96-8645-f93530f70627,"Personally, it’s great for discovering trends. It makes the experience better overall.",5,male,"Dallas, United States",2024-07-11
f454cb80-867e-4e74-a7e0-12850a43fec0,What stands out is that editing tools are really powerful. It keeps things exciting.,5,male,"San Diego, United States",2024-07-06
483daa82-a26e-4e1d-ab3d-ed1d977548d4,I’ve noticed that the short videos are perfect for quick entertainment. It makes the experience better overall.,5,female,"Los Angeles, United States",2024-08-24
590f55bb-93ff-4fa5-80b1-e4bc5af9908e,One thing I like is that it helps me discover new creators. It works really well for me.,5,male,"Glasgow, United Kingdom",2023-06-02
8cd1eb1d-f44b-4471-9fe0-547dcb32b2d9,"In my experience, the app feels very engaging. It adds to the overall experience.",5,female,"San Francisco, United States",2025-02-24
5d8f2652-6cdf-4fd5-a0f5-66a43857e104,I’ve noticed that i always find entertaining content quickly. It definitely stands out.,5,male,"Jeddah, Saudi Arabia",2023-09-20
32c70355-21ea-42a1-895a-5ede72311a8a,What stands out is that the app shows content that matches my interests. It works really well for me.,5,male,"Singapore, Singapore",2023-10-24
f589123e-7b06-421a-ba4b-2e8cc9374b72,I’d say it’s very fun and easy to use. It keeps things exciting.,5,male,"Boston, United States",2024-07-13
d2d9e681-1534-4f27-b8a6-92aff26aa0b3,"So far, i like how creative the platform is. It keeps things exciting.",5,male,"Seville, Spain",2023-07-30
1115190a-814f-4bf8-aa81-64dec52ee00d,"Personally, there’s always something new to watch. It adds to the overall experience.",5,male,"Jacksonville, United States",2024-07-02
c5277c7c-f0e4-496c-a2e6-ed4b2dcabba1,"Personally, it’s great for discovering trends. It definitely stands out.",5,male,"Lisbon, Portugal",2023-05-04
a7566880-ed05-4a58-a929-eeeb62c2ca93,"So far, editing tools are really powerful. It makes the experience better overall.",5,male,"Athens, Greece",2023-05-27
e8dc834c-b63d-49bb-8680-c6b7b7383903,"Honestly, the short videos are perfect for quick entertainment. It works really well for me.",5,male,"Addis Ababa, Ethiopia",2024-06-04
18f14391-2710-489a-a3b7-2e525a9dff40,"So far, it helps me discover new creators. It works really well for me.",5,male,"Delhi, India",2023-10-13
5596c342-db6e-4d4f-b2c8-9231725f0d08,"Honestly, the app feels very engaging. It definitely stands out.",5,female,"Chicago, United States",2025-02-14
c384353a-3745-4187-917a-74eb48019c94,I’ve noticed that i always find entertaining content quickly. It makes the experience better overall.,5,female,"Christchurch, New Zealand",2025-12-30
9fbe40aa-a5e1-45b0-9453-358728972ba8,"In my experience, the app shows content that matches my interests. It works really well for me.",5,female,"Sydney, Australia",2025-08-16
2cba8da8-1129-4877-8464-540be5e3bcaf,"So far, it’s very fun and easy to use.",5,male,"Abu Dhabi, United Arab Emirates",2023-12-13
db7f7b17-2f5f-4ee1-98be-8359697add37,"Honestly, i like how creative the platform is. It adds to the overall experience.",5,male,"Algiers, Algeria",2024-05-10
9857730b-d226-449d-a39a-2adcd9f6f2dc,What stands out is that there’s always something new to watch. It makes using the app enjoyable.,5,male,"Lusaka, Zambia",2024-05-19
32df622a-0109-4d57-a707-3089c91e6d7d,"In my experience, it’s great for discovering trends. It adds to the overall experience.",5,male,"Taipei, Taiwan",2023-12-06
2dbe4505-c9fa-42f6-8bcf-7314c365cb72,"Personally, editing tools are really powerful. It makes using the app enjoyable.",5,female,"Port Moresby, Papua New Guinea",2025-08-25
4d787760-39e3-483e-ba9b-f31714cbdb7e,I’ve noticed that the short videos are perfect for quick entertainment. That’s something I appreciate.,5,male,"Lyon, France",2023-07-12
14c787f4-5228-4f44-a74c-315c03c873fd,The best part is that it helps me discover new creators.,5,male,"Ho Chi Minh City, Vietnam",2023-10-30
1b3493ec-9faa-4483-ab17-d1499425b95c,"So far, the app feels very engaging. It definitely stands out.",5,male,"Cape Town, South Africa",2024-05-01
8a4be113-0088-4ddd-8cfd-08b715e0d3da,"Honestly, i always find entertaining content quickly. It keeps things exciting.",5,male,"Tunis, Tunisia",2024-04-06
c310c23d-352a-4d56-8e9f-01224117d328,"In my experience, the app shows content that matches my interests. It keeps things exciting.",5,female,"Adelaide, Australia",2025-10-24
6801944e-7b92-48f6-a5e4-139efdf4fac6,I’d say it’s very fun and easy to use.,5,female,"Asunción, Paraguay",2025-07-18
d6ebd0c3-f454-4461-b42c-3b617d6d8376,"In my experience, i like how creative the platform is. It definitely stands out.",5,female,"Montreal, Canada",2024-11-18
8131e3b0-92a9-4408-83d2-0a7be3bcf5d9,One thing I like is that there’s always something new to watch. It works really well for me.,5,female,"Queenstown, New Zealand",2025-12-14
fc1546a8-20d8-4f3c-ba31-0a4f7de3b6cf,"Honestly, it’s great for discovering trends. It adds to the overall experience.",5,female,"Brisbane, Australia",2025-09-16
aaf1bd03-3826-4b8a-b5b4-c2132f96cdae,"In my experience, editing tools are really powerful. It works really well for me.",5,male,"Cairo, Egypt",2024-03-04
801aaa4e-3824-4827-8fbe-ee48ed2e3dda,The best part is that the short videos are perfect for quick entertainment. It definitely stands out.,5,male,"San Jose, United States",2024-06-30
e7e73ac4-4b36-45de-8321-2cd51aabaca1,I’ve noticed that it helps me discover new creators. It adds to the overall experience.,5,female,"Brasília, Brazil",2025-06-03
003e20cd-506c-4b9a-9772-1c9d4f4660c2,The best part is that the app feels very engaging. It makes the experience better overall.,5,female,"Medellín, Colombia",2025-06-13
4822af40-bebe-485a-a7a8-21df3eed474f,One thing I like is that i always find entertaining content quickly. It keeps things exciting.,5,female,"Montreal, Canada",2025-02-17
7808eb1c-da1b-4c53-8c49-0bcf8a4289f9,What stands out is that the app shows content that matches my interests. It makes the experience better overall.,5,male,"Lyon, France",2023-06-13
80e3e705-4fb0-4731-8160-75168180a1e3,I’ve noticed that it’s very fun and easy to use. It keeps things exciting.,5,male,"Shanghai, China",2023-11-22
25dbb466-2668-484f-9074-0d595653ec52,"For me, i like how creative the platform is. It makes the experience better overall.",5,female,"Toronto, Canada",2025-02-10
9d51711b-02b5-4f7b-af81-a331ff85d535,"For me, there’s always something new to watch.",5,male,"Johannesburg, South Africa",2024-01-20
f93ef214-c510-43ac-aef8-0dde35935e73,One thing I like is that it’s great for discovering trends. It definitely stands out.,5,female,"Chicago, United States",2024-11-30
bafe41da-27bc-4da8-a2c2-a1e1d004b157,"So far, editing tools are really powerful. It makes using the app enjoyable.",5,female,"Queenstown, New Zealand",2025-11-27
a1974556-b199-41a8-974a-a9a9f5c0295c,I’d say the short videos are perfect for quick entertainment. It keeps things exciting.,5,female,"Bogotá, Colombia",2025-05-26
45b43db0-de38-4abe-a346-fd311e5aa647,What stands out is that it helps me discover new creators. It adds to the overall experience.,5,male,"Tunis, Tunisia",2024-01-30
54a215a4-7446-4bd2-aeee-0b97ea4651cc,"In my experience, the app feels very engaging. It makes using the app enjoyable.",5,female,"Houston, United States",2024-11-06
bd8a39f6-8976-4538-84c2-d7ea35573c98,The best part is that i always find entertaining content quickly.,5,male,"Lahore, Pakistan",2024-01-10
07bb45f9-d866-412a-b981-4fa0839a1cc7,One thing I like is that the app shows content that matches my interests. It adds to the overall experience.,5,female,"Córdoba, Argentina",2025-07-31
ef4a63b7-2fa8-4aac-b8d8-b4f1e4166164,One thing I like is that it’s very fun and easy to use. It makes using the app enjoyable.,5,female,"Adelaide, Australia",2025-12-07
0866a064-a57f-4761-b862-4776130ffd03,"For me, i like how creative the platform is. It makes using the app enjoyable.",5,female,"Asunción, Paraguay",2025-04-28
e9d4a6ee-8bf2-44b5-a54b-7749d1cd6e41,The best part is that there’s always something new to watch. That’s something I appreciate.,5,female,"Melbourne, Australia",2025-10-22
22854cb4-b261-48b7-8710-f1559dacb4de,I’d say it’s great for discovering trends. It makes the experience better overall.,5,male,"Tijuana, Mexico",2024-07-04
6cb96385-ca16-4e4a-80da-bd9d20dbf7a7,I’d say editing tools are really powerful. That’s something I appreciate.,5,female,"Melbourne, Australia",2025-08-15
2adb1067-aa43-4c08-a1f8-ec58f9ddd0ee,The best part is that the short videos are perfect for quick entertainment. That’s something I appreciate.,5,male,"Tunis, Tunisia",2024-01-21
e58d523d-b28e-4b94-9861-a1f9125aba9c,"Personally, it helps me discover new creators. It adds to the overall experience.",5,male,"Pretoria, South Africa",2024-01-24
58943bab-9bba-4caf-8a2c-26f54586c699,I’ve noticed that the app feels very engaging. It makes using the app enjoyable.,5,male,"Kampala, Uganda",2024-05-06
613e92b7-e53a-49f0-ac2d-73e7e6c0e2c7,"For me, i always find entertaining content quickly.",5,female,"Adelaide, Australia",2025-10-03
fd04b9a5-c6b3-4105-82c3-9f30c60ce75f,I’d say the app shows content that matches my interests. It makes the experience better overall.,5,male,"Shenzhen, China",2023-11-02
e29dd999-35e8-49ec-978e-cade1992bfb9,I’ve noticed that it’s very fun and easy to use. It makes the experience better overall.,5,female,"Córdoba, Argentina",2025-05-03
b8cc6ba7-c606-470f-9f93-887b5576ab2b,I’d say i like how creative the platform is. It adds to the overall experience.,5,female,"Caracas, Venezuela",2025-05-27
a198ec90-5b6e-48da-9f03-61d1535ae425,"In my experience, there’s always something new to watch. It definitely stands out.",5,male,"Valencia, Spain",2023-05-11
f5be0339-30fb-4bee-a593-5f4d42873c63,"So far, it’s great for discovering trends.",5,female,"Jacksonville, United States",2024-09-26
70660e05-1b00-4c2f-aadb-e4e976335d93,"Honestly, editing tools are really powerful.",5,male,"Cancun, Mexico",2024-07-21
e6cbcb68-f281-4cc2-8462-a763394af37b,The best part is that the short videos are perfect for quick entertainment. It adds to the overall experience.,5,female,"Lima, Peru",2025-03-11
670d2769-5d68-42c4-9532-9b15946ad89a,"Personally, it helps me discover new creators. It works really well for me.",5,male,"Beijing, China",2023-11-11
76cf7872-8bd6-440c-af83-cbb00fb33830,I’ve noticed that the app feels very engaging. That’s something I appreciate.,5,female,"Toronto, Canada",2024-08-13
6b8cbefc-2290-47de-9a0d-8fedb1a743a8,"In my experience, i always find entertaining content quickly. It makes the experience better overall.",5,female,"Wellington, New Zealand",2025-08-19
2d65754e-aee7-46f1-8a58-e7c893e6f10a,"For me, the app shows content that matches my interests. It keeps things exciting.",5,female,"Christchurch, New Zealand",2025-08-30
1e902c0f-309e-4bdb-8c14-7e1bf29af229,I’ve noticed that it’s very fun and easy to use. It adds to the overall experience.,5,female,"Quito, Ecuador",2025-05-14
ede2c045-e6d0-4cdc-8193-9bf94631b6a6,"So far, i like how creative the platform is. It keeps things exciting.",5,female,"Guadalajara, Mexico",2024-08-15
ac153d97-ef8b-4e0f-a242-0bd66369e4c6,What stands out is that there’s always something new to watch. It works really well for me.,5,female,"Valparaíso, Chile",2025-03-19
d2eab36b-579b-4f41-8d96-c87e76c9425f,"Honestly, it’s great for discovering trends. It adds to the overall experience.",5,female,"Vancouver, Canada",2025-02-17
2b59864f-1c64-4fad-a843-257a9114a952,"So far, editing tools are really powerful. It makes the experience better overall.",5,female,"Houston, United States",2024-10-17
540be285-bebd-42d1-b2d4-666cba242136,I’d say the short videos are perfect for quick entertainment. It makes the experience better overall.,5,male,"Shanghai, China",2023-12-16
e16b65d9-b664-4eb1-8a36-c05a8aedeba4,What stands out is that it helps me discover new creators. It makes the experience better overall.,5,male,"Durban, South Africa",2024-01-28
fbbe19bd-e855-494d-ae3c-72954ac7d3a3,I’ve noticed that the app feels very engaging. It makes the experience better overall.,5,male,"Johannesburg, South Africa",2024-05-02
a6cde6af-2c78-4c07-be62-718a37d10462,"In my experience, i always find entertaining content quickly. It definitely stands out.",5,female,"Wellington, New Zealand",2025-12-11
3527d5b9-5ffc-4f9d-99e0-06bde127d0c2,"So far, the app shows content that matches my interests. It makes using the app enjoyable.",5,female,"Seattle, United States",2025-02-15
7816648a-aff6-4d4e-bd5d-2d4d70aba85a,"Honestly, it’s very fun and easy to use. It definitely stands out.",5,female,"San Diego, United States",2025-03-08
382de779-f6c3-4092-bfb5-fda0c8524b5d,What stands out is that i like how creative the platform is. That’s something I appreciate.,5,male,"Doha, Qatar",2023-11-03
c73ad4da-7898-40b4-b331-f43b4aed6303,What stands out is that there’s always something new to watch. It adds to the overall experience.,5,female,"Melbourne, Australia",2025-10-20
dd8af86c-afd5-4d97-8fdb-20b6bba52bcd,"In my experience, it’s great for discovering trends. It keeps things exciting.",5,male,"Vienna, Austria",2023-06-18
65adf698-63e4-40b5-9125-52ebb5692bc9,I’d say editing tools are really powerful.,5,female,"Auckland, New Zealand",2025-10-24
88efc2a5-317b-4009-b8d6-1f7de2b72d6e,The best part is that the short videos are perfect for quick entertainment. It makes using the app enjoyable.,5,female,"Adelaide, Australia",2025-09-16
4d212216-7487-4c02-be56-bf977fb854ea,"Personally, it helps me discover new creators. That’s something I appreciate.",5,female,"Washington DC, United States",2024-10-28
672fd7b9-5a76-4ecf-846b-bf43593a8798,"For me, the app feels very engaging. It works really well for me.",5,female,"Denver, United States",2024-10-24
48cac457-a957-43fc-a268-2a377de66e23,"In my experience, i always find entertaining content quickly. It works really well for me.",5,female,"Phoenix, United States",2024-08-10
652bf2bf-64d7-45e8-9960-b7c1227455c1,"For me, the app shows content that matches my interests.",5,female,"Calgary, Canada",2024-09-07
0040490b-89f4-48c8-91c2-d3aeefb6d551,"In my experience, it’s very fun and easy to use. It definitely stands out.",5,female,"La Paz, Bolivia",2025-06-15
cf5f7fe8-8d84-4201-b041-8cb1790f399c,"So far, i like how creative the platform is. That’s something I appreciate.",5,female,"Tijuana, Mexico",2024-08-21
578384d1-f5b5-40cc-b4b4-16a66142b047,The best part is that there’s always something new to watch. It keeps things exciting.,5,female,"San Jose, United States",2024-10-15
4409b5b1-8f29-4295-81d7-617ee884992f,"In my experience, it’s great for discovering trends. It definitely stands out.",5,female,"Melbourne, Australia",2025-10-09
83d303e1-c2c1-4034-87ce-cedb5e3f43eb,"In my experience, editing tools are really powerful. It works really well for me.",5,female,"Gold Coast, Australia",2025-08-19
c12d871c-3b7b-4130-85e9-ba094106eb77,One thing I like is that the short videos are perfect for quick entertainment.,5,male,"Casablanca, Morocco",2024-03-12
be0dccc2-fc0a-4c80-8857-2a7b5b04adcd,"So far, it helps me discover new creators.",5,female,"Santiago, Chile",2025-06-07
b4bd8009-18b4-41ab-8a92-19733cc8abc1,One thing I like is that the app feels very engaging. It keeps things exciting.,5,female,"San Jose, United States",2025-01-04
1c8ba65d-77ce-4a3c-b743-b7b33a7b8ac0,"For me, i always find entertaining content quickly. It adds to the overall experience.",5,male,"Lagos, Nigeria",2024-06-09
3de341b5-b33b-41fc-9323-c154d4d4856e,I’ve noticed that the app shows content that matches my interests.,5,male,"Valencia, Spain",2023-05-30
3a0f76a9-23bf-4d03-b227-7bc4c090be64,I’ve noticed that it’s very fun and easy to use. It works really well for me.,5,male,"Durban, South Africa",2024-05-18
16b86923-88f6-48db-988e-c052d6544642,What stands out is that i like how creative the platform is. It works really well for me.,5,female,"Guayaquil, Ecuador",2025-06-29
f58b2c0a-2324-4753-9ce7-2d805ad0330b,"For me, there’s always something new to watch. It works really well for me.",5,male,"Pretoria, South Africa",2024-03-16
e3637172-56b3-4628-98c3-1a63e0dd3565,What stands out is that it’s great for discovering trends. It adds to the overall experience.,5,male,"Copenhagen, Denmark",2023-06-19
5d8a0b8d-909d-4864-9d52-7d2d4cb1a0f8,"So far, editing tools are really powerful. It keeps things exciting.",5,male,"Rabat, Morocco",2024-03-28
3ea4dd34-7052-4ea6-8bb1-b180a296b8ed,The best part is that the short videos are perfect for quick entertainment. It keeps things exciting.,5,male,"Toronto, Canada",2024-07-13
05ed0277-5c93-41b4-be4f-016de91ab9ee,What stands out is that it helps me discover new creators. It definitely stands out.,5,male,"Kampala, Uganda",2024-04-22
3a56f329-3104-46eb-b337-cca210cade8b,One thing I like is that the app feels very engaging. That’s something I appreciate.,5,male,"Madrid, Spain",2023-05-17
854c3584-e61e-4659-b7f3-b0fb7872f30a,One thing I like is that i always find entertaining content quickly. It keeps things exciting.,5,female,"Brasília, Brazil",2025-05-08
5d677a52-8fcd-4c6f-8a3f-67cd470a7c26,"Honestly, the app shows content that matches my interests. It works really well for me.",5,male,"Chennai, India",2023-10-26
b9c373fd-4b2a-4ca8-aa56-57ed01cb3bc1,One thing I like is that it’s very fun and easy to use. It makes the experience better overall.,5,female,"Perth, Australia",2025-08-20
7fe22df0-d3a0-49ee-8b29-ee4afc57f0d5,The best part is that i like how creative the platform is. It keeps things exciting.,5,female,"Tijuana, Mexico",2024-12-17
5be00601-7df9-4413-af71-2c93f211f779,"Personally, there’s always something new to watch.",5,male,"San Francisco, United States",2024-07-16
d1323a3e-a196-4fc1-be1c-93929d9974f0,I’ve noticed that it’s great for discovering trends. It works really well for me.,5,male,"Kumasi, Ghana",2024-02-28
85d7a464-f56b-4883-8c4e-cd745cbc067d,I’ve noticed that editing tools are really powerful. It makes the experience better overall.,5,female,"Gold Coast, Australia",2025-09-04
4b0537b2-70fc-4796-ae57-e58b858f68ad,"In my experience, the short videos are perfect for quick entertainment. That’s something I appreciate.",5,male,"Karachi, Pakistan",2023-08-24
79d69833-92c6-4ed6-ada2-ade21c4e5c18,"In my experience, it helps me discover new creators. That’s something I appreciate.",5,male,"Edinburgh, United Kingdom",2023-04-08
1ed9c824-df48-4822-8471-74a4865f6733,I’d say the app feels very engaging. It makes using the app enjoyable.,5,female,"Christchurch, New Zealand",2025-09-26
f14e5e8d-c2b0-41ef-8041-ebe5e10b32be,"So far, i always find entertaining content quickly. It keeps things exciting.",5,male,"Zurich, Switzerland",2023-04-20
3f34ba80-e50f-457f-90fb-3068d412bde1,"So far, the app shows content that matches my interests. It keeps things exciting.",5,female,"Gold Coast, Australia",2025-10-02
4d5c2f7c-9dfa-4b25-9bba-79c3a5a8e74e,The best part is that it’s very fun and easy to use. It adds to the overall experience.,5,female,"Valparaíso, Chile",2025-07-25
2af76f2c-bdba-4fcc-be86-ad80c7a04a13,What stands out is that i like how creative the platform is. That’s something I appreciate.,5,male,"Phuket, Thailand",2023-11-02
cc332130-c879-483f-bb62-ca9042df0acd,I’ve noticed that there’s always something new to watch. It adds to the overall experience.,5,female,"Montevideo, Uruguay",2025-04-25
f26497e5-767c-47f5-8752-4704d02d371d,I’ve noticed that it’s great for discovering trends. It makes the experience better overall.,5,male,"Athens, Greece",2023-05-11
63fad6ed-c31f-4fa0-965f-0298583fe09a,One thing I like is that editing tools are really powerful. It makes using the app enjoyable.,5,female,"Hobart, Australia",2025-11-27
e3a9f9e8-f7ba-48fc-b7a4-c00b968a83de,I’ve noticed that the short videos are perfect for quick entertainment. It definitely stands out.,5,male,"Oslo, Norway",2023-05-07
346ef8f2-1446-4977-b17d-c49af1075a7d,What stands out is that it helps me discover new creators. It keeps things exciting.,5,female,"Lima, Peru",2025-07-17
5a4432d7-e14a-481f-96f8-de666d136d4f,"So far, the app feels very engaging. It works really well for me.",5,female,"Toronto, Canada",2025-02-09
1fecd716-3e2e-42b0-8279-218bc989cd23,I’d say i always find entertaining content quickly. It makes using the app enjoyable.,5,female,"Toronto, Canada",2024-11-01
26d72476-3ad8-42e2-9a3e-414642dbfa2d,"Honestly, the app shows content that matches my interests. It definitely stands out.",5,female,"Quito, Ecuador",2025-06-01
7dd5feb5-8d26-4599-aedd-b23d1ec1d488,I’d say it’s very fun and easy to use. It adds to the overall experience.,5,female,"Vancouver, Canada",2024-08-01
ed5ddcbb-e3cc-4780-a904-a73c8401e795,I’ve noticed that i like how creative the platform is. It works really well for me.,5,male,"Delhi, India",2023-08-29
d47cf9cc-f3c8-4d54-82ab-28f946ba1bda,I’d say there’s always something new to watch. It works really well for me.,5,male,"Lusaka, Zambia",2024-05-23
67806372-0515-426c-982f-08b7753d9fe0,"So far, it’s great for discovering trends.",5,male,"Johannesburg, South Africa",2024-02-06
7f89a02b-ac0a-4dad-812d-a0dbfb0fa15a,"In my experience, editing tools are really powerful. It keeps things exciting.",5,male,"Manchester, United Kingdom",2023-04-30
1d1da8df-773d-4f5b-a00b-06436d91e8ff,"Personally, the short videos are perfect for quick entertainment. It makes using the app enjoyable.",5,female,"San Diego, United States",2024-11-17
bf6660ac-04ff-471a-b0c9-486b38e557f3,"Honestly, it helps me discover new creators. It works really well for me.",5,female,"Wellington, New Zealand",2025-08-20
041be792-9d92-49d3-9617-cb023dcfe734,"In my experience, the app feels very engaging. It definitely stands out.",5,male,"Milan, Italy",2023-06-04
1d8afd84-4aae-4129-b271-f0d36499c65d,"Honestly, i always find entertaining content quickly. It makes using the app enjoyable.",5,female,"Perth, Australia",2025-09-22
00dfb4aa-9408-4ae1-925f-8fe51d99905e,"In my experience, the app shows content that matches my interests. That’s something I appreciate.",5,male,"Taipei, Taiwan",2024-01-08
524bf2a1-a3fa-45bd-8627-96f7de9ed8d5,The best part is that it’s very fun and easy to use. It makes the experience better overall.,5,male,"Edinburgh, United Kingdom",2023-07-03
28a0bc83-09ad-4699-bb53-0fac72f47cb5,"For me, i like how creative the platform is. It makes using the app enjoyable.",5,female,"Perth, Australia",2025-11-08
30723895-cc92-4f81-ae6e-7ef7d5ec3e5f,"In my experience, there’s always something new to watch. It adds to the overall experience.",5,female,"San Jose, United States",2024-10-24
521e70b6-0a13-4401-8918-cdbd71bdc39e,One thing I like is that it’s great for discovering trends. It works really well for me.,5,male,"Casablanca, Morocco",2024-01-30
a48f3b9b-086e-4798-ab24-07422965fe57,"So far, editing tools are really powerful. It makes the experience better overall.",5,male,"Phuket, Thailand",2023-09-21
3cd94c00-192c-49d2-bead-176d8c6961f4,What stands out is that the short videos are perfect for quick entertainment. It makes the experience better overall.,5,male,"Athens, Greece",2023-06-16
983d332d-97f7-4d44-a052-9cb574e3d187,I’ve noticed that it helps me discover new creators. It works really well for me.,5,female,"Guadalajara, Mexico",2024-08-12
d752c899-5c33-4583-a9de-e7522d20bd1e,"In my experience, the app feels very engaging. It keeps things exciting.",5,male,"Osaka, Japan",2023-08-30
d3f82aba-35ff-4a1b-bba1-d597c8c62b11,"Personally, i always find entertaining content quickly. It makes the experience better overall.",5,male,"Rome, Italy",2023-07-25
c45bc37e-e690-4a99-8af4-0eff26319095,"Honestly, the app shows content that matches my interests. That’s something I appreciate.",5,female,"Jacksonville, United States",2024-09-09
4760545f-2dbc-4082-96ce-59c218d37fa7,"Personally, it’s very fun and easy to use. It adds to the overall experience.",5,female,"Montevideo, Uruguay",2025-08-03
475ec62f-7d19-41ff-81c1-ecca53afcb63,"So far, i like how creative the platform is. It keeps things exciting.",5,male,"Vienna, Austria",2023-04-07
a1411a93-b08b-4bcf-896c-1969197903eb,"For me, there’s always something new to watch. It works really well for me.",5,male,"Karachi, Pakistan",2023-10-17
3fa04e8a-8886-4154-8c78-908b2be3ceba,The best part is that it’s great for discovering trends. It works really well for me.,5,male,"Abuja, Nigeria",2024-01-26
d79adb01-9bcb-44dd-a6e8-dcf15c0ddddf,"Personally, editing tools are really powerful. That’s something I appreciate.",5,male,"Osaka, Japan",2023-11-15
7c9cdcbf-4d01-4b22-94b9-96da39fed3b7,I’d say the short videos are perfect for quick entertainment. It keeps things exciting.,5,male,"Tunis, Tunisia",2024-04-17
18706b6b-1409-459d-ba0f-0f8e56134548,I’d say it helps me discover new creators. It works really well for me.,5,female,"Quito, Ecuador",2025-06-28
6eda7d41-f855-4a96-abf8-bf7c05f59e6e,What stands out is that the app feels very engaging. It adds to the overall experience.,5,male,"Ho Chi Minh City, Vietnam",2023-12-01
d9fa639d-a4ce-46ad-b511-f2ef07de0e10,"Honestly, i always find entertaining content quickly. It keeps things exciting.",5,male,"Hamburg, Germany",2023-05-03
459b52d7-15b2-4a27-a85e-9f1dafe40687,What stands out is that the app shows content that matches my interests.,5,female,"Asunción, Paraguay",2025-03-23
b62284da-df9a-44f2-93cb-3f440a84033a,"In my experience, it’s very fun and easy to use. It makes the experience better overall.",5,male,"Bangalore, India",2023-10-31
c9e946d6-6783-4b46-a8b2-8a0e44739403,"For me, i like how creative the platform is. It makes using the app enjoyable.",5,male,"Cairo, Egypt",2024-03-06
858e7e08-4d27-45e2-86c1-0c8ab3943519,The best part is that there’s always something new to watch. That’s something I appreciate.,5,female,"San Francisco, United States",2024-12-01
8b905c9b-eac7-4ec3-97c3-3ee44cca0be2,What stands out is that it’s great for discovering trends. It works really well for me.,5,female,"Guayaquil, Ecuador",2025-03-23
35458ad4-4e70-4317-be24-292007e0bd78,I’ve noticed that editing tools are really powerful. It works really well for me.,5,female,"New York, United States",2024-09-12
e546cf9c-ddf3-4023-9f9f-f72d98557795,"Personally, the short videos are perfect for quick entertainment. It works really well for me.",5,female,"San Francisco, United States",2024-09-29
8216da1d-5f2f-4f8d-9dda-4fb1b13b7f68,I’ve noticed that it helps me discover new creators. It definitely stands out.,5,female,"San Antonio, United States",2024-11-17
89bf5555-6e28-4237-bd8b-a3adaca7c6d3,I’d say the app feels very engaging.,5,male,"Jeddah, Saudi Arabia",2023-11-11
0dd26e29-522f-4698-8ac3-ea6dac9dd5b6,One thing I like is that i always find entertaining content quickly. That’s something I appreciate.,5,female,"Ottawa, Canada",2025-01-27
a0d58771-10ef-4492-9d53-f2422004aeb3,What stands out is that the app shows content that matches my interests. It works really well for me.,5,male,"Shenzhen, China",2024-01-12
02eef4ed-5fe1-40e7-8210-d084893b3287,One thing I like is that it’s very fun and easy to use. It works really well for me.,5,female,"Buenos Aires, Argentina",2025-08-01
1cb8d52f-aadd-4cfa-8e0e-c0ad9eae5ffc,One thing I like is that i like how creative the platform is. It adds to the overall experience.,5,female,"Hobart, Australia",2025-09-18
333531cf-8b28-4db3-9b5b-1e1eec557887,"Honestly, there’s always something new to watch. It works really well for me.",5,male,"Cairo, Egypt",2024-03-09
ee650cd9-bcb4-443e-be86-1afe3c44a5fd,The best part is that it’s great for discovering trends. It makes using the app enjoyable.,5,male,"Shanghai, China",2024-01-13
e067509e-9fa7-42a0-9cf1-d2bf37abdb42,What stands out is that editing tools are really powerful. It makes the experience better overall.,5,male,"Budapest, Hungary",2023-07-26
5e9c94ee-3af7-40a3-a8ef-9da36c7fc1c0,"In my experience, the short videos are perfect for quick entertainment. That’s something I appreciate.",5,female,"Philadelphia, United States",2024-10-14
87fc16fc-5423-4de8-87c1-947b1a199a48,"Honestly, it helps me discover new creators. That’s something I appreciate.",5,female,"Washington DC, United States",2025-01-23
b6062a9f-d623-4642-ab3c-04ebc1aee58c,The best part is that the app feels very engaging. It adds to the overall experience.,5,male,"Kampala, Uganda",2024-05-07
8bb93f9c-f45a-462c-a4a1-0f5b4768a045,I’d say i always find entertaining content quickly. It keeps things exciting.,5,male,"Delhi, India",2024-01-12
0485eaf5-aef4-46ad-912b-40578915d88d,"For me, the app shows content that matches my interests. It definitely stands out.",5,male,"Hamburg, Germany",2023-05-18
0158c40e-7f82-4b37-8872-e72b81572c5d,What stands out is that it’s very fun and easy to use. It works really well for me.,5,female,"Caracas, Venezuela",2025-06-25
36ec4ce8-6b37-4a03-9d8f-b62c7b66fb07,The best part is that i like how creative the platform is.,5,female,"Washington DC, United States",2024-11-04
2044e207-49f1-4b99-80f8-05c04a1b96b0,I’ve noticed that there’s always something new to watch. It adds to the overall experience.,5,male,"Tokyo, Japan",2023-09-02
5f904bd5-23cc-41dd-931b-045c24e4208b,One thing I like is that it’s great for discovering trends. It makes using the app enjoyable.,5,male,"Calgary, Canada",2024-07-01
c528cfd7-6db6-4a50-aa61-972323be1708,What stands out is that editing tools are really powerful. It works really well for me.,5,male,"Berlin, Germany",2023-08-01
df0437e2-c7b8-4446-9c10-080f5bb77e0e,"In my experience, the short videos are perfect for quick entertainment.",5,female,"Sydney, Australia",2025-10-12
784c9bc6-c6bb-4843-bbfe-cab91c346bc6,"In my experience, it helps me discover new creators. It makes the experience better overall.",5,male,"Barcelona, Spain",2023-04-15
c1ad5d4f-0fae-4eab-8634-b65767e6cc8c,"Personally, the app feels very engaging. It makes the experience better overall.",5,female,"Port Moresby, Papua New Guinea",2025-11-26
b1680298-25e3-4cee-a3c5-17ad4c957c52,What stands out is that i always find entertaining content quickly. That’s something I appreciate.,5,female,"San Diego, United States",2024-10-04
ab9fd7c2-9350-4c0e-88d9-c45b7d953e55,"Personally, the app shows content that matches my interests.",5,female,"Canberra, Australia",2025-10-14
b82e865b-8d79-4781-b009-4e66592d8ee1,What stands out is that it’s very fun and easy to use. It makes using the app enjoyable.,5,female,"Brasília, Brazil",2025-04-20
0f417f67-69fc-459b-b6dd-87f623d2bc1b,"For me, i like how creative the platform is.",5,male,"Brussels, Belgium",2023-06-16
66faac6b-3a8d-435c-a710-ca2043281fe4,"So far, there’s always something new to watch. It keeps things exciting.",5,female,"Washington DC, United States",2024-07-24
cb33dd7f-d2f7-4fe4-9832-6d929f24bceb,What stands out is that it’s great for discovering trends. It makes using the app enjoyable.,5,female,"Perth, Australia",2025-09-30
f0daa21d-12b3-4c08-b967-e9ed85a2d36d,"Personally, editing tools are really powerful.",5,female,"Montevideo, Uruguay",2025-06-20
77300e5e-301f-4b05-87d5-f75834034262,"Honestly, the short videos are perfect for quick entertainment. It definitely stands out.",5,female,"Valparaíso, Chile",2025-06-28
6b5fef84-a840-4355-817f-de4484712c31,I’d say it helps me discover new creators. It makes the experience better overall.,5,female,"Sydney, Australia",2025-12-07
c0b0068c-38e0-4d47-99b9-345788347823,I’d say the app feels very engaging.,5,female,"San Antonio, United States",2024-09-05
fb4d45f9-1eb8-4bfa-b1b0-50f80b71bf2d,What stands out is that i always find entertaining content quickly. That’s something I appreciate.,5,female,"Adelaide, Australia",2025-09-26
be015943-8eef-412f-a5c6-01906e5c27dc,"Honestly, the app shows content that matches my interests. It keeps things exciting.",5,male,"Kathmandu, Nepal",2023-12-05
a40c1a97-b857-4904-a909-b9329a446c31,"So far, it’s very fun and easy to use. That’s something I appreciate.",5,male,"Cairo, Egypt",2024-03-19
bbab55f2-821b-40b0-88c5-7d7e09b528f0,"Honestly, i like how creative the platform is. It makes the experience better overall.",5,female,"Canberra, Australia",2025-09-05
1f8dc569-f6b2-4724-8da6-9f8de67dcc1e,"For me, there’s always something new to watch. It definitely stands out.",5,female,"Seattle, United States",2024-09-27
47cbe910-688d-4e5b-89db-4363d879878f,What stands out is that it’s great for discovering trends. It makes the experience better overall.,5,male,"Jakarta, Indonesia",2023-09-14
c84a7f93-c06a-4c8f-964a-5e95e23d6cf0,"Honestly, editing tools are really powerful. It adds to the overall experience.",5,female,"Houston, United States",2024-10-04
51b58d22-6988-4887-997c-4881a61f67cc,"Honestly, the short videos are perfect for quick entertainment. It works really well for me.",5,male,"Osaka, Japan",2023-09-13
7a628d10-110a-4482-a4c9-ab861bb2b212,"So far, it helps me discover new creators. It works really well for me.",5,male,"Mombasa, Kenya",2024-03-18
9884fc1a-76f0-45ab-9cb4-fbd12b4199fb,The best part is that the app feels very engaging. It makes the experience better overall.,5,female,"Queenstown, New Zealand",2025-08-27
ed41c8cd-1565-4b0b-9a57-eb55335859ae,What stands out is that i always find entertaining content quickly. It keeps things exciting.,5,male,"Tripoli, Libya",2024-02-08
b93642e3-5b06-4612-a99f-0820f695c369,One thing I like is that the app shows content that matches my interests. It definitely stands out.,5,male,"Stockholm, Sweden",2023-07-27
c8ec49f9-6b0e-496d-b662-94bccb642456,"Honestly, it’s very fun and easy to use. It adds to the overall experience.",5,female,"Valparaíso, Chile",2025-07-05
0adc9977-9510-4ed3-a20c-8a1053dfe484,"Honestly, i like how creative the platform is.",5,male,"Chennai, India",2023-11-09
1e1a4b07-4929-43c0-94c4-106ed6492f39,"So far, there’s always something new to watch. That’s something I appreciate.",5,male,"Bangalore, India",2023-09-07
46b64eae-5b45-4218-8e30-7ec881c2994e,"Honestly, it’s great for discovering trends. It adds to the overall experience.",5,male,"Tripoli, Libya",2024-01-28
58074f18-9d92-4400-a518-ec54a705d0a9,"Personally, editing tools are really powerful. That’s something I appreciate.",5,female,"Vancouver, Canada",2024-08-17
50218381-3846-4811-84b6-5e8b6c22c1f9,"In my experience, the short videos are perfect for quick entertainment. It makes the experience better overall.",5,male,"Accra, Ghana",2024-03-02
441e9724-8bad-48eb-a76d-3a13bf6a9cc1,The best part is that it helps me discover new creators.,5,male,"New York, United States",2024-07-01
ae855ed9-9ee0-4dd4-aac9-7369c95dd09d,"Personally, the app feels very engaging. That’s something I appreciate.",5,male,"Manchester, United Kingdom",2023-04-06
c75f0188-2722-48a4-8a01-881ad3be676f,"In my experience, i always find entertaining content quickly. It works really well for me.",5,female,"Canberra, Australia",2025-11-21
233cba92-dd57-4bfc-bc7f-6ba2a4e76846,"Honestly, the app shows content that matches my interests. It keeps things exciting.",5,male,"Manila, Philippines",2023-09-29
ae41c0df-5349-43f5-87da-2ddb93283efc,"In my experience, it’s very fun and easy to use. It keeps things exciting.",5,female,"Brisbane, Australia",2025-12-21
4cf84b83-3bd2-4a1d-b58c-1d3672c76a56,I’ve noticed that i like how creative the platform is. It adds to the overall experience.,5,male,"Singapore, Singapore",2023-12-22
fc76eefc-4fbf-4f7d-a5f8-b07c8f691e8b,I’d say there’s always something new to watch. It makes using the app enjoyable.,5,female,"Jacksonville, United States",2025-02-06
1179a7eb-ac02-4cbc-9389-d00a824f7db1,"So far, it’s great for discovering trends. It works really well for me.",5,male,"Lusaka, Zambia",2024-01-24
4ef4630d-484e-46e5-bee6-9143993e7d86,"So far, editing tools are really powerful. It definitely stands out.",5,female,"San Jose, United States",2024-11-13
386c32c8-a5f6-46fe-a988-438e6d6e11d4,"In my experience, the short videos are perfect for quick entertainment. That’s something I appreciate.",5,female,"Suva, Fiji",2025-09-23
9234c35d-d33c-496e-8854-94770f104aa9,I’d say it helps me discover new creators. It definitely stands out.,5,male,"Barcelona, Spain",2023-06-20
4c473063-d17a-4c76-bf14-312091ca9731,I’d say the app feels very engaging. It works really well for me.,5,female,"Monterrey, Mexico",2024-11-14
84fa230b-f645-4ec3-841f-97b7b8b4d29b,What stands out is that i always find entertaining content quickly. It makes using the app enjoyable.,5,female,"Quito, Ecuador",2025-03-27
6aa9d799-e448-4bf7-aa6b-4b1fd3f45cf8,"So far, the app shows content that matches my interests. That’s something I appreciate.",5,male,"Glasgow, United Kingdom",2023-05-06
a88a263f-cbd3-4c43-83c0-6d513ff07d03,I’d say it’s very fun and easy to use. It makes using the app enjoyable.,5,female,"Chicago, United States",2025-01-06
2a12126a-8da2-4ca2-a8df-eaeff54788c8,The best part is that i like how creative the platform is. It makes using the app enjoyable.,5,male,"Kathmandu, Nepal",2023-08-28
459c72c1-5e30-4a31-beb4-fec19f0f7c1e,"In my experience, there’s always something new to watch. It definitely stands out.",5,male,"Bangkok, Thailand",2023-09-28
c33efd55-9680-43e9-8d06-ac64a327b0e5,I’ve noticed that it’s great for discovering trends. That’s something I appreciate.,5,female,"Dallas, United States",2025-03-07
3586fd3a-a968-42f3-9079-1f663c37f601,I’d say editing tools are really powerful. It definitely stands out.,5,female,"Asunción, Paraguay",2025-07-20
319a8ed8-15c6-4059-b66c-f58c71a10754,"Honestly, the short videos are perfect for quick entertainment. It adds to the overall experience.",5,male,"Casablanca, Morocco",2024-01-15
f471d65e-f8e7-41f3-b53e-f785cf0d47a9,The best part is that it helps me discover new creators. It keeps things exciting.,5,female,"São Paulo, Brazil",2025-07-12
f878240c-e793-4689-a7a3-0ca0d520838d,I’d say the app feels very engaging. It works really well for me.,5,male,"Dar es Salaam, Tanzania",2024-03-25
81dc9599-411c-4eec-ad71-a8dccfb016ae,"In my experience, i always find entertaining content quickly. It works really well for me.",5,male,"Stockholm, Sweden",2023-03-31
091c3216-da3b-4895-b6bc-a0183d4bdf32,"In my experience, the app shows content that matches my interests. It works really well for me.",5,male,"Mumbai, India",2023-12-15
c9e2429c-e08d-4b02-b92f-720ccb241cc7,"For me, it’s very fun and easy to use. It definitely stands out.",5,male,"Guadalajara, Mexico",2024-06-24
397d1328-9253-46e7-bb93-7f252fffcd4f,What stands out is that i like how creative the platform is. It makes using the app enjoyable.,5,female,"San Jose, United States",2024-08-19
5e125511-f3d8-40d7-99cc-e0cc4d7d2f4f,One thing I like is that there’s always something new to watch.,5,male,"Pretoria, South Africa",2024-01-30
47896f15-59da-46fc-815b-2c32004aebd7,"Honestly, it’s great for discovering trends. It definitely stands out.",5,female,"New York, United States",2024-08-27
6055c485-e849-47b4-b3bf-387318296201,"So far, editing tools are really powerful. It makes the experience better overall.",5,male,"Copenhagen, Denmark",2023-05-22
d76f412c-4ea8-41f7-b088-876dc84b2bf3,I’d say the short videos are perfect for quick entertainment. It makes using the app enjoyable.,5,male,"Paris, France",2023-06-30
be0fbbd2-a504-4812-aec6-49a10bf79b93,The best part is that it helps me discover new creators. That’s something I appreciate.,5,male,"Riyadh, Saudi Arabia",2023-12-01
bf277703-9829-40a2-a359-ab3372c63e64,The best part is that the app feels very engaging. It makes the experience better overall.,5,male,"Cairo, Egypt",2024-02-25
10745381-c620-4371-a67d-1e3f2dde71a7,The best part is that i always find entertaining content quickly. It works really well for me.,5,female,"Quebec City, Canada",2024-07-29
1a986c89-0380-4ff2-ac7e-38697d1d9c55,"So far, the app shows content that matches my interests.",5,female,"Austin, United States",2025-02-07
14f4cf79-e44e-48f4-bd7b-1a4341059b4a,"Honestly, it’s very fun and easy to use. It makes the experience better overall.",5,male,"Hamburg, Germany",2023-05-19
d59608f0-69b5-4b32-9084-33f4fc63d76f,I’d say i like how creative the platform is. It keeps things exciting.,5,female,"Montevideo, Uruguay",2025-07-19
c7fd923c-6773-42f1-a109-2a2ee0c40bc1,"Personally, there’s always something new to watch. That’s something I appreciate.",5,male,"Krakow, Poland",2023-08-13
bcf98e55-70a4-4b60-b19e-8fa60d462aad,What stands out is that it’s great for discovering trends. That’s something I appreciate.,5,female,"Vancouver, Canada",2024-09-17
a18fec78-24c6-4a82-9568-246504ebdb45,"So far, editing tools are really powerful. It makes the experience better overall.",5,male,"Cairo, Egypt",2024-03-30
60d30576-310a-449a-ba10-ea401bc68498,"So far, the short videos are perfect for quick entertainment. That’s something I appreciate.",5,female,"Caracas, Venezuela",2025-07-01
59b98266-ae3d-4136-880d-e0ecc350d591,I’ve noticed that it helps me discover new creators. It works really well for me.,5,female,"Santa Cruz, Bolivia",2025-07-09
5b96bebe-7108-4f43-ae96-7e5c5c0209a5,"In my experience, the app feels very engaging. It works really well for me.",5,female,"Adelaide, Australia",2025-11-22
3e3ae16e-ffb3-41c0-a5e9-0395adc117f0,"In my experience, i always find entertaining content quickly. It adds to the overall experience.",5,female,"San Jose, United States",2024-12-28
353d6978-e2ef-4bc7-a3b8-df03cdcf169b,I’d say the app shows content that matches my interests. It adds to the overall experience.,5,male,"Jakarta, Indonesia",2024-01-09
2bb98ec5-512c-4727-b201-b24edaed0d24,"So far, it’s very fun and easy to use. It adds to the overall experience.",5,female,"Santa Cruz, Bolivia",2025-07-21
d129adfa-9eda-4cad-aebf-5e405239bbaa,I’ve noticed that i like how creative the platform is. It makes using the app enjoyable.,5,female,"Christchurch, New Zealand",2025-10-18
2b679436-e3b0-4368-9e6e-877e45ec1f80,One thing I like is that there’s always something new to watch. It definitely stands out.,5,male,"Singapore, Singapore",2024-01-14
3ce855cd-e90c-4726-b121-2abe57bdafc9,What stands out is that it’s great for discovering trends.,5,female,"Melbourne, Australia",2025-12-22
ec2dfcd1-4c21-4dbe-80ed-a4dcc887c310,"So far, editing tools are really powerful. It keeps things exciting.",5,male,"Amsterdam, Netherlands",2023-05-15
f75a9dc7-1212-440e-8e9d-ab95c679ee71,"In my experience, the short videos are perfect for quick entertainment.",5,female,"Denver, United States",2024-11-09
f9447d0e-e157-430d-a53c-ecdb6654fe65,The best part is that it helps me discover new creators. It definitely stands out.,5,male,"Hanoi, Vietnam",2023-11-08
86f78d33-6933-4e6d-bdf8-b17669db23c6,"Personally, the app feels very engaging.",5,male,"Abu Dhabi, United Arab Emirates",2023-12-26
b3a42727-7993-45c0-a0c2-ea95351654ca,What stands out is that i always find entertaining content quickly. It definitely stands out.,5,male,"Lahore, Pakistan",2023-09-28
2cd1b0a4-676a-489c-b8eb-f2a3a896ee9e,One thing I like is that the app shows content that matches my interests. It works really well for me.,5,female,"Boston, United States",2024-10-19
80d0491e-cccc-4396-8a69-04819e0a6fee,"So far, it’s very fun and easy to use. It adds to the overall experience.",5,male,"Athens, Greece",2023-06-10
0ee7bfc0-5652-498b-9bfd-83655c72655c,I’d say i like how creative the platform is. It makes the experience better overall.,5,female,"Suva, Fiji",2025-09-10
c756cd66-6485-4ed3-9fa0-4b6dd91e44d0,"For me, there’s always something new to watch. It definitely stands out.",5,female,"Auckland, New Zealand",2025-11-19
4e8a0534-9595-4168-a3ac-1d7b62aaa8c0,What stands out is that it’s great for discovering trends. It definitely stands out.,5,female,"New York, United States",2025-01-18
c174704f-66bb-4f9d-b341-7371f0a16162,"In my experience, editing tools are really powerful. That’s something I appreciate.",5,male,"Johannesburg, South Africa",2024-02-11
f29149a7-9280-4ce7-b4ad-499229a462f1,"In my experience, the short videos are perfect for quick entertainment. It keeps things exciting.",5,male,"Abu Dhabi, United Arab Emirates",2023-10-14
9b646bad-2683-4792-8416-b9eb17573e3a,"So far, it helps me discover new creators.",5,male,"Bangalore, India",2023-12-29
da03bbf3-d61f-4728-af15-b0195620613a,"In my experience, the app feels very engaging. It definitely stands out.",5,female,"Austin, United States",2024-07-14
09addda6-fa7b-4494-a84e-303c58bb7129,One thing I like is that i always find entertaining content quickly. It keeps things exciting.,5,female,"Guayaquil, Ecuador",2025-06-21
8f3cdcd9-e903-40bd-8722-f11e993d92c3,I’d say the app shows content that matches my interests. That’s something I appreciate.,5,female,"Cancun, Mexico",2024-08-08
8966af26-a9da-4166-8544-d59364eeaf93,"Honestly, it’s very fun and easy to use. It makes the experience better overall.",5,male,"Guangzhou, China",2023-11-30
2f7e5e91-cca8-4690-915b-6473d8a42565,"In my experience, i like how creative the platform is. It definitely stands out.",5,male,"Madrid, Spain",2023-04-06
e51d450a-0862-40d7-821b-57e4b5f60216,"In my experience, there’s always something new to watch.",5,male,"Kathmandu, Nepal",2023-09-22
fa461a28-93b3-4cf3-a130-0cd153686b4f,One thing I like is that it’s great for discovering trends. It works really well for me.,5,female,"Santa Cruz, Bolivia",2025-04-22
503ec906-add7-45a4-812d-82282d4708c2,"Honestly, editing tools are really powerful. It keeps things exciting.",5,female,"Cancun, Mexico",2024-12-29
758402b7-ad04-4dd5-83ee-b78e0ad742b6,"Personally, the short videos are perfect for quick entertainment. It keeps things exciting.",5,male,"Monterrey, Mexico",2024-06-22
3894bf2a-0bfe-490e-aa80-dc1ec139a705,The best part is that it helps me discover new creators. It adds to the overall experience.,5,female,"Hobart, Australia",2025-09-30
ffd09205-d92a-431c-96ab-94eb91b2eb14,"In my experience, the app feels very engaging.",5,female,"Calgary, Canada",2024-08-03
b051269c-5d0a-4812-a71c-709b0e6519c0,One thing I like is that i always find entertaining content quickly. It works really well for me.,5,female,"Denver, United States",2024-12-03
cf7340da-fdbd-40e5-8d5c-aac0db097daf,"Personally, the app shows content that matches my interests. It adds to the overall experience.",5,female,"Houston, United States",2024-10-28
58f55caa-7cd9-4768-a34c-11c7757cd0b5,"In my experience, it’s very fun and easy to use. That’s something I appreciate.",5,male,"Abuja, Nigeria",2024-06-01
e320acaf-ade5-411d-acc2-53751c03c7f7,"Honestly, i like how creative the platform is. It definitely stands out.",5,male,"Copenhagen, Denmark",2023-03-23
5f4bfe9d-6fe5-4415-8ed0-792b34108b83,The best part is that there’s always something new to watch. It keeps things exciting.,5,male,"Valencia, Spain",2023-03-29
6a2c98d3-b495-46cd-a3ca-b57e58735d23,I’ve noticed that it’s great for discovering trends. It makes the experience better overall.,5,male,"Seville, Spain",2023-07-26
db0d8671-b508-4477-aa26-07163ed8ff0a,What stands out is that editing tools are really powerful. It makes the experience better overall.,5,female,"La Paz, Bolivia",2025-07-19
e01502fe-500e-455d-a2d5-eb5243c9451a,I’d say the short videos are perfect for quick entertainment.,5,female,"Chicago, United States",2025-01-05
6b26ebdb-eddc-45bc-8519-e8a6a8c8d55c,The best part is that it helps me discover new creators. It keeps things exciting.,5,female,"Bogotá, Colombia",2025-03-16
54f7ed9d-cb29-4456-befe-c0c8ade79ef1,"In my experience, the app feels very engaging. It makes using the app enjoyable.",5,female,"Jacksonville, United States",2024-09-18
a3014681-4b1b-428e-bc0b-fca2d7b6731e,"Personally, i always find entertaining content quickly. It makes using the app enjoyable.",5,female,"San Francisco, United States",2024-11-17
6f9c11f7-d049-49fb-b045-aba3fd3435b4,"So far, the app shows content that matches my interests. It makes using the app enjoyable.",5,male,"Hamburg, Germany",2023-06-04
7e44cae8-47fd-4ea2-b7b6-73f2cb1de0b6,"So far, it’s very fun and easy to use. It works really well for me.",5,male,"Bali, Indonesia",2023-10-19
c23405c7-1562-4d88-ba74-ef79f39c2fd7,"For me, i like how creative the platform is. It works really well for me.",5,female,"Wellington, New Zealand",2025-12-07
7609402d-d8dd-4dda-a757-91c9a97fbf1c,"Honestly, there’s always something new to watch. It works really well for me.",5,female,"Boston, United States",2024-09-14
85547bcc-4ee1-4bf8-b4c8-0df3b294afba,What stands out is that it’s great for discovering trends. That’s something I appreciate.,5,female,"Suva, Fiji",2025-12-17
91468c77-275b-44bc-b1a6-a1a5d25aa38b,One thing I like is that editing tools are really powerful. It adds to the overall experience.,5,male,"Shenzhen, China",2023-09-16
33f8841c-fbf4-4c6f-817a-3d91472a5061,I’d say the short videos are perfect for quick entertainment. That’s something I appreciate.,5,female,"Santa Cruz, Bolivia",2025-03-18
f4e5e034-0200-4bd6-ae6e-5f2ca142a072,"Honestly, it helps me discover new creators. It adds to the overall experience.",5,male,"Riyadh, Saudi Arabia",2023-08-26
67d14f04-359c-46ef-9049-988998174fbe,I’ve noticed that the app feels very engaging. It keeps things exciting.,5,male,"Seoul, South Korea",2023-11-07
4efd1e8f-8173-4785-bcb6-649a828009e7,The best part is that i always find entertaining content quickly. It definitely stands out.,5,male,"Riyadh, Saudi Arabia",2023-12-11
be12c06a-adc7-441d-bf48-429567e9d4c7,"So far, the app shows content that matches my interests. That’s something I appreciate.",5,male,"Frankfurt, Germany",2023-03-30
e543a132-e7b5-4356-9d7a-92e225740843,"So far, it’s very fun and easy to use. It keeps things exciting.",5,male,"Hanoi, Vietnam",2024-01-09
6ebda8ec-a8af-4589-937d-77c81ee565f5,"In my experience, i like how creative the platform is. It keeps things exciting.",5,female,"Montreal, Canada",2024-08-08
72218c5b-8213-4336-a99a-3b9fc3870b25,"For me, there’s always something new to watch. It definitely stands out.",5,male,"Shanghai, China",2023-10-21
2f6b792f-c461-441a-8a2a-0f6afc374c86,"In my experience, it’s great for discovering trends. That’s something I appreciate.",5,male,"Abu Dhabi, United Arab Emirates",2023-11-14
30e2b0ea-acf1-4b64-ba1e-76cb2ee0dd18,"In my experience, editing tools are really powerful. That’s something I appreciate.",5,female,"Rosario, Argentina",2025-07-23
c604c03e-0de6-48a8-bcbe-221875db8345,"Personally, the short videos are perfect for quick entertainment. It works really well for me.",5,male,"Edinburgh, United Kingdom",2023-03-26
3c33cb79-33b7-4757-b6ec-e456cdd07cdb,The best part is that it helps me discover new creators. It keeps things exciting.,5,female,"Lima, Peru",2025-07-07
542ed301-56a0-4c4e-9c8b-93c950a26e39,"So far, the app feels very engaging. It definitely stands out.",5,male,"Durban, South Africa",2024-05-07
e07c625d-2c0f-4397-b5c2-903fb7198340,What stands out is that i always find entertaining content quickly. It keeps things exciting.,5,male,"Dar es Salaam, Tanzania",2024-02-27
bab23c70-7385-4539-bc86-af953704c87b,I’d say the app shows content that matches my interests.,5,male,"Warsaw, Poland",2023-06-10
d77c0691-bfc5-4eb6-9481-415364cb0bf3,"So far, it’s very fun and easy to use. It makes using the app enjoyable.",5,male,"Jerusalem, Israel",2023-12-24
66851fed-4860-4ff0-b0e7-82d1ab45399e,I’d say i like how creative the platform is. It makes using the app enjoyable.,5,male,"Valencia, Spain",2023-05-04
b6514364-3bc7-4ef9-98ba-7c6c7b61b46a,One thing I like is that there’s always something new to watch. It makes using the app enjoyable.,5,male,"Addis Ababa, Ethiopia",2024-01-21
c639464f-423b-42d8-9893-a9f4d24cc658,I’ve noticed that it’s great for discovering trends. That’s something I appreciate.,5,male,"Jeddah, Saudi Arabia",2023-11-03
919a0448-a388-4531-9126-a53a478857f4,"In my experience, editing tools are really powerful. It adds to the overall experience.",5,male,"Marrakesh, Morocco",2024-03-24
1036c407-4744-44de-828e-5fefb2c388d9,One thing I like is that the short videos are perfect for quick entertainment. It definitely stands out.,5,female,"San Diego, United States",2024-08-13
9f20ff91-b6e2-4130-8b17-7af53832247d,"For me, it helps me discover new creators. It definitely stands out.",5,female,"Bogotá, Colombia",2025-05-11
7c989fc8-1691-4119-89a5-450fae4e61db,What stands out is that the app feels very engaging.,5,female,"Tijuana, Mexico",2024-11-26
0e1a86a4-dd60-4a06-870a-8c59bb55b7c6,What stands out is that i always find entertaining content quickly. It makes using the app enjoyable.,5,female,"Queenstown, New Zealand",2025-12-08
1fce8ee5-30a1-4747-b5b2-66a046eedfb1,I’ve noticed that the app shows content that matches my interests. It makes the experience better overall.,5,male,"Ho Chi Minh City, Vietnam",2023-09-08
fb58ef24-41c4-41c6-9e73-3529fc68c38d,One thing I like is that it’s very fun and easy to use. It definitely stands out.,5,female,"Hobart, Australia",2025-11-10
e6d19083-e5ea-4199-99bd-ebefeac14cb0,"For me, i like how creative the platform is. It makes using the app enjoyable.",5,female,"Dallas, United States",2025-02-07
eea7bff9-4d4b-4f0c-b00f-256efac010f6,"In my experience, there’s always something new to watch. It makes the experience better overall.",5,male,"Lusaka, Zambia",2024-02-22
41bba477-d555-45bb-9d43-ff15797cb9fe,What stands out is that it’s great for discovering trends. It makes using the app enjoyable.,5,male,"Vienna, Austria",2023-04-12
f42f1038-c7c1-4980-afb5-446e530ec927,The best part is that editing tools are really powerful. It definitely stands out.,5,female,"San Francisco, United States",2025-01-10
7a6e3b18-3548-477f-9c7a-2c3ccd936444,One thing I like is that the short videos are perfect for quick entertainment. It makes the experience better overall.,5,male,"Alexandria, Egypt",2024-02-01
8a2b3f64-8a61-4d18-9e3d-c30b2cf88d21,"Honestly, it helps me discover new creators.",5,male,"Amsterdam, Netherlands",2023-06-23
8cc8521d-eba4-48fd-81a0-9d87f9db7c32,I’d say the app feels very engaging. It works really well for me.,5,male,"Riyadh, Saudi Arabia",2023-11-22
ce50356a-8cc4-4c55-8946-939e24d44e84,Perfect,5,male,"Accra, Ghana",2024-03-23
